Time(s),Raw_Voltage,Smoothed_Envelope
1.080036163330078125e-04,0.000000000000000000e+00,0.000000000000000000e+00
5.001616477966308594e-02,0.000000000000000000e+00,0.000000000000000000e+00
1.101090908050537109e-01,0.000000000000000000e+00,0.000000000000000000e+00
1.121659278869628906e-01,0.000000000000000000e+00,0.000000000000000000e+00
1.329700946807861328e-01,0.000000000000000000e+00,0.000000000000000000e+00
1.501278877258300781e-01,0.000000000000000000e+00,0.000000000000000000e+00
1.769149303436279297e-01,0.000000000000000000e+00,0.000000000000000000e+00
1.940691471099853516e-01,0.000000000000000000e+00,0.000000000000000000e+00
2.170131206512451172e-01,0.000000000000000000e+00,0.000000000000000000e+00
2.337801456451416016e-01,0.000000000000000000e+00,0.000000000000000000e+00
2.550950050354003906e-01,0.000000000000000000e+00,0.000000000000000000e+00
2.714040279388427734e-01,0.000000000000000000e+00,0.000000000000000000e+00
2.946681976318359375e-01,0.000000000000000000e+00,0.000000000000000000e+00
3.121490478515625000e-01,0.000000000000000000e+00,0.000000000000000000e+00
3.370850086212158203e-01,0.000000000000000000e+00,0.000000000000000000e+00
3.539919853210449219e-01,0.000000000000000000e+00,0.000000000000000000e+00
3.766222000122070312e-01,0.000000000000000000e+00,0.000000000000000000e+00
3.944640159606933594e-01,0.000000000000000000e+00,0.000000000000000000e+00
4.192361831665039062e-01,0.000000000000000000e+00,0.000000000000000000e+00
4.370079040527343750e-01,0.000000000000000000e+00,0.000000000000000000e+00
4.610371589660644531e-01,0.000000000000000000e+00,0.000000000000000000e+00
4.787070751190185547e-01,0.000000000000000000e+00,0.000000000000000000e+00
5.027511119842529297e-01,0.000000000000000000e+00,0.000000000000000000e+00
5.195710659027099609e-01,0.000000000000000000e+00,0.000000000000000000e+00
5.439131259918212891e-01,0.000000000000000000e+00,0.000000000000000000e+00
5.618209838867187500e-01,0.000000000000000000e+00,0.000000000000000000e+00
5.843970775604248047e-01,0.000000000000000000e+00,0.000000000000000000e+00
6.011149883270263672e-01,0.000000000000000000e+00,0.000000000000000000e+00
6.228811740875244141e-01,0.000000000000000000e+00,0.000000000000000000e+00
6.388781070709228516e-01,0.000000000000000000e+00,0.000000000000000000e+00
6.600410938262939453e-01,0.000000000000000000e+00,0.000000000000000000e+00
6.757872104644775391e-01,0.000000000000000000e+00,0.000000000000000000e+00
6.970791816711425781e-01,0.000000000000000000e+00,0.000000000000000000e+00
7.132260799407958984e-01,0.000000000000000000e+00,0.000000000000000000e+00
7.342059612274169922e-01,0.000000000000000000e+00,0.000000000000000000e+00
7.500491142272949219e-01,0.000000000000000000e+00,0.000000000000000000e+00
7.713570594787597656e-01,0.000000000000000000e+00,0.000000000000000000e+00
7.871501445770263672e-01,0.000000000000000000e+00,0.000000000000000000e+00
8.081061840057373047e-01,0.000000000000000000e+00,0.000000000000000000e+00
8.239471912384033203e-01,0.000000000000000000e+00,0.000000000000000000e+00
8.450281620025634766e-01,0.000000000000000000e+00,0.000000000000000000e+00
8.612601757049560547e-01,0.000000000000000000e+00,0.000000000000000000e+00
8.823161125183105469e-01,0.000000000000000000e+00,0.000000000000000000e+00
8.981831073760986328e-01,0.000000000000000000e+00,0.000000000000000000e+00
9.190869331359863281e-01,0.000000000000000000e+00,0.000000000000000000e+00
9.350850582122802734e-01,0.000000000000000000e+00,0.000000000000000000e+00
9.562959671020507812e-01,0.000000000000000000e+00,0.000000000000000000e+00
9.721212387084960938e-01,0.000000000000000000e+00,0.000000000000000000e+00
9.932181835174560547e-01,0.000000000000000000e+00,0.000000000000000000e+00
1.009028196334838867e+00,0.000000000000000000e+00,0.000000000000000000e+00
1.031443119049072266e+00,0.000000000000000000e+00,0.000000000000000000e+00
1.047496080398559570e+00,0.000000000000000000e+00,0.000000000000000000e+00
1.068407058715820312e+00,0.000000000000000000e+00,0.000000000000000000e+00
1.084136009216308594e+00,0.000000000000000000e+00,0.000000000000000000e+00
1.105448007583618164e+00,0.000000000000000000e+00,0.000000000000000000e+00
1.121858119964599609e+00,0.000000000000000000e+00,0.000000000000000000e+00
1.142833948135375977e+00,0.000000000000000000e+00,0.000000000000000000e+00
1.158655166625976562e+00,0.000000000000000000e+00,0.000000000000000000e+00
1.179967164993286133e+00,0.000000000000000000e+00,0.000000000000000000e+00
1.195800065994262695e+00,0.000000000000000000e+00,0.000000000000000000e+00
1.217277050018310547e+00,0.000000000000000000e+00,0.000000000000000000e+00
1.234544992446899414e+00,0.000000000000000000e+00,0.000000000000000000e+00
1.256568193435668945e+00,0.000000000000000000e+00,0.000000000000000000e+00
1.273066997528076172e+00,0.000000000000000000e+00,0.000000000000000000e+00
1.295076847076416016e+00,0.000000000000000000e+00,0.000000000000000000e+00
1.311526060104370117e+00,0.000000000000000000e+00,0.000000000000000000e+00
1.333346128463745117e+00,0.000000000000000000e+00,0.000000000000000000e+00
1.349571228027343750e+00,0.000000000000000000e+00,0.000000000000000000e+00
1.370900154113769531e+00,0.000000000000000000e+00,0.000000000000000000e+00
1.387415170669555664e+00,0.000000000000000000e+00,0.000000000000000000e+00
1.409088134765625000e+00,0.000000000000000000e+00,0.000000000000000000e+00
1.426692247390747070e+00,0.000000000000000000e+00,0.000000000000000000e+00
1.448716163635253906e+00,0.000000000000000000e+00,0.000000000000000000e+00
1.465515136718750000e+00,0.000000000000000000e+00,0.000000000000000000e+00
1.487556934356689453e+00,0.000000000000000000e+00,0.000000000000000000e+00
1.504273891448974609e+00,0.000000000000000000e+00,0.000000000000000000e+00
1.526385068893432617e+00,0.000000000000000000e+00,0.000000000000000000e+00
1.543256044387817383e+00,0.000000000000000000e+00,0.000000000000000000e+00
1.566477060317993164e+00,0.000000000000000000e+00,0.000000000000000000e+00
1.583268880844116211e+00,0.000000000000000000e+00,0.000000000000000000e+00
1.605233907699584961e+00,0.000000000000000000e+00,0.000000000000000000e+00
1.623436212539672852e+00,0.000000000000000000e+00,0.000000000000000000e+00
1.646078109741210938e+00,0.000000000000000000e+00,0.000000000000000000e+00
1.663312911987304688e+00,0.000000000000000000e+00,0.000000000000000000e+00
1.685804128646850586e+00,0.000000000000000000e+00,0.000000000000000000e+00
1.703539133071899414e+00,0.000000000000000000e+00,0.000000000000000000e+00
1.725882053375244141e+00,0.000000000000000000e+00,0.000000000000000000e+00
1.743379116058349609e+00,0.000000000000000000e+00,0.000000000000000000e+00
1.765871047973632812e+00,0.000000000000000000e+00,0.000000000000000000e+00
1.783135175704956055e+00,0.000000000000000000e+00,0.000000000000000000e+00
1.805465936660766602e+00,0.000000000000000000e+00,0.000000000000000000e+00
1.822654008865356445e+00,0.000000000000000000e+00,0.000000000000000000e+00
1.844621181488037109e+00,0.000000000000000000e+00,0.000000000000000000e+00
1.861532926559448242e+00,0.000000000000000000e+00,0.000000000000000000e+00
1.883460998535156250e+00,0.000000000000000000e+00,0.000000000000000000e+00
1.900259256362915039e+00,0.000000000000000000e+00,0.000000000000000000e+00
1.922024011611938477e+00,0.000000000000000000e+00,0.000000000000000000e+00
1.938948869705200195e+00,0.000000000000000000e+00,0.000000000000000000e+00
1.960765123367309570e+00,0.000000000000000000e+00,0.000000000000000000e+00
1.978252172470092773e+00,0.000000000000000000e+00,0.000000000000000000e+00
2.000440120697021484e+00,0.000000000000000000e+00,0.000000000000000000e+00
2.018248081207275391e+00,0.000000000000000000e+00,0.000000000000000000e+00
2.042467117309570312e+00,0.000000000000000000e+00,0.000000000000000000e+00
2.060338020324707031e+00,0.000000000000000000e+00,0.000000000000000000e+00
2.083492279052734375e+00,0.000000000000000000e+00,0.000000000000000000e+00
2.101323127746582031e+00,0.000000000000000000e+00,0.000000000000000000e+00
2.124211072921752930e+00,0.000000000000000000e+00,0.000000000000000000e+00
2.142016172409057617e+00,0.000000000000000000e+00,0.000000000000000000e+00
2.165040969848632812e+00,0.000000000000000000e+00,0.000000000000000000e+00
2.182999134063720703e+00,0.000000000000000000e+00,0.000000000000000000e+00
2.205432176589965820e+00,0.000000000000000000e+00,0.000000000000000000e+00
2.222990274429321289e+00,0.000000000000000000e+00,0.000000000000000000e+00
2.245516061782836914e+00,0.000000000000000000e+00,0.000000000000000000e+00
2.264214038848876953e+00,0.000000000000000000e+00,0.000000000000000000e+00
2.286324977874755859e+00,0.000000000000000000e+00,0.000000000000000000e+00
2.302401065826416016e+00,0.000000000000000000e+00,0.000000000000000000e+00
2.323006153106689453e+00,0.000000000000000000e+00,0.000000000000000000e+00
2.338646173477172852e+00,0.000000000000000000e+00,0.000000000000000000e+00
2.358852863311767578e+00,0.000000000000000000e+00,0.000000000000000000e+00
2.374039173126220703e+00,0.000000000000000000e+00,0.000000000000000000e+00
2.394240140914916992e+00,0.000000000000000000e+00,0.000000000000000000e+00
2.409461021423339844e+00,0.000000000000000000e+00,0.000000000000000000e+00
2.429672956466674805e+00,0.000000000000000000e+00,0.000000000000000000e+00
2.444901943206787109e+00,0.000000000000000000e+00,0.000000000000000000e+00
2.464950084686279297e+00,0.000000000000000000e+00,0.000000000000000000e+00
2.480036258697509766e+00,0.000000000000000000e+00,0.000000000000000000e+00
2.500019073486328125e+00,0.000000000000000000e+00,0.000000000000000000e+00
2.516423940658569336e+00,0.000000000000000000e+00,0.000000000000000000e+00
2.537857055664062500e+00,0.000000000000000000e+00,0.000000000000000000e+00
2.553551912307739258e+00,0.000000000000000000e+00,0.000000000000000000e+00
2.574077129364013672e+00,0.000000000000000000e+00,0.000000000000000000e+00
2.589787960052490234e+00,0.000000000000000000e+00,0.000000000000000000e+00
2.611666917800903320e+00,0.000000000000000000e+00,0.000000000000000000e+00
2.628859043121337891e+00,0.000000000000000000e+00,0.000000000000000000e+00
2.651618242263793945e+00,0.000000000000000000e+00,0.000000000000000000e+00
2.667752981185913086e+00,0.000000000000000000e+00,0.000000000000000000e+00
2.688814163208007812e+00,0.000000000000000000e+00,0.000000000000000000e+00
2.704493045806884766e+00,0.000000000000000000e+00,0.000000000000000000e+00
2.725433111190795898e+00,0.000000000000000000e+00,0.000000000000000000e+00
2.741100072860717773e+00,0.000000000000000000e+00,0.000000000000000000e+00
2.763151884078979492e+00,0.000000000000000000e+00,0.000000000000000000e+00
2.779012918472290039e+00,0.000000000000000000e+00,0.000000000000000000e+00
2.799962043762207031e+00,0.000000000000000000e+00,0.000000000000000000e+00
2.815524101257324219e+00,0.000000000000000000e+00,0.000000000000000000e+00
2.836679935455322266e+00,0.000000000000000000e+00,0.000000000000000000e+00
2.852651119232177734e+00,0.000000000000000000e+00,0.000000000000000000e+00
2.873672962188720703e+00,0.000000000000000000e+00,0.000000000000000000e+00
2.889963150024414062e+00,0.000000000000000000e+00,0.000000000000000000e+00
2.911908149719238281e+00,0.000000000000000000e+00,0.000000000000000000e+00
2.929178953170776367e+00,0.000000000000000000e+00,0.000000000000000000e+00
2.953963041305541992e+00,0.000000000000000000e+00,0.000000000000000000e+00
2.971438169479370117e+00,0.000000000000000000e+00,0.000000000000000000e+00
2.995311975479125977e+00,0.000000000000000000e+00,0.000000000000000000e+00
3.012881040573120117e+00,0.000000000000000000e+00,0.000000000000000000e+00
3.036687135696411133e+00,0.000000000000000000e+00,0.000000000000000000e+00
3.053333044052124023e+00,0.000000000000000000e+00,0.000000000000000000e+00
3.074783086776733398e+00,0.000000000000000000e+00,0.000000000000000000e+00
3.091144084930419922e+00,0.000000000000000000e+00,0.000000000000000000e+00
3.112478017807006836e+00,0.000000000000000000e+00,0.000000000000000000e+00
3.128659963607788086e+00,0.000000000000000000e+00,0.000000000000000000e+00
3.149945974349975586e+00,0.000000000000000000e+00,0.000000000000000000e+00
3.166100978851318359e+00,0.000000000000000000e+00,0.000000000000000000e+00
3.187334060668945312e+00,0.000000000000000000e+00,0.000000000000000000e+00
3.203412055969238281e+00,0.000000000000000000e+00,0.000000000000000000e+00
3.225307941436767578e+00,0.000000000000000000e+00,0.000000000000000000e+00
3.241688251495361328e+00,0.000000000000000000e+00,0.000000000000000000e+00
3.263186931610107422e+00,0.000000000000000000e+00,0.000000000000000000e+00
3.279365062713623047e+00,0.000000000000000000e+00,0.000000000000000000e+00
3.300533056259155273e+00,0.000000000000000000e+00,0.000000000000000000e+00
3.316653251647949219e+00,0.000000000000000000e+00,0.000000000000000000e+00
3.338038206100463867e+00,0.000000000000000000e+00,0.000000000000000000e+00
3.354154109954833984e+00,0.000000000000000000e+00,0.000000000000000000e+00
3.375438213348388672e+00,0.000000000000000000e+00,0.000000000000000000e+00
3.391532182693481445e+00,0.000000000000000000e+00,0.000000000000000000e+00
3.412695169448852539e+00,0.000000000000000000e+00,0.000000000000000000e+00
3.428786993026733398e+00,0.000000000000000000e+00,0.000000000000000000e+00
3.450026988983154297e+00,0.000000000000000000e+00,0.000000000000000000e+00
3.466095924377441406e+00,0.000000000000000000e+00,0.000000000000000000e+00
3.487321853637695312e+00,0.000000000000000000e+00,0.000000000000000000e+00
3.503424167633056641e+00,0.000000000000000000e+00,0.000000000000000000e+00
3.525720119476318359e+00,0.000000000000000000e+00,0.000000000000000000e+00
3.542598962783813477e+00,0.000000000000000000e+00,0.000000000000000000e+00
3.564726114273071289e+00,0.000000000000000000e+00,0.000000000000000000e+00
3.581489086151123047e+00,0.000000000000000000e+00,0.000000000000000000e+00
3.603159189224243164e+00,0.000000000000000000e+00,0.000000000000000000e+00
3.619894027709960938e+00,0.000000000000000000e+00,0.000000000000000000e+00
3.642040252685546875e+00,0.000000000000000000e+00,0.000000000000000000e+00
3.658755064010620117e+00,0.000000000000000000e+00,0.000000000000000000e+00
3.680489063262939453e+00,0.000000000000000000e+00,0.000000000000000000e+00
3.697166204452514648e+00,0.000000000000000000e+00,0.000000000000000000e+00
3.718861103057861328e+00,0.000000000000000000e+00,0.000000000000000000e+00
3.735603094100952148e+00,0.000000000000000000e+00,0.000000000000000000e+00
3.757169961929321289e+00,0.000000000000000000e+00,0.000000000000000000e+00
3.774350166320800781e+00,0.000000000000000000e+00,0.000000000000000000e+00
3.796121120452880859e+00,0.000000000000000000e+00,0.000000000000000000e+00
3.812643051147460938e+00,0.000000000000000000e+00,0.000000000000000000e+00
3.833857059478759766e+00,0.000000000000000000e+00,0.000000000000000000e+00
3.850347042083740234e+00,0.000000000000000000e+00,0.000000000000000000e+00
3.871963024139404297e+00,0.000000000000000000e+00,0.000000000000000000e+00
3.888668060302734375e+00,0.000000000000000000e+00,0.000000000000000000e+00
3.910617113113403320e+00,0.000000000000000000e+00,0.000000000000000000e+00
3.927258014678955078e+00,0.000000000000000000e+00,0.000000000000000000e+00
3.948802232742309570e+00,0.000000000000000000e+00,0.000000000000000000e+00
3.965474128723144531e+00,0.000000000000000000e+00,0.000000000000000000e+00
3.987174034118652344e+00,0.000000000000000000e+00,0.000000000000000000e+00
4.003797054290771484e+00,0.000000000000000000e+00,0.000000000000000000e+00
4.026757955551147461e+00,0.000000000000000000e+00,0.000000000000000000e+00
4.044164180755615234e+00,0.000000000000000000e+00,0.000000000000000000e+00
4.066594123840332031e+00,0.000000000000000000e+00,0.000000000000000000e+00
4.083918094635009766e+00,0.000000000000000000e+00,0.000000000000000000e+00
4.106451034545898438e+00,0.000000000000000000e+00,0.000000000000000000e+00
4.123922109603881836e+00,0.000000000000000000e+00,0.000000000000000000e+00
4.146908998489379883e+00,0.000000000000000000e+00,0.000000000000000000e+00
4.164328098297119141e+00,0.000000000000000000e+00,0.000000000000000000e+00
4.186777114868164062e+00,0.000000000000000000e+00,0.000000000000000000e+00
4.204112052917480469e+00,0.000000000000000000e+00,0.000000000000000000e+00
4.226319074630737305e+00,0.000000000000000000e+00,0.000000000000000000e+00
4.248775959014892578e+00,0.000000000000000000e+00,0.000000000000000000e+00
4.279607057571411133e+00,0.000000000000000000e+00,0.000000000000000000e+00
4.300101995468139648e+00,0.000000000000000000e+00,0.000000000000000000e+00
4.326178073883056641e+00,0.000000000000000000e+00,0.000000000000000000e+00
4.345170021057128906e+00,0.000000000000000000e+00,0.000000000000000000e+00
4.372379064559936523e+00,0.000000000000000000e+00,0.000000000000000000e+00
4.392757177352905273e+00,0.000000000000000000e+00,0.000000000000000000e+00
4.418607950210571289e+00,0.000000000000000000e+00,0.000000000000000000e+00
4.437997102737426758e+00,0.000000000000000000e+00,0.000000000000000000e+00
4.465167999267578125e+00,0.000000000000000000e+00,0.000000000000000000e+00
4.485394001007080078e+00,0.000000000000000000e+00,0.000000000000000000e+00
4.511985063552856445e+00,0.000000000000000000e+00,0.000000000000000000e+00
4.529680013656616211e+00,0.000000000000000000e+00,0.000000000000000000e+00
4.551748991012573242e+00,0.000000000000000000e+00,0.000000000000000000e+00
4.569272041320800781e+00,0.000000000000000000e+00,0.000000000000000000e+00
4.593569040298461914e+00,0.000000000000000000e+00,0.000000000000000000e+00
4.611848115921020508e+00,0.000000000000000000e+00,0.000000000000000000e+00
4.638724088668823242e+00,0.000000000000000000e+00,0.000000000000000000e+00
4.656919240951538086e+00,0.000000000000000000e+00,0.000000000000000000e+00
4.680748224258422852e+00,0.000000000000000000e+00,0.000000000000000000e+00
4.698572158813476562e+00,0.000000000000000000e+00,0.000000000000000000e+00
4.721321105957031250e+00,0.000000000000000000e+00,0.000000000000000000e+00
4.738300085067749023e+00,0.000000000000000000e+00,0.000000000000000000e+00
4.761443138122558594e+00,0.000000000000000000e+00,0.000000000000000000e+00
4.778568029403686523e+00,0.000000000000000000e+00,0.000000000000000000e+00
4.802581071853637695e+00,0.000000000000000000e+00,0.000000000000000000e+00
4.820883989334106445e+00,0.000000000000000000e+00,0.000000000000000000e+00
4.845381975173950195e+00,0.000000000000000000e+00,0.000000000000000000e+00
4.862767934799194336e+00,0.000000000000000000e+00,0.000000000000000000e+00
4.886173963546752930e+00,0.000000000000000000e+00,0.000000000000000000e+00
4.903295993804931641e+00,0.000000000000000000e+00,0.000000000000000000e+00
4.927659034729003906e+00,0.000000000000000000e+00,0.000000000000000000e+00
4.946505069732666016e+00,0.000000000000000000e+00,0.000000000000000000e+00
4.970281124114990234e+00,0.000000000000000000e+00,0.000000000000000000e+00
4.987234115600585938e+00,0.000000000000000000e+00,0.000000000000000000e+00
5.012240886688232422e+00,0.000000000000000000e+00,0.000000000000000000e+00
5.030434131622314453e+00,0.000000000000000000e+00,0.000000000000000000e+00
5.054991960525512695e+00,0.000000000000000000e+00,0.000000000000000000e+00
5.072751998901367188e+00,0.000000000000000000e+00,0.000000000000000000e+00
5.096431970596313477e+00,0.000000000000000000e+00,0.000000000000000000e+00
5.113497972488403320e+00,0.000000000000000000e+00,0.000000000000000000e+00
5.136935949325561523e+00,0.000000000000000000e+00,0.000000000000000000e+00
5.154837131500244141e+00,0.000000000000000000e+00,0.000000000000000000e+00
5.177537202835083008e+00,0.000000000000000000e+00,0.000000000000000000e+00
5.194702148437500000e+00,0.000000000000000000e+00,0.000000000000000000e+00
5.218010902404785156e+00,0.000000000000000000e+00,0.000000000000000000e+00
5.235086202621459961e+00,0.000000000000000000e+00,0.000000000000000000e+00
5.257737159729003906e+00,0.000000000000000000e+00,0.000000000000000000e+00
5.274312019348144531e+00,0.000000000000000000e+00,0.000000000000000000e+00
5.296426057815551758e+00,0.000000000000000000e+00,0.000000000000000000e+00
5.313472032546997070e+00,0.000000000000000000e+00,0.000000000000000000e+00
5.336383104324340820e+00,0.000000000000000000e+00,0.000000000000000000e+00
5.354509115219116211e+00,0.000000000000000000e+00,0.000000000000000000e+00
5.378957033157348633e+00,0.000000000000000000e+00,0.000000000000000000e+00
5.396676063537597656e+00,0.000000000000000000e+00,0.000000000000000000e+00
5.419214248657226562e+00,0.000000000000000000e+00,0.000000000000000000e+00
5.436267137527465820e+00,0.000000000000000000e+00,0.000000000000000000e+00
5.459120035171508789e+00,0.000000000000000000e+00,0.000000000000000000e+00
5.475975990295410156e+00,0.000000000000000000e+00,0.000000000000000000e+00
5.498922109603881836e+00,0.000000000000000000e+00,0.000000000000000000e+00
5.516360998153686523e+00,0.000000000000000000e+00,0.000000000000000000e+00
5.541282176971435547e+00,0.000000000000000000e+00,0.000000000000000000e+00
5.558653116226196289e+00,0.000000000000000000e+00,0.000000000000000000e+00
5.581927061080932617e+00,0.000000000000000000e+00,0.000000000000000000e+00
5.598547935485839844e+00,0.000000000000000000e+00,0.000000000000000000e+00
5.622256040573120117e+00,0.000000000000000000e+00,0.000000000000000000e+00
5.638824939727783203e+00,0.000000000000000000e+00,0.000000000000000000e+00
5.661222934722900391e+00,0.000000000000000000e+00,0.000000000000000000e+00
5.678121089935302734e+00,0.000000000000000000e+00,0.000000000000000000e+00
5.705383062362670898e+00,0.000000000000000000e+00,0.000000000000000000e+00
5.723995923995971680e+00,0.000000000000000000e+00,0.000000000000000000e+00
5.747408866882324219e+00,0.000000000000000000e+00,0.000000000000000000e+00
5.765900135040283203e+00,0.000000000000000000e+00,0.000000000000000000e+00
5.791032075881958008e+00,0.000000000000000000e+00,0.000000000000000000e+00
5.808318138122558594e+00,0.000000000000000000e+00,0.000000000000000000e+00
5.833307981491088867e+00,0.000000000000000000e+00,0.000000000000000000e+00
5.855552196502685547e+00,0.000000000000000000e+00,0.000000000000000000e+00
5.883454084396362305e+00,0.000000000000000000e+00,0.000000000000000000e+00
5.901502132415771484e+00,0.000000000000000000e+00,0.000000000000000000e+00
5.925242900848388672e+00,0.000000000000000000e+00,0.000000000000000000e+00
5.942641019821166992e+00,0.000000000000000000e+00,0.000000000000000000e+00
5.968483209609985352e+00,0.000000000000000000e+00,0.000000000000000000e+00
5.986344099044799805e+00,0.000000000000000000e+00,0.000000000000000000e+00
6.009529829025268555e+00,0.000000000000000000e+00,0.000000000000000000e+00
6.027045965194702148e+00,0.000000000000000000e+00,0.000000000000000000e+00
6.049938917160034180e+00,0.000000000000000000e+00,0.000000000000000000e+00
6.067462921142578125e+00,0.000000000000000000e+00,0.000000000000000000e+00
6.089905977249145508e+00,0.000000000000000000e+00,0.000000000000000000e+00
6.107420921325683594e+00,0.000000000000000000e+00,0.000000000000000000e+00
6.130030870437622070e+00,0.000000000000000000e+00,0.000000000000000000e+00
6.147023916244506836e+00,0.000000000000000000e+00,0.000000000000000000e+00
6.170478105545043945e+00,0.000000000000000000e+00,0.000000000000000000e+00
6.188579082489013672e+00,0.000000000000000000e+00,0.000000000000000000e+00
6.211575031280517578e+00,0.000000000000000000e+00,0.000000000000000000e+00
6.229028224945068359e+00,0.000000000000000000e+00,0.000000000000000000e+00
6.251278162002563477e+00,0.000000000000000000e+00,0.000000000000000000e+00
6.268010139465332031e+00,0.000000000000000000e+00,0.000000000000000000e+00
6.289905071258544922e+00,0.000000000000000000e+00,0.000000000000000000e+00
6.306143999099731445e+00,0.000000000000000000e+00,0.000000000000000000e+00
6.327360153198242188e+00,0.000000000000000000e+00,0.000000000000000000e+00
6.343333959579467773e+00,0.000000000000000000e+00,0.000000000000000000e+00
6.364248037338256836e+00,0.000000000000000000e+00,0.000000000000000000e+00
6.380237102508544922e+00,0.000000000000000000e+00,0.000000000000000000e+00
6.401406049728393555e+00,0.000000000000000000e+00,0.000000000000000000e+00
6.417248010635375977e+00,0.000000000000000000e+00,0.000000000000000000e+00
6.438131093978881836e+00,0.000000000000000000e+00,0.000000000000000000e+00
6.454111099243164062e+00,0.000000000000000000e+00,0.000000000000000000e+00
6.475286006927490234e+00,0.000000000000000000e+00,0.000000000000000000e+00
6.491222143173217773e+00,0.000000000000000000e+00,0.000000000000000000e+00
6.512124061584472656e+00,0.000000000000000000e+00,0.000000000000000000e+00
6.528011083602905273e+00,0.000000000000000000e+00,0.000000000000000000e+00
6.549451112747192383e+00,0.000000000000000000e+00,0.000000000000000000e+00
6.565519094467163086e+00,0.000000000000000000e+00,0.000000000000000000e+00
6.586457967758178711e+00,0.000000000000000000e+00,0.000000000000000000e+00
6.602296113967895508e+00,0.000000000000000000e+00,0.000000000000000000e+00
6.623048067092895508e+00,0.000000000000000000e+00,0.000000000000000000e+00
6.638904094696044922e+00,0.000000000000000000e+00,0.000000000000000000e+00
6.659801244735717773e+00,0.000000000000000000e+00,0.000000000000000000e+00
6.675631046295166016e+00,0.000000000000000000e+00,0.000000000000000000e+00
6.696256160736083984e+00,0.000000000000000000e+00,0.000000000000000000e+00
6.712038040161132812e+00,0.000000000000000000e+00,0.000000000000000000e+00
6.732928991317749023e+00,0.000000000000000000e+00,0.000000000000000000e+00
6.748775959014892578e+00,0.000000000000000000e+00,0.000000000000000000e+00
6.769641160964965820e+00,0.000000000000000000e+00,0.000000000000000000e+00
6.785519838333129883e+00,0.000000000000000000e+00,0.000000000000000000e+00
6.806510925292968750e+00,0.000000000000000000e+00,0.000000000000000000e+00
6.822345018386840820e+00,0.000000000000000000e+00,0.000000000000000000e+00
6.843382120132446289e+00,0.000000000000000000e+00,0.000000000000000000e+00
6.859326124191284180e+00,0.000000000000000000e+00,0.000000000000000000e+00
6.880181074142456055e+00,0.000000000000000000e+00,0.000000000000000000e+00
6.895980119705200195e+00,0.000000000000000000e+00,0.000000000000000000e+00
6.917287111282348633e+00,0.000000000000000000e+00,0.000000000000000000e+00
6.933378219604492188e+00,0.000000000000000000e+00,0.000000000000000000e+00
6.954282045364379883e+00,0.000000000000000000e+00,0.000000000000000000e+00
6.970146179199218750e+00,0.000000000000000000e+00,0.000000000000000000e+00
6.991030216217041016e+00,0.000000000000000000e+00,0.000000000000000000e+00
7.006893157958984375e+00,0.000000000000000000e+00,0.000000000000000000e+00
7.028569221496582031e+00,0.000000000000000000e+00,0.000000000000000000e+00
7.045720100402832031e+00,0.000000000000000000e+00,0.000000000000000000e+00
7.067383050918579102e+00,0.000000000000000000e+00,0.000000000000000000e+00
7.083811044692993164e+00,0.000000000000000000e+00,0.000000000000000000e+00
7.105134248733520508e+00,0.000000000000000000e+00,0.000000000000000000e+00
7.121468067169189453e+00,0.000000000000000000e+00,0.000000000000000000e+00
7.145579099655151367e+00,0.000000000000000000e+00,0.000000000000000000e+00
7.162326097488403320e+00,0.000000000000000000e+00,0.000000000000000000e+00
7.184197902679443359e+00,0.000000000000000000e+00,0.000000000000000000e+00
7.202434062957763672e+00,0.000000000000000000e+00,0.000000000000000000e+00
7.224617958068847656e+00,0.000000000000000000e+00,0.000000000000000000e+00
7.241231203079223633e+00,0.000000000000000000e+00,0.000000000000000000e+00
7.262842893600463867e+00,0.000000000000000000e+00,0.000000000000000000e+00
7.279345989227294922e+00,0.000000000000000000e+00,0.000000000000000000e+00
7.301284074783325195e+00,0.000000000000000000e+00,0.000000000000000000e+00
7.319561958312988281e+00,0.000000000000000000e+00,0.000000000000000000e+00
7.343508005142211914e+00,0.000000000000000000e+00,0.000000000000000000e+00
7.361531019210815430e+00,0.000000000000000000e+00,0.000000000000000000e+00
7.385797977447509766e+00,0.000000000000000000e+00,0.000000000000000000e+00
7.403125047683715820e+00,0.000000000000000000e+00,0.000000000000000000e+00
7.425093889236450195e+00,0.000000000000000000e+00,0.000000000000000000e+00
7.442682027816772461e+00,0.000000000000000000e+00,0.000000000000000000e+00
7.466202020645141602e+00,0.000000000000000000e+00,0.000000000000000000e+00
7.484249114990234375e+00,0.000000000000000000e+00,0.000000000000000000e+00
7.507281064987182617e+00,0.000000000000000000e+00,0.000000000000000000e+00
7.523943901062011719e+00,0.000000000000000000e+00,0.000000000000000000e+00
7.546283006668090820e+00,0.000000000000000000e+00,0.000000000000000000e+00
7.563087940216064453e+00,0.000000000000000000e+00,0.000000000000000000e+00
7.584655284881591797e+00,0.000000000000000000e+00,0.000000000000000000e+00
7.600985288619995117e+00,0.000000000000000000e+00,0.000000000000000000e+00
7.622789859771728516e+00,0.000000000000000000e+00,0.000000000000000000e+00
7.639358043670654297e+00,0.000000000000000000e+00,0.000000000000000000e+00
7.660948991775512695e+00,0.000000000000000000e+00,0.000000000000000000e+00
7.677378177642822266e+00,0.000000000000000000e+00,0.000000000000000000e+00
7.699045896530151367e+00,0.000000000000000000e+00,0.000000000000000000e+00
7.715487003326416016e+00,0.000000000000000000e+00,0.000000000000000000e+00
7.737252235412597656e+00,0.000000000000000000e+00,0.000000000000000000e+00
7.753809928894042969e+00,0.000000000000000000e+00,0.000000000000000000e+00
7.775223016738891602e+00,0.000000000000000000e+00,0.000000000000000000e+00
7.791597127914428711e+00,0.000000000000000000e+00,0.000000000000000000e+00
7.813026189804077148e+00,0.000000000000000000e+00,0.000000000000000000e+00
7.829482078552246094e+00,0.000000000000000000e+00,0.000000000000000000e+00
7.851169109344482422e+00,0.000000000000000000e+00,0.000000000000000000e+00
7.867588281631469727e+00,0.000000000000000000e+00,0.000000000000000000e+00
7.888954877853393555e+00,0.000000000000000000e+00,0.000000000000000000e+00
7.905291080474853516e+00,0.000000000000000000e+00,0.000000000000000000e+00
