time,yaw_deg
0.5676238536834717,-0.0
0.5736255645751953,0.03999999999996362
0.5841648578643799,0.1199999999999477
0.5921671390533447,0.17999999999994998
0.5991673469543457,0.16999999999995907
0.6101408004760742,0.18999999999999773
0.6191482543945312,0.18999999999999773
0.629143476486206,0.16999999999995907
0.6401426792144775,0.13999999999998636
0.6491405963897705,0.12999999999999545
0.6601436138153076,0.12999999999999545
0.670159101486206,0.1199999999999477
0.6796934604644775,0.1199999999999477
0.6887147426605225,0.1099999999999568
0.698714017868042,0.1199999999999477
0.7215440273284912,0.13999999999998636
0.7285425662994385,0.13999999999998636
0.7388269901275635,0.14999999999997726
0.7498269081115723,0.14999999999997726
0.7584810256958008,0.13999999999998636
0.7684507369995117,0.14999999999997726
0.7797713279724121,0.13999999999998636
0.7897672653198242,0.12999999999999545
0.7997701168060303,0.13999999999998636
0.8087706565856934,0.15999999999996817
0.8197686672210693,0.18999999999999773
0.8297710418701172,0.16999999999995907
0.8387715816497803,0.17999999999994998
0.8497686386108398,0.16999999999995907
0.858771800994873,0.16999999999995907
0.8687756061553955,0.16999999999995907
0.8792877197265625,0.14999999999997726
0.890289306640625,0.13999999999998636
0.8992881774902344,0.13999999999998636
0.9092922210693359,0.14999999999997726
0.9202897548675537,0.14999999999997726
0.9292852878570557,0.15999999999996817
0.9402878284454346,0.15999999999996817
0.9492871761322021,0.16999999999995907
0.9602885246276855,0.19999999999998863
0.9692952632904053,0.20999999999997954
0.9788084030151367,0.18999999999999773
0.9888112545013428,0.18999999999999773
0.9988176822662354,0.20999999999997954
1.0101542472839355,0.21999999999997044
1.0195248126983643,0.21999999999997044
1.0286636352539062,0.21999999999997044
1.038712501525879,0.21999999999997044
1.049755573272705,0.21999999999997044
1.0600965023040771,0.23999999999995225
1.069103717803955,0.23999999999995225
1.078620195388794,0.25
1.0886168479919434,0.22999999999996135
1.0986454486846924,0.25
1.1096186637878418,0.22999999999996135
1.1186165809631348,0.21999999999997044
1.12962007522583,0.19999999999998863
1.1386170387268066,0.19999999999998863
1.149620532989502,0.21999999999997044
1.159618854522705,0.23999999999995225
1.1696255207061768,0.25
1.1791374683380127,0.2599999999999909
1.1891624927520752,0.2599999999999909
1.200138807296753,0.23999999999995225
1.2091360092163086,0.22999999999996135
1.2191565036773682,0.22999999999996135
1.2291362285614014,0.23999999999995225
1.2401511669158936,0.25
1.2501447200775146,0.2599999999999909
1.2602741718292236,0.25
1.2692875862121582,0.2599999999999909
1.280376672744751,0.2699999999999818
1.289376974105835,0.2799999999999727
1.300379753112793,0.2799999999999727
1.3093807697296143,0.2599999999999909
1.320291519165039,0.2799999999999727
1.3296823501586914,0.2799999999999727
1.3399097919464111,0.3100000000000023
1.3489372730255127,0.3299999999999841
1.3589112758636475,0.3699999999999477
1.3699204921722412,0.3599999999999568
1.378441333770752,0.37999999999999545
1.3884389400482178,0.37999999999999545
1.399474859237671,0.38999999999998636
1.4084746837615967,0.37999999999999545
1.4194743633270264,0.3599999999999568
1.4284746646881104,0.3699999999999477
1.4384634494781494,0.3499999999999659
1.448474645614624,0.3599999999999568
1.4594743251800537,0.3699999999999477
1.4685192108154297,0.3699999999999477
1.4800779819488525,0.3599999999999568
1.4900782108306885,0.339999999999975
1.4990777969360352,0.3299999999999841
1.5100781917572021,0.2899999999999636
1.5190777778625488,0.3100000000000023
1.5304591655731201,0.339999999999975
1.53916335105896,0.3299999999999841
1.5501718521118164,0.3499999999999659
1.5592000484466553,0.339999999999975
1.5711896419525146,0.339999999999975
1.5789234638214111,0.3599999999999568
1.5886380672454834,0.3299999999999841
1.6006357669830322,0.3599999999999568
1.6095366477966309,0.3499999999999659
1.6203765869140625,0.3599999999999568
1.6293737888336182,0.3599999999999568
1.6390602588653564,0.3499999999999659
1.6494545936584473,0.38999999999998636
1.6584792137145996,0.38999999999998636
1.6694605350494385,0.3499999999999659
1.67923903465271,0.339999999999975
1.6891260147094727,0.3299999999999841
1.6999092102050781,0.3100000000000023
1.7086589336395264,0.029999999999972715
1.7203190326690674,0.029999999999972715
1.7290360927581787,0.6099999999999568
1.7412643432617188,-1.490000000000009
1.7486460208892822,-2.840000000000032
1.7596924304962158,-4.600000000000023
1.7684693336486816,-8.100000000000023
1.7793686389923096,-9.470000000000027
1.7903594970703125,-11.350000000000023
1.7988567352294922,-12.28000000000003
1.810124397277832,-13.939999999999998
1.8201231956481934,-14.970000000000027
1.8301255702972412,-16.74000000000001
1.8391213417053223,-17.840000000000032
1.8492441177368164,-19.360000000000014
1.8602373600006104,-22.05000000000001
1.8702430725097656,-23.0
1.8795199394226074,-24.79000000000002
1.8908734321594238,-25.640000000000043
1.9099090099334717,-27.860000000000014
1.921161413192749,-28.77000000000004
1.9291610717773438,-29.32000000000005
1.9391884803771973,-30.04000000000002
1.9499199390411377,-31.29000000000002
1.9594244956970215,-31.650000000000034
1.9684498310089111,-32.14000000000004
1.9797520637512207,-32.76000000000005
1.989732265472412,-32.79000000000002
1.9989330768585205,-32.690000000000055
2.0099079608917236,-32.629999999999995
2.020028829574585,-32.47000000000003
2.0294156074523926,-32.400000000000034
2.0394198894500732,-32.33000000000004
2.049452781677246,-32.14000000000004
2.0584733486175537,-31.879999999999995
2.0688066482543945,-30.510000000000048
2.0791587829589844,-29.629999999999995
2.089733600616455,-26.600000000000023
2.100189208984375,-24.850000000000023
2.110147476196289,-21.350000000000023
2.118558645248413,-19.600000000000023
2.129591226577759,-17.850000000000023
2.1396536827087402,-14.340000000000032
2.14959454536438,-12.590000000000032
2.1595699787139893,-9.270000000000039
2.168665647506714,-7.520000000000039
2.179830551147461,-4.020000000000039
2.188438653945923,-2.2600000000000477
2.1984481811523438,-0.5100000000000477
2.2094476222991943,2.9899999999999523
2.2184488773345947,4.199999999999989
2.229260206222534,6.139999999999986
2.2392683029174805,6.619999999999948
2.249624490737915,7.3799999999999955
2.259500741958618,7.899999999999977
2.270329713821411,8.689999999999998
2.279578685760498,8.810000000000002
2.288581132888794,8.839999999999975
2.299579381942749,9.119999999999948
2.308582067489624,9.129999999999995
2.3207528591156006,8.869999999999948
2.3297557830810547,8.529999999999973
2.3386752605438232,8.149999999999977
2.349755048751831,6.979999999999961
2.3597583770751953,6.079999999999984
2.3703455924987793,4.189999999999998
2.378883123397827,2.849999999999966
2.389927864074707,1.2199999999999704
2.4001548290252686,-2.2800000000000296
2.409428834915161,-3.180000000000007
2.420405387878418,-4.390000000000043
2.4291229248046875,-5.78000000000003
2.4402310848236084,-8.560000000000002
2.4492335319519043,-9.950000000000045
2.45949387550354,-11.170000000000016
2.469475507736206,-11.870000000000005
2.479048728942871,-12.29000000000002
2.490058422088623,-12.600000000000023
2.499478578567505,-12.760000000000048
2.5099031925201416,-13.700000000000045
2.519927740097046,-14.180000000000007
2.529949188232422,-14.79000000000002
2.5393738746643066,-16.5
2.5516204833984375,-18.57000000000005
2.5598056316375732,-19.629999999999995
2.56994891166687,-20.600000000000023
2.5797119140625,-22.660000000000025
2.590120553970337,-23.590000000000032
2.601093053817749,-26.02000000000004
2.6100711822509766,-27.190000000000055
2.618535041809082,-28.510000000000048
2.6295089721679688,-30.700000000000045
2.6392006874084473,-31.600000000000023
2.6503231525421143,-32.82000000000005
2.6603641510009766,-33.620000000000005
2.669698715209961,-33.93000000000001
2.680032253265381,-34.210000000000036
2.6895437240600586,-34.5
2.699504852294922,-35.410000000000025
2.7087998390197754,-35.710000000000036
2.720168113708496,-37.190000000000055
2.7302043437957764,-37.860000000000014
2.7409369945526123,-38.73000000000002
2.7499380111694336,-39.190000000000055
2.75888729095459,-39.629999999999995
2.7698652744293213,-40.34000000000003
2.7790894508361816,-40.690000000000055
2.79015851020813,-41.370000000000005
2.7997283935546875,-41.620000000000005
2.809683322906494,-41.89000000000004
2.8200597763061523,-42.440000000000055
2.830098867416382,-42.660000000000025
2.8400962352752686,-42.860000000000014
2.8488337993621826,-42.900000000000034
2.859834909439087,-42.82000000000005
2.869196653366089,-42.670000000000016
2.8791980743408203,-42.440000000000055
2.8895044326782227,-41.74000000000001
2.899627923965454,-41.35000000000002
2.9101216793060303,-39.85000000000002
2.9201462268829346,-39.34000000000003
2.929565906524658,-37.77000000000004
2.9385929107666016,-36.02000000000004
2.9495720863342285,-34.27000000000004
2.960186719894409,-31.420000000000016
2.969637870788574,-30.650000000000034
2.9802842140197754,-28.55000000000001
2.9902498722076416,-27.879999999999995
3.000319480895996,-25.620000000000005
3.010322093963623,-24.30000000000001
3.019376277923584,-23.02000000000004
3.0303800106048584,-20.210000000000036
3.0404183864593506,-18.470000000000027
3.0503902435302734,-16.49000000000001
3.0602686405181885,-15.400000000000034
3.0697765350341797,-15.160000000000025
3.0795791149139404,-13.29000000000002
3.0903661251068115,-11.970000000000027
3.1003670692443848,-10.04000000000002
3.109440565109253,-8.810000000000002
3.1194775104522705,-7.380000000000052
3.1294498443603516,-3.8800000000000523
3.1389830112457275,-2.1200000000000045
3.1499979496002197,1.3799999999999955
3.1590182781219482,2.609999999999957
3.169705867767334,5.339999999999975
3.180056095123291,4.579999999999984
3.19006609916687,5.289999999999964
3.2004172801971436,5.509999999999991
3.209718942642212,5.519999999999982
3.219740867614746,5.589999999999975
3.2287368774414062,5.619999999999948
3.2397818565368652,5.829999999999984
3.248786211013794,5.8799999999999955
3.26120924949646,6.069999999999993
3.273099184036255,6.099999999999966
3.2786686420440674,5.939999999999998
3.2894668579101562,5.729999999999961
3.2989959716796875,5.560000000000002
3.3100218772888184,4.8799999999999955
3.318998098373413,4.019999999999982
3.330012321472168,3.0
3.34029221534729,1.5199999999999818
3.348944664001465,0.5799999999999841
3.359841823577881,-1.2900000000000205
3.370004892349243,-2.3700000000000045
3.38047456741333,-4.25
3.389024257659912,-5.189999999999998
3.3995330333709717,-6.100000000000023
3.409515380859375,-8.150000000000034
3.419538974761963,-9.080000000000041
3.4293549060821533,-11.310000000000002
3.4399969577789307,-12.740000000000009
3.450000762939453,-15.450000000000045
3.458591938018799,-16.100000000000023
3.4686386585235596,-16.650000000000034
3.4796793460845947,-17.960000000000036
3.489668130874634,-18.910000000000025
3.499530076980591,-20.670000000000016
3.509533643722534,-21.480000000000018
3.518631935119629,-22.190000000000055
3.52903413772583,-23.590000000000032
3.538806200027466,-24.310000000000002
3.548780679702759,-25.379999999999995
3.5588932037353516,-26.140000000000043
3.569857120513916,-27.860000000000014
3.5798635482788086,-28.870000000000005
3.5888407230377197,-29.77000000000004
3.598437786102295,-31.230000000000018
3.6094486713409424,-32.120000000000005
3.6204099655151367,-33.84000000000003
3.628689765930176,-34.650000000000034
3.6391043663024902,-35.51000000000005
3.6494879722595215,-37.27000000000004
3.658944606781006,-38.08000000000004
3.6699535846710205,-39.670000000000016
3.6796724796295166,-40.31
3.6901910305023193,-41.47000000000003
3.699146270751953,-41.74000000000001
3.711153745651245,-41.99000000000001
3.718740463256836,-41.98000000000002
3.728986978530884,-41.940000000000055
3.739420175552368,-41.28000000000003
3.749419689178467,-40.690000000000055
3.759906530380249,-38.56
3.769500970840454,-37.22000000000003
3.77986478805542,-35.76000000000005
3.7893826961517334,-32.34000000000003
3.7993884086608887,-30.590000000000032
3.810387134552002,-27.090000000000032
3.819689989089966,-25.340000000000032
3.8303616046905518,-21.83000000000004
3.8393611907958984,-20.08000000000004
3.8526382446289062,-17.28000000000003
3.859391689300537,-16.02000000000004
3.8690733909606934,-14.700000000000045
3.8799707889556885,-11.480000000000018
3.889922857284546,-10.020000000000039
3.89988112449646,-7.730000000000018
3.9084837436676025,-6.740000000000009
3.919268846511841,-5.75
3.9302847385406494,-3.7000000000000455
3.9393310546875,-2.57000000000005
3.9503111839294434,0.21999999999997044
3.959826707839966,1.4699999999999704
3.970048427581787,3.859999999999957
3.978440046310425,4.9599999999999795
3.9884860515594482,6.109999999999957
3.9986941814422607,8.269999999999982
4.009474754333496,9.279999999999973
4.019469261169434,10.789999999999964
4.029658794403076,11.579999999999984
4.039619207382202,13.139999999999986
4.048690319061279,13.939999999999998
4.0587193965911865,14.769999999999982
4.069711923599243,16.46999999999997
4.079415798187256,17.299999999999955
4.089590311050415,19.00999999999999
4.099046945571899,19.889999999999986
4.11097526550293,21.569999999999993
4.119513750076294,22.609999999999957
4.128469944000244,23.560000000000002
4.14023756980896,25.20999999999998
4.1496007442474365,25.889999999999986
4.159813642501831,26.899999999999977
4.1690802574157715,27.349999999999966
4.179326772689819,27.689999999999998
4.189557790756226,27.799999999999955
4.200100660324097,27.849999999999966
4.2110655307769775,27.399999999999977
4.219838619232178,26.17999999999995
4.229875802993774,25.41999999999996
4.239533185958862,23.67999999999995
4.2498390674591064,22.45999999999998
4.259818077087402,19.00999999999999
4.269886493682861,17.25999999999999
4.2799131870269775,15.509999999999991
4.289849281311035,12.009999999999991
4.299412250518799,10.25
4.310282468795776,6.779999999999973
4.318851470947266,5.069999999999993
4.329726696014404,1.8199999999999932
4.338435173034668,0.06999999999999318
4.349465370178223,-1.6800000000000068
4.361187934875488,-4.470000000000027
4.369935750961304,-6.080000000000041
4.378893613815308,-9.240000000000009
4.389000177383423,-10.450000000000045
4.399763345718384,-13.010000000000048
4.40877628326416,-14.080000000000041
4.41975998878479,-15.189999999999998
4.429983139038086,-17.340000000000032
4.439125299453735,-18.340000000000032
4.448483228683472,-20.30000000000001
4.4610044956207275,-21.24000000000001
4.46955943107605,-22.99000000000001
4.4785590171813965,-23.83000000000004
4.4887168407440186,-24.660000000000025
4.5002288818359375,-26.090000000000032
4.509997844696045,-26.870000000000005
4.519958734512329,-28.210000000000036
4.529615163803101,-29.010000000000048
4.539613962173462,-30.640000000000043
4.548465967178345,-31.53000000000003
4.5594799518585205,-32.33000000000004
4.569486379623413,-33.450000000000045
4.579544305801392,-34.08000000000004
4.589757919311523,-35.47000000000003
4.598490238189697,-36.160000000000025
4.608530044555664,-36.89000000000004
4.6186606884002686,-38.360000000000014
4.631644248962402,-39.910000000000025
4.645123720169067,-41.06
4.660126209259033,-42.06
4.669834613800049,-42.710000000000036
4.67986273765564,-44.06
4.689584255218506,-44.950000000000045
4.6995322704315186,-45.75
4.709555387496948,-47.51000000000005
4.719409942626953,-48.47000000000003
4.7294111251831055,-49.31
4.740417718887329,-49.83000000000004
4.750241279602051,-50.920000000000016
4.758715867996216,-51.670000000000016
4.769691228866577,-52.170000000000016
4.779835939407349,-53.53000000000003
4.78934383392334,-54.160000000000025
4.799417972564697,-55.51000000000005
4.808836221694946,-56.14000000000004
4.819834470748901,-57.53000000000003
4.82973051071167,-58.23000000000002
4.838726282119751,-59.08000000000004
4.849510669708252,-60.51000000000005
4.860182285308838,-61.160000000000025
4.86922550201416,-61.920000000000016
4.879216432571411,-62.30000000000001
4.888495445251465,-62.56
4.898499011993408,-62.879999999999995
4.908495187759399,-63.03000000000003
4.920055150985718,-63.03000000000003
4.929056167602539,-63.06
4.940365791320801,-62.97000000000003
4.95036506652832,-62.950000000000045
4.959474563598633,-62.920000000000016
4.968441724777222,-61.620000000000005
4.978886365890503,-60.52000000000004
4.989423513412476,-58.26000000000005
4.998744010925293,-57.75
5.009746074676514,-56.25
5.020177125930786,-55.420000000000016
5.0304131507873535,-54.30000000000001
5.040410041809082,-51.99000000000001
5.049725532531738,-50.68000000000001
5.060385465621948,-47.440000000000055
5.068499803543091,-45.900000000000034
5.07950234413147,-42.60000000000002
5.089405059814453,-41.210000000000036
5.099117755889893,-39.870000000000005
5.108482837677002,-37.150000000000034
5.120222806930542,-35.650000000000034
5.130184650421143,-32.76000000000005
5.138697862625122,-31.680000000000007
5.1497015953063965,-30.430000000000007
5.1602818965911865,-27.78000000000003
5.1701109409332275,-26.53000000000003
5.179849863052368,-24.120000000000005
5.18924880027771,-23.0
5.2012550830841064,-21.350000000000023
5.209253787994385,-20.83000000000004
5.21925163269043,-20.450000000000045
5.229250907897949,-20.060000000000002
5.240292549133301,-20.0
5.250284671783447,-20.180000000000007
5.258852958679199,-20.440000000000055
5.26986026763916,-21.379999999999995
5.278885841369629,-22.110000000000014
5.289379835128784,-22.910000000000025
5.300381660461426,-25.08000000000004
5.310384273529053,-25.99000000000001
5.3204052448272705,-28.390000000000043
5.329425811767578,-29.710000000000036
5.339381694793701,-32.110000000000014
5.349409103393555,-33.440000000000055
5.3593809604644775,-34.79000000000002
5.3704140186309814,-36.879999999999995
5.379395484924316,-37.940000000000055
5.389931917190552,-39.99000000000001
5.399937152862549,-40.80000000000001
5.409929513931274,-42.150000000000034
5.418954849243164,-43.02000000000004
5.4289305210113525,-43.690000000000055
5.438928604125977,-44.85000000000002
5.448873996734619,-45.200000000000045
5.459867477416992,-45.54000000000002
5.469060659408569,-45.53000000000003
5.480057716369629,-45.129999999999995
5.490253210067749,-44.83000000000004
5.499256372451782,-44.23000000000002
5.510255575180054,-42.80000000000001
5.5192551612854,-41.89000000000004
5.5296103954315186,-39.82000000000005
5.53984260559082,-38.73000000000002
5.549878358840942,-36.58000000000004
5.560216188430786,-34.82000000000005
5.570264101028442,-32.82000000000005
5.579606056213379,-29.32000000000005
5.588890075683594,-27.57000000000005
5.600490093231201,-24.07000000000005
5.608992099761963,-22.32000000000005
5.619692802429199,-20.57000000000005
5.629908323287964,-17.08000000000004
5.638908624649048,-15.640000000000043
5.649597406387329,-12.79000000000002
5.659597158432007,-11.700000000000045
5.670429944992065,-9.760000000000048
5.680019855499268,-8.810000000000002
5.689833402633667,-8.050000000000011
5.700265169143677,-6.680000000000007
5.708662509918213,-5.930000000000007
5.720531225204468,-4.020000000000039
5.728528738021851,-2.8500000000000227
5.739819526672363,-1.5500000000000114
5.749516010284424,1.0199999999999818
5.759169578552246,2.319999999999993
5.770305633544922,5.009999999999991
5.779458999633789,6.109999999999957
5.78997015953064,8.549999999999955
5.79986572265625,9.789999999999964
5.809828519821167,11.989999999999952
5.818636178970337,13.099999999999966
5.829839468002319,14.25
5.8394269943237305,16.439999999999998
5.8494648933410645,17.25999999999999
5.85967230796814,18.619999999999948
5.871340751647949,19.329999999999984
5.882082462310791,20.629999999999995
5.889820337295532,21.239999999999952
5.899492263793945,21.67999999999995
5.909484386444092,22.619999999999948
5.919352769851685,23.19999999999999
5.930389404296875,24.16999999999996
5.939903497695923,24.619999999999948
5.948904037475586,25.109999999999957
5.9597859382629395,26.189999999999998
5.969796180725098,26.659999999999968
5.9802587032318115,27.70999999999998
5.989990949630737,28.239999999999952
5.999809980392456,29.21999999999997
6.009024143218994,29.619999999999948
6.019631862640381,30.109999999999957
6.028625249862671,31.069999999999993
6.040010213851929,31.529999999999973
6.050026893615723,32.379999999999995
6.058810710906982,32.589999999999975
6.068920612335205,32.67999999999995
6.079902648925781,32.71999999999997
6.088940143585205,32.64999999999998
6.099948406219482,32.26999999999998
6.109066963195801,31.989999999999952
6.120644569396973,31.0
6.1301093101501465,30.189999999999998
6.140134572982788,28.97999999999996
6.149648427963257,26.319999999999993
6.158807754516602,24.70999999999998
6.170668125152588,21.310000000000002
6.179610967636108,19.589999999999975
6.189696550369263,18.089999999999975
6.199775457382202,15.239999999999952
6.20867133140564,13.799999999999955
6.220107793807983,11.489999999999952
6.228659152984619,10.149999999999977
6.239931344985962,7.339999999999975
6.250580072402954,5.889999999999986
6.2601141929626465,4.269999999999982
6.269853115081787,1.259999999999991
6.279740810394287,-0.20000000000004547
6.289511203765869,-3.160000000000025
6.298511743545532,-4.810000000000002
6.308593273162842,-6.470000000000027
6.319674491882324,-9.430000000000007
6.32952094078064,-10.640000000000043
6.338515996932983,-13.110000000000014
6.349409103393555,-14.410000000000025
6.359368562698364,-17.07000000000005
6.369372129440308,-18.190000000000055
6.380380392074585,-20.140000000000043
6.388438940048218,-21.08000000000004
6.399856328964233,-21.80000000000001
6.409855365753174,-23.129999999999995
6.420383453369141,-23.660000000000025
6.4295690059661865,-24.650000000000034
6.438679218292236,-25.110000000000014
6.448670864105225,-25.600000000000023
6.45977258682251,-26.5
6.4696362018585205,-26.960000000000036
6.4786224365234375,-28.30000000000001
6.489747762680054,-29.07000000000005
6.499706983566284,-31.150000000000034
6.509016275405884,-32.27000000000004
6.52113151550293,-34.29000000000002
6.529137134552002,-35.33000000000004
6.539435386657715,-36.129999999999995
6.549954652786255,-38.32000000000005
6.558980464935303,-39.35000000000002
6.5686163902282715,-40.370000000000005
6.579606294631958,-42.43000000000001
6.589047431945801,-43.27000000000004
6.6000471115112305,-44.43000000000001
6.609230995178223,-44.900000000000034
6.619771242141724,-46.76000000000005
6.629888534545898,-47.34000000000003
6.64089298248291,-49.39000000000004
6.653095483779907,-50.360000000000014
6.660412073135376,-51.35000000000002
6.669883489608765,-52.79000000000002
6.6784443855285645,-53.31
6.689986228942871,-53.93000000000001
6.698985815048218,-54.04000000000002
6.709688663482666,-54.07000000000005
6.7196502685546875,-54.07000000000005
6.72909951210022,-53.900000000000034
6.739668607711792,-52.28000000000003
6.750430107116699,-51.74000000000001
6.758621692657471,-50.83000000000004
6.769657373428345,-47.33000000000004
6.779715538024902,-45.58000000000004
6.790154933929443,-42.08000000000004
6.798747777938843,-40.33000000000004
6.809723615646362,-36.82000000000005
6.819498300552368,-35.07000000000005
6.8299596309661865,-31.57000000000005
6.838955640792847,-29.82000000000005
6.849607944488525,-28.07000000000005
6.859597444534302,-24.57000000000005
6.869144439697266,-22.82000000000005
6.8801610469818115,-19.310000000000002
6.888666152954102,-17.560000000000002
6.90257453918457,-14.420000000000016
6.908438205718994,-13.07000000000005
6.918971300125122,-11.800000000000011
6.929771423339844,-9.660000000000025
6.93929123878479,-8.460000000000036
6.950250148773193,-6.420000000000016
6.959424257278442,-5.5400000000000205
6.970381736755371,-3.7700000000000387
6.978683233261108,-2.910000000000025
6.989722728729248,-2.1000000000000227
6.999699115753174,-0.5100000000000477
7.008893013000488,0.12999999999999545
7.020864963531494,1.2199999999999704
7.028731346130371,1.759999999999991
7.0387561321258545,2.2899999999999636
7.049646615982056,3.5299999999999727
7.0596253871917725,4.060000000000002
7.068784475326538,5.039999999999964
7.07984185218811,5.509999999999991
7.088820457458496,6.339999999999975
7.099246978759766,6.729999999999961
7.111295700073242,7.4599999999999795
7.119299411773682,7.71999999999997
7.129603862762451,7.859999999999957
7.140285015106201,8.009999999999991
7.149322509765625,8.019999999999982
7.159981727600098,7.819999999999993
7.169908285140991,7.529999999999973
7.1798906326293945,6.139999999999986
7.189166307449341,5.109999999999957
7.200177907943726,3.6999999999999886
7.210167169570923,0.19999999999998863
7.220163583755493,-1.5500000000000114
7.23017144203186,-5.050000000000011
7.239074945449829,-6.800000000000011
7.249200820922852,-8.550000000000011
7.259956121444702,-11.920000000000016
7.270140171051025,-13.520000000000039
7.280157566070557,-16.950000000000045
7.289268732070923,-18.510000000000048
7.299398422241211,-19.610000000000014
7.3103978633880615,-22.350000000000023
7.318572044372559,-23.620000000000005
7.329574823379517,-26.170000000000016
7.3389647006988525,-27.450000000000045
7.350168466567993,-30.460000000000036
7.372460126876831,-34.210000000000036
7.379892349243164,-35.440000000000055
7.3894665241241455,-36.900000000000034
7.399850130081177,-39.57000000000005
7.408993244171143,-40.81
7.419708251953125,-41.910000000000025
7.429711580276489,-43.39000000000004
7.4400410652160645,-44.30000000000001
7.4500041007995605,-45.59000000000003
7.458834648132324,-45.950000000000045
7.470937967300415,-46.379999999999995
7.478968620300293,-46.56
7.491536617279053,-46.660000000000025
7.498534202575684,-46.68000000000001
7.509819507598877,-46.710000000000036
7.5208046436309814,-46.73000000000002
7.529664039611816,-46.74000000000001
7.539656162261963,-46.379999999999995
7.5484397411346436,-45.76000000000005
7.559453010559082,-45.04000000000002
7.5690014362335205,-43.08000000000004
7.579241991043091,-41.620000000000005
7.59074068069458,-38.120000000000005
7.598971605300903,-36.370000000000005
7.61062216758728,-32.870000000000005
7.618782997131348,-31.120000000000005
7.6301939487457275,-29.370000000000005
7.63955020904541,-25.870000000000005
7.649685859680176,-24.120000000000005
7.659663915634155,-20.79000000000002
7.668696165084839,-19.370000000000005
7.680703401565552,-16.350000000000023
7.688672304153442,-15.04000000000002
7.699721336364746,-13.920000000000016
7.7097203731536865,-11.920000000000016
7.719026565551758,-10.970000000000027
7.730020046234131,-9.090000000000032
7.740038156509399,-8.29000000000002
7.750037431716919,-6.550000000000011
7.759143829345703,-5.680000000000007
7.769045114517212,-4.770000000000039
7.779690265655518,-3.090000000000032
7.79064679145813,-2.340000000000032
7.798643589019775,-1.410000000000025
7.810101509094238,0.16999999999995907
7.82155704498291,1.759999999999991
7.8285651206970215,2.579999999999984
7.8385913372039795,3.099999999999966
7.850688934326172,4.769999999999982
7.858744859695435,5.2999999999999545
7.869766712188721,5.899999999999977
7.878761529922485,6.899999999999977
7.888540506362915,7.229999999999961
7.900150299072266,7.71999999999997
7.908704996109009,7.859999999999957
7.920457363128662,8.029999999999973
7.929455757141113,8.060000000000002
7.938656806945801,8.069999999999993
7.949492931365967,7.919999999999959
7.9600913524627686,7.529999999999973
7.970054864883423,5.859999999999957
7.979058265686035,4.71999999999997
7.990116596221924,1.8100000000000023
7.999522686004639,0.060000000000002274
8.009611129760742,-1.5400000000000205
8.019604206085205,-4.150000000000034
8.029656171798706,-5.810000000000002
8.039650678634644,-8.760000000000048
8.048949718475342,-10.380000000000052
8.060625314712524,-13.890000000000043
8.06865119934082,-15.360000000000014
8.078649044036865,-16.79000000000002
8.08950138092041,-19.629999999999995
8.09997272491455,-21.0
8.109969139099121,-23.470000000000027
8.118995666503906,-24.930000000000007
8.130003213882446,-27.450000000000045
8.140168190002441,-28.890000000000043
8.149063110351562,-30.480000000000018
8.159131526947021,-33.74000000000001
8.168905258178711,-35.360000000000014
8.178884267807007,-37.879999999999995
8.18872880935669,-39.0
8.198807954788208,-39.93000000000001
8.208701133728027,-41.99000000000001
8.218706130981445,-43.210000000000036
8.229483604431152,-45.68000000000001
8.239469528198242,-46.72000000000003
8.250399827957153,-48.98000000000002
8.259250164031982,-50.34000000000003
8.270206689834595,-53.210000000000036
8.279138803482056,-54.47000000000003
8.289164781570435,-55.78000000000003
8.299115419387817,-57.35000000000002
8.308984756469727,-58.120000000000005
8.318941593170166,-59.900000000000034
8.32865571975708,-60.78000000000003
8.340187311172485,-62.210000000000036
8.349331378936768,-63.18000000000001
8.358498811721802,-64.23000000000002
8.369497060775757,-66.0
8.378743171691895,-66.71000000000004
8.389702796936035,-67.60000000000002
8.399100303649902,-68.09000000000003
8.411083221435547,-68.85000000000002
8.420195817947388,-69.18
8.429218769073486,-69.41000000000003
8.4395112991333,-69.62
8.449966192245483,-69.75999999999999
8.459962606430054,-70.0
8.468481302261353,-70.00999999999999
8.478490114212036,-70.0
8.489487886428833,-70.00999999999999
8.4989652633667,-69.89000000000004
8.509965419769287,-69.22000000000003
8.518705606460571,-68.40000000000003
8.530704498291016,-65.98000000000002
8.539115190505981,-64.39000000000004
8.550093173980713,-60.89000000000004
8.560020446777344,-59.14000000000004
8.570046663284302,-57.39000000000004
8.579888582229614,-53.89000000000004
8.589075565338135,-52.14000000000004
8.600006341934204,-48.379999999999995
8.60937237739563,-46.629999999999995
8.61937141418457,-44.879999999999995
8.630378723144531,-41.379999999999995
8.63937783241272,-39.950000000000045
8.64968466758728,-38.14000000000004
8.658783435821533,-37.47000000000003
8.669992923736572,-36.360000000000014
8.679153203964233,-35.910000000000025
8.689156770706177,-35.43000000000001
8.699493646621704,-34.54000000000002
8.709611415863037,-34.10000000000002
8.723563432693481,-33.210000000000036
8.73006820678711,-32.84000000000003
8.740044116973877,-32.360000000000014
8.749852657318115,-32.18000000000001
8.761183023452759,-32.02000000000004
8.769187450408936,-32.0
8.78004240989685,-32.06
8.789761304855347,-32.60000000000002
8.80024266242981,-33.27000000000004
8.810315370559692,-35.660000000000025
8.819339752197266,-37.410000000000025
8.829903841018677,-39.160000000000025
8.839622259140015,-42.660000000000025
8.849629878997803,-44.410000000000025
8.858977556228638,-47.910000000000025
8.869779348373413,-49.660000000000025
8.880031824111938,-53.170000000000016
8.889565229415894,-54.920000000000016
8.900103569030762,-56.620000000000005
8.909100532531738,-59.30000000000001
8.918738603591919,-60.07000000000005
8.92874002456665,-60.650000000000034
8.938736915588379,-60.670000000000016
8.94995403289795,-60.30000000000001
8.95902132987976,-59.43000000000001
8.969504117965698,-57.860000000000014
8.97951364517212,-54.35000000000002
8.989521265029907,-52.60000000000002
8.999552249908447,-49.10000000000002
9.009558200836182,-47.35000000000002
9.020361185073853,-43.85000000000002
9.028877973556519,-42.10000000000002
9.038447856903076,-40.54000000000002
9.050474405288696,-38.5
9.058472633361816,-37.879999999999995
9.0694739818573,-36.870000000000005
9.078482151031494,-36.60000000000002
9.08967924118042,-36.400000000000034
9.099193334579468,-36.39000000000004
9.109328746795654,-36.440000000000055
9.11943769454956,-37.07000000000005
9.129432678222656,-37.940000000000055
9.139304876327515,-40.26000000000005
9.149469375610352,-41.860000000000014
9.158434867858887,-43.620000000000005
9.169410943984985,-47.120000000000005
9.179647207260132,-48.870000000000005
9.189660787582397,-52.370000000000005
9.198554754257202,-54.120000000000005
9.210836410522461,-57.620000000000005
9.218837022781372,-59.370000000000005
9.229982376098633,-62.879999999999995
9.239983558654785,-64.43
9.24874234199524,-66.04000000000002
9.259005308151245,-69.12
9.270133972167969,-70.73000000000002
9.280184268951416,-73.15000000000003
9.290130615234375,-73.99000000000001
9.300284147262573,-75.28000000000003
9.308553457260132,-75.90000000000003
9.318555116653442,-76.48000000000002
9.329807758331299,-77.69000000000005
9.338893413543701,-78.40000000000003
9.350687265396118,-79.52000000000004
9.358711004257202,-80.10000000000002
9.370694160461426,-81.35000000000002
9.379005432128906,-81.93
9.388919591903687,-82.35000000000002
9.39936113357544,-82.74000000000001
9.409070014953613,-82.79000000000002
9.420068740844727,-82.73000000000002
9.428842544555664,-82.42000000000002
9.440632343292236,-81.06000000000006
9.44863486289978,-80.87
9.459339618682861,-80.39000000000004
9.470333099365234,-79.19000000000005
9.47992730140686,-78.34000000000003
9.489694118499756,-76.03000000000003
9.499095678329468,-74.81000000000006
9.510072469711304,-71.70000000000005
9.519820213317871,-69.96000000000004
9.52972674369812,-68.20000000000005
9.539594411849976,-64.70000000000005
9.548696994781494,-62.950000000000045
9.559566020965576,-59.450000000000045
9.568850994110107,-57.700000000000045
9.580913066864014,-54.200000000000045
9.588914394378662,-52.450000000000045
9.599897146224976,-50.700000000000045
9.609452247619629,-47.190000000000055
9.619494199752808,-45.440000000000055
9.630006074905396,-42.420000000000016
9.639954328536987,-41.150000000000034
9.650968551635742,-38.64000000000004
9.659044981002808,-37.620000000000005
9.669341564178467,-36.57000000000005
9.680355072021484,-34.60000000000002
9.689814329147339,-33.650000000000034
9.700289249420166,-32.120000000000005
9.709290504455566,-31.220000000000027
9.72028923034668,-29.340000000000032
9.728437900543213,-28.260000000000048
9.738475799560547,-27.30000000000001
9.750349521636963,-25.470000000000027
9.758680820465088,-24.78000000000003
9.770143985748291,-23.32000000000005
9.77920389175415,-22.730000000000018
9.79017424583435,-21.629999999999995
9.798720121383667,-21.170000000000016
9.809728622436523,-20.79000000000002
9.820016384124756,-20.510000000000048
9.830185174942017,-20.5
9.839182376861572,-20.480000000000018
9.849106788635254,-20.670000000000016
9.860101222991943,-21.310000000000002
9.86879825592041,-21.850000000000023
9.882043361663818,-23.960000000000036
9.889528274536133,-25.710000000000036
9.89989686012268,-27.470000000000027
9.90996503829956,-30.970000000000027
9.9190833568573,-32.72000000000003
9.929007291793823,-34.47000000000003
9.940033197402954,-37.97000000000003
9.94875431060791,-39.72000000000003
9.959728240966797,-43.22000000000003
9.969299793243408,-44.97000000000003
9.98033857345581,-48.48000000000002
9.989359140396118,-50.23000000000002
9.999499797821045,-51.98000000000002
10.00849962234497,-55.48000000000002
10.019441366195679,-57.09000000000003
10.030436038970947,-60.56
10.039774179458618,-61.75
10.049912691116333,-64.33000000000004
10.059087753295898,-65.52000000000004
10.069665908813477,-66.66000000000003
10.086946964263916,-70.12
10.099998235702515,-72.61000000000001
10.109997510910034,-73.91000000000003
10.12068223953247,-76.12
10.128694772720337,-77.16000000000003
10.138873100280762,-78.05000000000001
10.15092134475708,-79.75999999999999
10.158943176269531,-80.72000000000003
10.170329332351685,-82.15000000000003
10.179296731948853,-82.43
10.190532445907593,-83.25999999999999
10.200210571289062,-83.81000000000006
10.209249019622803,-84.36000000000001
10.220312356948853,-85.5
10.228463649749756,-85.87
10.238935470581055,-86.19000000000005
10.250242948532104,-86.94000000000005
10.25980830192566,-87.25
10.268796682357788,-87.67000000000002
10.279619216918945,-87.72000000000003
10.289623975753784,-87.74000000000001
10.298686742782593,-87.75
10.309258699417114,-87.75
10.320352554321289,-87.77000000000004
10.329795360565186,-87.78000000000003
10.339795351028442,-87.81000000000006
10.349972248077393,-87.81000000000006
10.36060905456543,-87.77000000000004
10.368685245513916,-87.78000000000003
10.378511905670166,-87.77000000000004
10.38949179649353,-87.74000000000001
10.399371147155762,-87.75999999999999
10.410349369049072,-87.75999999999999
10.421281337738037,-87.77000000000004
10.429280519485474,-87.78000000000003
10.439503908157349,-87.78000000000003
10.44863486289978,-87.78000000000003
10.459609985351562,-87.77000000000004
10.46916937828064,-87.75999999999999
10.480338335037231,-87.75999999999999
10.488669157028198,-87.74000000000001
10.499357223510742,-87.74000000000001
10.510358810424805,-87.72000000000003
10.520145654678345,-87.71000000000004
10.530139923095703,-87.71000000000004
10.538914203643799,-87.61000000000001
10.550893783569336,-87.12
10.559170961380005,-86.61000000000001
10.570156812667847,-86.08000000000004
10.580120325088501,-84.67000000000002
10.589129209518433,-83.81000000000006
10.599637985229492,-81.52000000000004
10.61015009880066,-80.14000000000004
10.621142148971558,-77.82000000000005
10.62935209274292,-76.38
10.639387369155884,-75.0
10.650362253189087,-72.38
10.659937143325806,-71.0
10.669543266296387,-68.60000000000002
10.679189920425415,-67.5
10.68941354751587,-64.83000000000004
10.698663473129272,-63.360000000000014
10.708486318588257,-61.72000000000003
10.718888998031616,-58.620000000000005
10.729758262634277,-57.26000000000005
10.739747524261475,-54.78000000000003
10.74886703491211,-53.89000000000004
10.759694814682007,-52.99000000000001
10.770306825637817,-51.660000000000025
10.779639720916748,-51.129999999999995
10.790618658065796,-50.52000000000004
10.798796892166138,-50.34000000000003
10.810801267623901,-50.210000000000036
10.818928003311157,-50.170000000000016
10.829248905181885,-50.170000000000016
10.840489864349365,-50.150000000000034
10.848598003387451,-50.25
10.85946774482727,-50.60000000000002
10.86895489692688,-50.900000000000034
10.878892183303833,-51.210000000000036
10.889193058013916,-51.74000000000001
10.899709224700928,-52.02000000000004
10.909466028213501,-52.51000000000005
10.919479131698608,-52.78000000000003
10.929903030395508,-53.39000000000004
10.94002914428711,-53.629999999999995
10.950605392456055,-54.120000000000005
10.958611249923706,-54.360000000000014
10.970463037490845,-54.68000000000001
10.97972297668457,-54.710000000000036
10.989746570587158,-54.99000000000001
11.000032424926758,-55.76000000000005
11.0100576877594,-56.190000000000055
11.019930362701416,-57.34000000000003
11.028997898101807,-57.49000000000001
11.039508819580078,-57.31
11.04948353767395,-57.18000000000001
11.059417009353638,-57.31
11.06941556930542,-57.49000000000001
11.079913139343262,-57.400000000000034
11.090218782424927,-57.190000000000055
11.09997844696045,-57.03000000000003
11.109485864639282,-57.24000000000001
11.120485067367554,-57.460000000000036
11.130239248275757,-57.59000000000003
11.14123821258545,-57.56
11.149060726165771,-57.48000000000002
11.159379243850708,-57.39000000000004
11.169504642486572,-57.23000000000002
11.179636478424072,-56.68000000000001
11.189367055892944,-56.190000000000055
11.200151920318604,-54.450000000000045
11.209607362747192,-53.72000000000003
11.219582080841064,-52.68000000000001
11.230979919433594,-52.379999999999995
11.239949464797974,-51.58000000000004
11.249961376190186,-51.09000000000003
11.258547067642212,-50.56
11.269543647766113,-49.59000000000003
11.279484510421753,-49.02000000000004
11.28963327407837,-47.59000000000003
11.299167394638062,-46.75
11.310179233551025,-44.97000000000003
11.320178031921387,-43.690000000000055
11.329178810119629,-42.35000000000002
11.340179204940796,-40.160000000000025
11.349177122116089,-39.53000000000003
11.360179901123047,-38.68000000000001
11.369178295135498,-38.49000000000001
11.379186153411865,-38.55000000000001
11.389039278030396,-38.89000000000004
11.39939832687378,-39.22000000000003
11.40941309928894,-41.55000000000001
11.418699026107788,-42.58000000000004
11.430679559707642,-46.08000000000004
11.440235614776611,-47.170000000000016
11.448837280273438,-47.920000000000016
11.458837270736694,-49.53000000000003
11.46959662437439,-50.35000000000002
11.479597568511963,-52.56
11.489619255065918,-54.02000000000004
11.498620510101318,-55.650000000000034
11.510111331939697,-58.710000000000036
11.519131898880005,-59.53000000000003
11.53072476387024,-61.22000000000003
11.540260791778564,-61.93000000000001
11.55025863647461,-62.960000000000036
11.559204578399658,-63.379999999999995
11.569071292877197,-63.610000000000014
11.580068826675415,-63.72000000000003
11.589423418045044,-63.670000000000016
11.59992790222168,-63.55000000000001
11.610077381134033,-63.73000000000002
11.620071649551392,-64.10000000000002
11.628441333770752,-64.25
11.63947343826294,-64.41000000000003
11.649945735931396,-64.94000000000005
11.658791303634644,-65.40000000000003
11.66844892501831,-66.08000000000004
11.679725408554077,-66.31000000000006
11.691181659698486,-66.33000000000004
11.699177742004395,-66.23000000000002
11.709502696990967,-65.92000000000002
11.719459772109985,-65.62
11.730005502700806,-65.50999999999999
11.741007804870605,-65.37
11.749019145965576,-65.27000000000004
11.75852370262146,-65.07000000000005
11.769540548324585,-64.70000000000005
11.779674530029297,-64.60000000000002
11.789865732192993,-64.74000000000001
11.798979759216309,-64.96000000000004
11.810298681259155,-65.78000000000003
11.819375991821289,-67.53000000000003
11.830381155014038,-69.90000000000003
11.840407133102417,-70.31000000000006
11.84972620010376,-70.68
11.859463453292847,-70.91000000000003
11.86968731880188,-70.90000000000003
11.879696607589722,-70.60000000000002
11.889151573181152,-70.36000000000001
11.899071216583252,-70.07000000000005
11.909611701965332,-69.07000000000005
11.919693231582642,-68.57000000000005
11.930008888244629,-67.61000000000001
11.940026044845581,-67.95000000000005
11.94951844215393,-67.20000000000005
11.959749937057495,-66.71000000000004
11.968709945678711,-66.20000000000005
11.979588747024536,-65.37
11.99001932144165,-65.15000000000003
11.99896764755249,-64.49000000000001
12.00892686843872,-64.18
12.019928455352783,-63.80000000000001
12.029977560043335,-63.650000000000034
12.039452314376831,-63.55000000000001
12.048456192016602,-63.660000000000025
12.05911135673523,-63.81
12.069109439849854,-64.21000000000004
12.08000111579895,-64.57000000000005
12.089532375335693,-65.38
12.099258661270142,-65.88
12.110779285430908,-66.78000000000003
12.118720769882202,-67.18
12.128747940063477,-67.56000000000006
12.139588832855225,-68.28000000000003
12.148977518081665,-68.55000000000001
12.158732414245605,-68.78000000000003
12.169723272323608,-68.99000000000001
12.17892050743103,-68.94000000000005
12.190155506134033,-68.75999999999999
12.200947046279907,-68.66000000000003
12.209468364715576,-68.31000000000006
12.219506025314331,-68.04000000000002
12.228820323944092,-67.74000000000001
12.239462852478027,-67.0
12.248526096343994,-66.58000000000004
12.259220123291016,-65.77000000000004
12.269078254699707,-65.39000000000004
12.280118465423584,-65.05000000000001
12.288718461990356,-64.62
12.299100160598755,-64.50999999999999
12.309694766998291,-64.38
12.319329738616943,-64.31000000000006
12.333761215209961,-64.12
12.339405536651611,-63.960000000000036
12.348635196685791,-63.89000000000004
12.359840869903564,-63.920000000000016
12.368461847305298,-63.74000000000001
12.380337953567505,-63.650000000000034
12.389930963516235,-63.77000000000004
12.398602485656738,-63.97000000000003
12.41012167930603,-64.39000000000004
12.419973850250244,-64.62
12.428933382034302,-65.35000000000002
12.439713478088379,-65.68
12.449585437774658,-66.38
12.46032166481018,-66.64000000000004
12.469287395477295,-66.88
12.479946374893188,-67.25999999999999
12.490017414093018,-67.44000000000005
12.500016689300537,-67.86000000000001
12.509249210357666,-67.95000000000005
12.520221710205078,-68.27000000000004
12.53026533126831,-68.46000000000004
12.541597843170166,-69.11000000000001
12.549455404281616,-69.55000000000001
12.558878898620605,-70.04000000000002
12.568647861480713,-71.05000000000001
12.57996916770935,-71.42000000000002
12.590010643005371,-71.90000000000003
12.599238395690918,-72.08000000000004
12.610831499099731,-72.32000000000005
12.618865013122559,-72.42000000000002
12.62884521484375,-72.46000000000004
12.639484405517578,-72.5
12.649470806121826,-72.54000000000002
12.660217523574829,-72.59000000000003
12.670215606689453,-72.66000000000003
12.67880630493164,-72.75
12.6916024684906,-72.84000000000003
12.698465824127197,-72.88
12.709477663040161,-73.00999999999999
12.718502759933472,-73.07000000000005
12.730060577392578,-73.16000000000003
12.740061521530151,-73.25999999999999
12.748897790908813,-73.40000000000003
12.75965428352356,-73.56000000000006
12.7693350315094,-73.59000000000003
12.779338359832764,-73.59000000000003
12.788849353790283,-73.53000000000003
12.79983639717102,-73.20000000000005
12.80945634841919,-72.93
12.8184814453125,-72.59000000000003
12.830015659332275,-71.92000000000002
12.839196681976318,-71.61000000000001
12.849193572998047,-71.41000000000003
12.859204530715942,-71.29000000000002
12.870195627212524,-70.98000000000002
12.87920093536377,-70.72000000000003
12.889228343963623,-70.35000000000002
12.899204969406128,-69.80000000000001
12.909084796905518,-69.52000000000004
12.92008638381958,-69.00999999999999
12.929087400436401,-68.77000000000004
12.94108533859253,-67.99000000000001
12.94908595085144,-67.62
12.959112644195557,-67.27000000000004
12.970086336135864,-66.61000000000001
12.979109525680542,-66.39000000000004
12.990118503570557,-66.12
12.999143600463867,-66.09000000000003
13.008676528930664,-66.27000000000004
13.019640922546387,-66.94000000000005
13.028676748275757,-67.28000000000003
13.039645671844482,-68.12
13.049784183502197,-68.54000000000002
13.059371709823608,-69.34000000000003
13.069382905960083,-69.79000000000002
13.081380367279053,-70.65000000000003
13.089390277862549,-70.98000000000002
13.099397659301758,-71.22000000000003
13.110420942306519,-71.43
13.118444919586182,-71.41000000000003
13.13042688369751,-71.20000000000005
13.139419794082642,-71.09000000000003
13.14942455291748,-71.04000000000002
13.159421682357788,-70.88
13.168457984924316,-70.82000000000005
13.180445432662964,-70.78000000000003
13.189462184906006,-70.75
13.199703693389893,-70.86000000000001
13.209123373031616,-71.07000000000005
13.219098567962646,-71.29000000000002
13.229864835739136,-71.53000000000003
13.238962888717651,-71.68
13.250379800796509,-71.92000000000002
13.259956121444702,-72.06000000000006
13.26995301246643,-72.04000000000002
13.278979539871216,-71.95000000000005
13.289023876190186,-71.86000000000001
13.298987627029419,-71.72000000000003
13.309512615203857,-71.64000000000004
13.31950330734253,-71.58000000000004
13.328530550003052,-71.48000000000002
13.339505434036255,-71.24000000000001
13.34852910041809,-71.18
13.359513282775879,-71.06000000000006
13.3695068359375,-70.66000000000003
13.378506898880005,-70.48000000000002
13.389537334442139,-70.08000000000004
13.399542331695557,-69.85000000000002
13.409725666046143,-69.33000000000004
13.419727563858032,-69.10000000000002
13.428734302520752,-68.91000000000003
13.439730644226074,-68.69000000000005
13.448731422424316,-68.71000000000004
13.459733247756958,-68.95000000000005
13.468727827072144,-69.19000000000005
13.479452133178711,-69.59000000000003
13.489078760147095,-69.70000000000005
13.49902892112732,-69.70000000000005
13.509549140930176,-69.53000000000003
13.519940614700317,-69.50999999999999
13.529940366744995,-69.50999999999999
13.539641618728638,-69.54000000000002
13.549616813659668,-69.81000000000006
13.559353113174438,-69.99000000000001
13.570330381393433,-70.10000000000002
13.578524351119995,-70.09000000000003
13.589574575424194,-70.09000000000003
13.599732875823975,-70.13
13.609888553619385,-70.24000000000001
13.619732141494751,-70.42000000000002
13.628711938858032,-70.96000000000004
13.639866352081299,-71.12
13.649868726730347,-71.23000000000002
13.658868074417114,-71.18
13.669867515563965,-70.90000000000003
13.678866147994995,-70.84000000000003
13.691130638122559,-70.73000000000002
13.700130939483643,-70.62
13.709203958511353,-70.46000000000004
13.71926999092102,-70.05000000000001
13.72866153717041,-69.87
13.73960828781128,-69.66000000000003
13.749610900878906,-69.58000000000004
13.760294675827026,-69.35000000000002
13.769285917282104,-69.18
13.779951810836792,-68.98000000000002
13.789412021636963,-68.54000000000002
13.799173355102539,-68.38
13.81080937385559,-68.06000000000006
13.818570613861084,-67.93
13.828557968139648,-67.75999999999999
13.839846849441528,-67.24000000000001
13.849855899810791,-66.88
13.86029052734375,-66.34000000000003
13.87013053894043,-66.12
13.879100322723389,-65.81000000000006
13.888508081436157,-65.65000000000003
13.900468826293945,-65.32000000000005
13.908980131149292,-65.20000000000005
13.919669389724731,-65.03000000000003
13.929657697677612,-64.83000000000004
13.939247369766235,-64.84000000000003
13.950255870819092,-64.95000000000005
13.959990501403809,-65.04000000000002
13.968964099884033,-65.14000000000004
13.979927778244019,-65.63
13.990259885787964,-66.06000000000006
14.00023365020752,-67.41000000000003
14.009479284286499,-68.29000000000002
14.019441843032837,-70.28000000000003
14.029220819473267,-71.24000000000001
14.04022479057312,-73.33000000000004
14.050220012664795,-74.28000000000003
14.060230255126953,-75.03000000000003
14.06921911239624,-76.27000000000004
14.07849907875061,-76.75
14.089534759521484,-77.69000000000005
14.098547220230103,-78.41000000000003
14.110268831253052,-80.12
14.119266271591187,-81.16000000000003
14.129499912261963,-82.36000000000001
14.13847541809082,-84.59000000000003
14.14927053451538,-86.04000000000002
14.159280061721802,-88.65000000000003
14.173871040344238,-90.46000000000004
14.189632415771484,-92.28000000000003
14.198919296264648,-92.88
14.209989309310913,-94.58000000000004
14.219268560409546,-95.30000000000001
14.230397939682007,-96.32000000000005
14.238809823989868,-96.73000000000002
14.251033544540405,-97.29000000000002
14.260815382003784,-97.37
14.269855499267578,-97.19000000000005
14.279848337173462,-95.77000000000004
14.288933038711548,-94.55000000000001
14.298909902572632,-92.75999999999999
14.309934139251709,-89.25999999999999
14.318492412567139,-87.50999999999999
14.329479455947876,-84.00999999999999
14.339099407196045,-82.25999999999999
14.351097345352173,-78.5
14.360377550125122,-76.75
14.369896173477173,-75.0
14.379855155944824,-71.5
14.38869833946228,-69.75
14.399971008300781,-66.25
14.40949296951294,-64.50999999999999
14.420787572860718,-62.410000000000025
14.428786516189575,-62.18000000000001
14.439950704574585,-62.35000000000002
14.449947357177734,-65.06000000000006
14.45913577079773,-66.81000000000006
14.469565629959106,-68.56000000000006
14.479204654693604,-72.06000000000006
14.489217281341553,-73.82000000000005
14.500442028045654,-77.32000000000005
14.510088682174683,-79.07000000000005
14.520078182220459,-82.50999999999999
14.529537677764893,-83.96000000000004
14.539548635482788,-85.23000000000002
14.549550771713257,-87.14000000000004
14.559293985366821,-87.92000000000002
14.569271802902222,-89.03000000000003
14.580103397369385,-89.23000000000002
14.590063571929932,-88.55000000000001
14.600072383880615,-87.31000000000006
14.609590768814087,-85.56000000000006
14.619610786437988,-82.05000000000001
14.629591226577759,-80.30000000000001
14.63959264755249,-76.80000000000001
14.649908781051636,-75.05000000000001
14.658771514892578,-73.05000000000001
14.669393062591553,-69.55000000000001
14.678450345993042,-67.80000000000001
14.689450025558472,-64.29000000000002
14.698456287384033,-63.30000000000001
14.71010446548462,-63.27000000000004
14.718616962432861,-64.18
14.73123836517334,-67.60000000000002
14.740263938903809,-69.35000000000002
14.748962163925171,-71.10000000000002
14.758970499038696,-74.60000000000002
14.769714832305908,-76.35000000000002
14.78070068359375,-79.47000000000003
14.788466215133667,-80.27000000000004
14.799090147018433,-80.83000000000004
14.81034255027771,-81.0
14.819340705871582,-80.80000000000001
14.830907821655273,-80.16000000000003
14.8384370803833,-80.02000000000004
14.849510669708252,-80.64000000000004
14.859537839889526,-80.69000000000005
14.868515968322754,-80.31000000000006
14.879520893096924,-79.93
14.889920473098755,-79.36000000000001
14.90091848373413,-78.04000000000002
14.908474206924438,-77.97000000000003
14.918824911117554,-77.89000000000004
14.929798364639282,-77.89000000000004
14.938831329345703,-79.64000000000004
14.949493408203125,-79.61000000000001
14.95879602432251,-80.25
14.968835592269897,-80.85000000000002
14.978909015655518,-80.85000000000002
14.989966869354248,-81.49000000000001
14.999970436096191,-82.40000000000003
15.008704423904419,-82.48000000000002
15.019710779190063,-82.44000000000005
15.029943227767944,-82.52000000000004
15.039032936096191,-82.55000000000001
15.04982614517212,-82.44000000000005
15.059982061386108,-82.42000000000002
15.068979501724243,-82.41000000000003
15.079537868499756,-82.39000000000004
15.089849710464478,-82.40000000000003
15.098762035369873,-82.38
15.109275817871094,-82.37
15.11909556388855,-82.36000000000001
15.12931227684021,-82.37
15.140286684036255,-82.37
15.149715900421143,-82.39000000000004
15.159470558166504,-82.40000000000003
15.168659210205078,-82.40000000000003
15.180379867553711,-82.39000000000004
15.190399408340454,-82.40000000000003
15.199488162994385,-82.38
15.210180044174194,-82.35000000000002
15.219384670257568,-82.35000000000002
15.2299063205719,-82.33000000000004
15.240166187286377,-82.33000000000004
15.248617887496948,-82.33000000000004
15.259639263153076,-82.31000000000006
15.26844835281372,-82.31000000000006
15.279446363449097,-82.30000000000001
15.288511991500854,-82.32000000000005
15.299492120742798,-82.29000000000002
15.309258460998535,-82.31000000000006
15.320595502853394,-82.32000000000005
15.328602075576782,-82.31000000000006
15.338657140731812,-82.32000000000005
15.350402355194092,-82.30000000000001
15.359402418136597,-82.28000000000003
15.37083387374878,-82.27000000000004
15.378832578659058,-82.27000000000004
15.389717817306519,-82.28000000000003
15.399681329727173,-82.28000000000003
15.40915560722351,-82.27000000000004
15.420050382614136,-82.25999999999999
15.429048538208008,-82.25999999999999
15.439057350158691,-82.27000000000004
15.449059009552002,-82.25999999999999
15.460071563720703,-82.24000000000001
15.46959662437439,-82.24000000000001
15.478597402572632,-82.24000000000001
15.489395141601562,-82.22000000000003
15.499600410461426,-82.22000000000003
15.509770154953003,-82.23000000000002
15.51922869682312,-82.22000000000003
15.540054321289062,-82.18
15.548436641693115,-82.19000000000005
15.559417486190796,-82.20000000000005
15.569462776184082,-82.18
15.580336809158325,-82.18
15.589343547821045,-82.17000000000002
15.598668336868286,-82.16000000000003
15.611228942871094,-82.14000000000004
15.619348764419556,-82.12
15.62937593460083,-82.11000000000001
15.639672994613647,-82.10000000000002
15.64940333366394,-82.09000000000003
15.659364461898804,-82.11000000000001
15.669342756271362,-82.10000000000002
15.680326700210571,-82.07000000000005
15.688935041427612,-82.07000000000005
15.699940204620361,-82.10000000000002
15.711201190948486,-82.11000000000001
15.719180822372437,-82.11000000000001
15.729274272918701,-82.09000000000003
15.73971676826477,-82.08000000000004
15.751091480255127,-82.09000000000003
15.759241580963135,-82.07000000000005
15.770383596420288,-82.06000000000006
15.780385255813599,-82.05000000000001
15.78934621810913,-82.05000000000001
15.80012035369873,-82.06000000000006
15.810118913650513,-82.06000000000006
15.819182395935059,-82.08000000000004
15.829132795333862,-82.10000000000002
15.839189291000366,-82.08000000000004
15.85097360610962,-82.10000000000002
15.858785390853882,-82.12
15.868814706802368,-82.12
15.87878680229187,-82.11000000000001
15.889966487884521,-82.11000000000001
15.90095567703247,-82.08000000000004
15.909298658370972,-82.07000000000005
15.920018196105957,-82.06000000000006
15.929917097091675,-82.07000000000005
15.94005012512207,-82.05000000000001
15.950865507125854,-82.06000000000006
15.958452939987183,-82.04000000000002
15.970455408096313,-82.04000000000002
15.978453874588013,-82.04000000000002
15.989076852798462,-82.04000000000002
15.999685764312744,-82.04000000000002
16.009230375289917,-82.04000000000002
16.01935124397278,-82.05000000000001
16.029473543167114,-82.06000000000006
16.039450883865356,-82.03000000000003
16.048584461212158,-82.02000000000004
16.059881925582886,-82.00999999999999
16.070839405059814,-82.00999999999999
16.078746557235718,-82.00999999999999
16.088765621185303,-82.00999999999999
16.098748683929443,-82.0
16.10956645011902,-81.98000000000002
16.119757652282715,-82.00999999999999
16.12876558303833,-82.0
16.138765335083008,-81.98000000000002
16.150171995162964,-81.96000000000004
16.15917158126831,-81.95000000000005
16.170170545578003,-81.95000000000005
16.179186582565308,-81.95000000000005
16.19018268585205,-81.96000000000004
16.19896650314331,-81.95000000000005
16.208965063095093,-81.94000000000005
16.219228267669678,-81.94000000000005
16.229227781295776,-81.93
16.24130916595459,-81.92000000000002
16.249311923980713,-81.93
16.26030969619751,-81.95000000000005
16.269826650619507,-81.93
16.280997276306152,-81.90000000000003
16.289032697677612,-81.88
16.29903745651245,-81.88
16.309505462646484,-81.87
16.31855535507202,-81.88
16.329972982406616,-81.88
16.339618921279907,-81.86000000000001
16.348976850509644,-81.86000000000001
16.35985803604126,-81.85000000000002
16.369823217391968,-81.87
16.38050603866577,-81.87
16.388549089431763,-81.88
16.399391889572144,-81.89000000000004
16.40955662727356,-81.90000000000003
16.419398546218872,-81.89000000000004
16.429354190826416,-81.88
16.439863920211792,-81.87
16.449853658676147,-81.84000000000003
16.45938491821289,-81.84000000000003
16.468728065490723,-81.81000000000006
16.479751348495483,-81.80000000000001
16.489721298217773,-81.81000000000006
16.499918699264526,-81.81000000000006
16.509921550750732,-81.80000000000001
16.51950454711914,-81.81000000000006
16.52965784072876,-81.82000000000005
16.538652896881104,-81.81000000000006
16.54965615272522,-81.83000000000004
16.559659957885742,-81.83000000000004
16.569645166397095,-81.83000000000004
16.579339504241943,-81.85000000000002
16.590076684951782,-81.85000000000002
16.599081993103027,-81.84000000000003
16.609128952026367,-81.82000000000005
16.618651866912842,-81.84000000000003
16.62865662574768,-81.85000000000002
16.63957977294922,-81.85000000000002
16.649081230163574,-81.87
16.658981800079346,-81.89000000000004
16.668606996536255,-81.89000000000004
16.679484128952026,-81.89000000000004
16.68848466873169,-81.88
16.700329065322876,-81.87
16.709327697753906,-81.85000000000002
16.71964931488037,-81.83000000000004
16.729555130004883,-81.82000000000005
16.739556550979614,-81.81000000000006
16.749024868011475,-81.80000000000001
16.75947594642639,-81.83000000000004
16.76849865913391,-81.83000000000004
16.779497146606445,-81.82000000000005
16.789520502090454,-81.79000000000002
16.79953360557556,-81.78000000000003
16.809385776519775,-81.79000000000002
16.818912744522095,-81.78000000000003
16.829803466796875,-81.81000000000006
16.839372158050537,-81.81000000000006
16.850379943847656,-81.81000000000006
16.85871982574463,-81.80000000000001
16.868465900421143,-81.79000000000002
16.879440546035767,-81.81000000000006
16.888942003250122,-81.83000000000004
16.908032655715942,-81.81000000000006
16.919280290603638,-81.80000000000001
17.159472227096558,-81.78000000000003
17.200486421585083,-81.71000000000004
