time,yaw_deg
0.2964191436767578,-0.0
0.3244132995605469,-0.30000000000001137
0.3454163074493408,-0.37000000000000455
0.35239505767822266,-0.35000000000002274
0.3664419651031494,-0.3100000000000023
0.37340426445007324,-0.2600000000000193
0.38742613792419434,-0.13000000000002387
0.3944060802459717,-0.060000000000002274
0.41542816162109375,0.12999999999999545
0.4224081039428711,0.1799999999999784
0.43642210960388184,0.2599999999999909
0.44339919090270996,0.30999999999997385
0.45743322372436523,0.339999999999975
0.46439504623413086,0.339999999999975
0.48543715476989746,0.29999999999998295
0.4924280643463135,0.2699999999999818
0.5064640045166016,0.14999999999997726
0.5134272575378418,0.08999999999997499
0.5273919105529785,-0.030000000000001137
0.5344109535217285,-0.0700000000000216
0.555413007736206,-0.21999999999999886
0.5624401569366455,-0.27000000000001023
0.576430082321167,-0.30000000000001137
0.583428144454956,-0.3200000000000216
0.5974321365356445,-0.29000000000002046
0.6044421195983887,-0.2600000000000193
0.6254472732543945,-0.13000000000002387
0.6324160099029541,-0.0700000000000216
0.6534392833709717,0.03999999999999204
0.6604049205780029,0.09999999999999432
0.6674370765686035,0.11999999999997613
0.6744272708892822,0.1599999999999966
0.6884222030639648,0.20999999999997954
0.6954019069671631,0.20999999999997954
0.7023942470550537,0.20999999999997954
0.7164332866668701,0.1599999999999966
0.7234041690826416,0.1599999999999966
0.7374241352081299,0.11999999999997613
0.7444112300872803,0.07999999999998408
0.7655222415924072,-0.040000000000020464
0.7724132537841797,-0.0800000000000125
0.7864000797271729,-0.12000000000000455
0.7933952808380127,-0.13000000000002387
0.8074181079864502,-0.14000000000001478
0.814410924911499,-0.14000000000001478
0.8354291915893555,-0.14000000000001478
0.8424072265625,-0.10000000000002274
0.8564169406890869,-0.040000000000020464
0.8634171485900879,-0.010000000000019327
0.8774199485778809,0.05999999999997385
0.8844389915466309,0.07999999999998408
0.9054162502288818,0.12999999999999545
0.9124400615692139,0.14999999999997726
0.9264430999755859,0.13999999999998636
0.9333970546722412,0.14999999999997726
0.9474351406097412,0.11999999999997613
0.9544119834899902,0.08999999999997499
0.9754312038421631,0.05999999999997385
0.9824151992797852,0.030000000000001137
1.003418207168579,-0.0
1.010439157485962,-0.010000000000019327
1.017395257949829,-0.010000000000019327
1.024400234222412,-0.020000000000010232
1.0384340286254883,0.009999999999990905
1.0454001426696777,0.009999999999990905
1.0523951053619385,0.01999999999998181
1.0664570331573486,0.009999999999990905
1.0734190940856934,0.009999999999990905
1.0874171257019043,0.04999999999998295
1.0943942070007324,0.07999999999998408
1.1154260635375977,0.07999999999998408
1.1223931312561035,0.06999999999999318
1.136415958404541,0.01999999999998181
1.1434240341186523,0.030000000000001137
1.157405138015747,0.009999999999990905
1.1644160747528076,0.01999999999998181
1.1854000091552734,0.009999999999990905
1.1923871040344238,-0.010000000000019327
1.206395149230957,-0.0
1.2133870124816895,0.009999999999990905
1.2273781299591064,-0.010000000000019327
1.2344181537628174,-0.0
1.2554271221160889,0.030000000000001137
1.2624030113220215,0.030000000000001137
1.2763960361480713,0.03999999999999204
1.283400297164917,0.01999999999998181
1.2974519729614258,-0.030000000000001137
1.3044090270996094,-0.010000000000019327
1.3254351615905762,-0.030000000000001137
1.3324041366577148,-0.040000000000020464
1.3464250564575195,-0.060000000000002274
1.3533952236175537,-0.0800000000000125
1.3674139976501465,-0.0700000000000216
1.3743863105773926,-0.0700000000000216
1.388425350189209,-0.0700000000000216
1.395402193069458,-0.060000000000002274
1.4024062156677246,-0.060000000000002274
1.4164221286773682,-0.05000000000001137
1.4233860969543457,-0.05000000000001137
1.4374022483825684,-0.05000000000001137
1.4444081783294678,-0.05000000000001137
1.4654290676116943,-0.0700000000000216
1.4724080562591553,-0.0800000000000125
1.486417293548584,-0.09000000000000341
1.493401050567627,-0.11000000000001364
1.5074021816253662,-0.14000000000001478
1.5144460201263428,-0.14000000000001478
1.5354101657867432,-0.12000000000000455
1.542402982711792,-0.09000000000000341
1.556394100189209,-0.0800000000000125
1.563439130783081,-0.060000000000002274
1.577409029006958,-0.040000000000020464
1.5843932628631592,-0.05000000000001137
1.605407953262329,-0.0800000000000125
1.6124231815338135,-0.0700000000000216
1.6264331340789795,-0.12000000000000455
1.647434949874878,-0.18000000000000682
1.6544020175933838,-0.20000000000001705
1.6754481792449951,-0.21000000000000796
1.682436227798462,-0.21999999999999886
1.703416109085083,-0.14000000000001478
1.7104082107543945,-0.0800000000000125
1.7173962593078613,-0.040000000000020464
1.724440097808838,0.01999999999998181
1.7384121417999268,0.10999999999998522
1.7454161643981934,0.13999999999998636
1.7524042129516602,0.1599999999999966
1.7664172649383545,0.20999999999997954
1.7734122276306152,0.23999999999998067
1.7874140739440918,0.23999999999998067
1.7943899631500244,0.22999999999998977
1.8154361248016357,0.1599999999999966
1.8224260807037354,0.12999999999999545
1.8364143371582031,0.04999999999998295
1.843421220779419,0.030000000000001137
1.8574261665344238,-0.060000000000002274
1.864428997039795,-0.10000000000002274
1.8854141235351562,-0.160000000000025
1.8924341201782227,-0.15000000000000568
1.906459093093872,-0.13000000000002387
1.9134361743927002,-0.11000000000001364
1.9274041652679443,-0.030000000000001137
1.9344151020050049,0.009999999999990905
1.955428123474121,0.12999999999999545
1.96244215965271,0.1799999999999784
1.976449966430664,0.1699999999999875
1.9834060668945312,0.01999999999998181
1.9974100589752197,-0.410000000000025
2.004404306411743,-0.6200000000000045
2.0254299640655518,-1.210000000000008
2.0323970317840576,-1.420000000000016
2.0464329719543457,-1.8700000000000045
2.0534000396728516,-2.1100000000000136
2.0674030780792236,-2.680000000000007
2.0743942260742188,-3.0
2.088402271270752,-3.640000000000015
2.0953972339630127,-3.980000000000018
2.102389097213745,-4.3300000000000125
2.116401195526123,-5.030000000000001
2.123432159423828,-5.360000000000014
2.13739013671875,-5.980000000000018
2.144402265548706,-6.260000000000019
2.1654062271118164,-7.090000000000003
2.172398090362549,-7.390000000000015
2.1864140033721924,-8.01000000000002
2.193390130996704,-8.340000000000003
2.2074201107025146,-9.060000000000002
2.214407205581665,-9.430000000000007
2.2354321479797363,-10.550000000000011
2.2424051761627197,-10.950000000000017
2.256420135498047,-11.669999999999987
2.2634410858154297,-12.039999999999992
2.2774109840393066,-12.750000000000028
2.2843949794769287,-13.109999999999985
2.3054120540618896,-14.26000000000002
2.312437057495117,-14.620000000000033
2.326406240463257,-15.419999999999987
2.333404302597046,-15.81000000000003
2.347429037094116,-16.57000000000002
2.3544130325317383,-16.930000000000035
2.375432252883911,-17.940000000000026
2.3823952674865723,-18.22999999999999
2.403430223464966,-19.039999999999992
2.410391092300415,-19.28
2.4173831939697266,-19.50000000000003
2.424406051635742,-19.72999999999999
2.438397169113159,-20.140000000000015
2.445418119430542,-20.359999999999985
2.4523961544036865,-20.599999999999994
2.4664151668548584,-20.990000000000038
2.473412036895752,-21.210000000000008
2.48742413520813,-21.590000000000003
2.494403123855591,-21.78
2.5154311656951904,-22.30000000000004
2.522426128387451,-22.47999999999999
2.536419153213501,-22.78
2.5434181690216064,-22.950000000000017
2.5574331283569336,-23.30000000000004
2.564406156539917,-23.460000000000008
2.585426092147827,-23.960000000000008
2.5924081802368164,-24.109999999999985
2.606438159942627,-24.409999999999997
2.6134190559387207,-24.51000000000002
2.6274139881134033,-24.80000000000004
2.6344141960144043,-24.919999999999987
2.6554553508758545,-25.22
2.6624319553375244,-25.330000000000013
2.676427125930786,-25.450000000000017
2.683399200439453,-25.539999999999992
2.69744610786438,-25.72
2.7044060230255127,-25.80000000000004
2.725443124771118,-26.06000000000003
2.7324280738830566,-26.120000000000033
2.7464439868927,-26.31000000000003
2.7534022331237793,-26.409999999999997
2.767414093017578,-26.609999999999985
2.7744219303131104,-26.700000000000017
2.7884950637817383,-26.81000000000003
2.7954161167144775,-26.890000000000015
2.8024120330810547,-26.960000000000008
2.816437005996704,-27.210000000000008
2.823420286178589,-27.30000000000004
2.837423086166382,-27.51000000000002
2.8444151878356934,-27.590000000000003
2.865432024002075,-27.81000000000003
2.8724231719970703,-27.909999999999997
2.886409282684326,-28.120000000000033
2.893402099609375,-28.190000000000026
2.9074151515960693,-28.359999999999985
2.9144251346588135,-28.440000000000026
2.9354212284088135,-28.78
2.942401170730591,-28.890000000000015
2.9564380645751953,-29.150000000000006
2.9634323120117188,-29.27000000000001
2.9774601459503174,-29.539999999999992
2.984403133392334,-29.680000000000035
3.005415201187134,-29.950000000000017
3.012425184249878,-30.03
3.026447057723999,-30.109999999999985
3.0334079265594482,-30.140000000000015
3.0474250316619873,-30.210000000000008
3.0544071197509766,-30.27000000000001
3.0754339694976807,-30.390000000000015
3.082407236099243,-30.440000000000026
3.096431016921997,-30.57000000000002
3.10339617729187,-30.620000000000033
3.1174230575561523,-30.82000000000002
3.124422073364258,-30.909999999999997
3.1383981704711914,-31.02000000000001
3.1454381942749023,-31.07000000000002
3.152407169342041,-31.109999999999985
3.1664071083068848,-31.200000000000017
3.173410177230835,-31.240000000000038
3.187412977218628,-31.31000000000003
3.1944081783294678,-31.370000000000033
3.215407133102417,-31.390000000000015
3.222393035888672,-31.380000000000024
3.2364420890808105,-31.370000000000033
3.2434492111206055,-31.370000000000033
3.257441997528076,-31.409999999999997
3.264436960220337,-31.409999999999997
3.2854042053222656,-31.419999999999987
3.292410135269165,-31.400000000000006
3.3064441680908203,-31.430000000000035
3.313422203063965,-31.430000000000035
3.3274359703063965,-31.47999999999999
3.3344240188598633,-31.50000000000003
3.355433940887451,-31.47
3.362429141998291,-31.47999999999999
3.3764171600341797,-31.56000000000003
3.383441209793091,-31.599999999999994
3.397433042526245,-31.659999999999997
3.4044153690338135,-31.72
3.4254322052001953,-31.72999999999999
3.4324281215667725,-31.72999999999999
3.446439266204834,-31.72
3.4533870220184326,-31.72
3.467414140701294,-31.72999999999999
3.47440505027771,-31.740000000000038
3.4884231090545654,-31.72999999999999
3.495434284210205,-31.75000000000003
3.5023961067199707,-31.740000000000038
3.5164191722869873,-31.75000000000003
3.5234222412109375,-31.740000000000038
3.5374090671539307,-31.75000000000003
3.544417142868042,-31.76000000000002
3.565439224243164,-31.75000000000003
3.5723981857299805,-31.740000000000038
3.5864040851593018,-31.72999999999999
3.5933990478515625,-31.72
3.6074302196502686,-31.710000000000008
3.614408254623413,-31.72
3.6354269981384277,-31.75000000000003
3.642407178878784,-31.740000000000038
3.6564221382141113,-31.75000000000003
3.6634223461151123,-31.72999999999999
3.6774351596832275,-31.710000000000008
3.684406042098999,-31.72
3.705404281616211,-31.72
3.7124242782592773,-31.72
3.726436138153076,-31.72999999999999
3.733394145965576,-31.72999999999999
3.7474451065063477,-31.72999999999999
3.7544262409210205,-31.72
3.775428056716919,-31.75000000000003
3.7824110984802246,-31.740000000000038
3.796419143676758,-31.72999999999999
3.8033881187438965,-31.710000000000008
3.817418336868286,-31.710000000000008
3.8243861198425293,-31.700000000000017
3.838393211364746,-31.690000000000026
3.8454272747039795,-31.700000000000017
3.8524022102355957,-31.710000000000008
3.8664231300354004,-31.710000000000008
3.8734121322631836,-31.710000000000008
3.887403964996338,-31.72999999999999
3.8944103717803955,-31.710000000000008
3.915424108505249,-31.740000000000038
3.9223999977111816,-31.72999999999999
3.93642520904541,-31.72
3.943394184112549,-31.700000000000017
3.9574079513549805,-31.72999999999999
3.96441912651062,-31.72
3.98540997505188,-31.72
3.9924232959747314,-31.740000000000038
4.006408214569092,-31.72999999999999
4.013417959213257,-31.710000000000008
4.02742600440979,-31.710000000000008
4.034418106079102,-31.72
4.055405139923096,-31.700000000000017
4.062424182891846,-31.690000000000026
4.076415300369263,-31.640000000000015
4.08341121673584,-31.650000000000006
4.097425222396851,-31.650000000000006
4.104414224624634,-31.650000000000006
4.12545108795166,-31.72
4.132411241531372,-31.740000000000038
4.14643931388855,-31.75000000000003
4.1533942222595215,-31.72999999999999
4.167431116104126,-31.72
4.174403190612793,-31.72999999999999
4.188410043716431,-31.700000000000017
4.19542121887207,-31.690000000000026
4.202399253845215,-31.690000000000026
4.216430187225342,-31.669999999999987
4.2233991622924805,-31.700000000000017
4.237417221069336,-31.710000000000008
4.244412183761597,-31.72
4.265416145324707,-31.72999999999999
4.27238917350769,-31.72
4.286401987075806,-31.690000000000026
4.293402194976807,-31.669999999999987
4.307401180267334,-31.620000000000033
4.314430236816406,-31.599999999999994
4.335412263870239,-31.57000000000002
4.342406272888184,-31.599999999999994
4.356412172317505,-31.669999999999987
4.363401174545288,-31.710000000000008
4.37739109992981,-31.740000000000038
4.384406089782715,-31.740000000000038
4.405425071716309,-31.72
4.412440061569214,-31.72999999999999
4.426438093185425,-31.700000000000017
4.4333860874176025,-31.680000000000035
4.447436094284058,-31.650000000000006
4.454407215118408,-31.630000000000024
4.475434064865112,-31.599999999999994
4.482405185699463,-31.620000000000033
4.496395111083984,-31.680000000000035
4.5034050941467285,-31.669999999999987
4.517428159713745,-31.700000000000017
4.524409055709839,-31.72
4.538457155227661,-31.72999999999999
4.54541015625,-31.77000000000001
4.552393198013306,-31.77000000000001
4.566421031951904,-31.740000000000038
4.573447227478027,-31.740000000000038
4.587390184402466,-31.72999999999999
4.5943992137908936,-31.72999999999999
4.615440130233765,-31.76000000000002
4.622403144836426,-31.78
4.636422157287598,-31.81000000000003
4.643420219421387,-31.789999999999992
4.657387971878052,-31.75000000000003
4.664405107498169,-31.77000000000001
4.685409069061279,-31.72999999999999
4.692394971847534,-31.72999999999999
4.706395149230957,-31.700000000000017
4.7133870124816895,-31.680000000000035
4.727402925491333,-31.640000000000015
4.734385251998901,-31.669999999999987
4.755413055419922,-31.659999999999997
4.762413024902344,-31.659999999999997
4.776437044143677,-31.650000000000006
4.783387184143066,-31.650000000000006
4.7974231243133545,-31.640000000000015
4.804463148117065,-31.630000000000024
4.825412034988403,-31.56000000000003
4.832399129867554,-31.52000000000001
4.853395223617554,-31.47999999999999
4.860424280166626,-31.680000000000035
4.867412328720093,-31.740000000000038
4.8744120597839355,-31.840000000000003
4.888431072235107,-31.890000000000015
4.895405054092407,-31.830000000000013
4.902389049530029,-31.82000000000002
4.916407108306885,-31.75000000000003
4.9234232902526855,-31.77000000000001
4.937396287918091,-31.789999999999992
4.944395065307617,-31.77000000000001
4.9654271602630615,-31.690000000000026
4.9724202156066895,-31.710000000000008
4.986426115036011,-31.78
4.993384122848511,-31.81000000000003
5.007401943206787,-31.859999999999985
5.014409303665161,-31.900000000000006
5.035417079925537,-31.990000000000038
5.042428255081177,-32.109999999999985
5.056410074234009,-31.990000000000038
5.063434362411499,-31.97
5.077409029006958,-31.960000000000008
5.084419012069702,-31.940000000000026
5.105393171310425,-31.919999999999987
5.112426042556763,-31.919999999999987
5.126436233520508,-31.890000000000015
5.133383274078369,-31.880000000000024
5.147433280944824,-31.849999999999994
5.154407262802124,-31.840000000000003
5.175426006317139,-31.81000000000003
5.182410955429077,-31.78
5.196424245834351,-31.72999999999999
5.20339298248291,-31.710000000000008
5.217400074005127,-31.690000000000026
5.224390268325806,-31.659999999999997
5.2384021282196045,-31.640000000000015
5.245436191558838,-31.640000000000015
5.252389192581177,-31.630000000000024
5.2664101123809814,-31.609999999999985
5.273396253585815,-31.620000000000033
5.2874040603637695,-31.609999999999985
5.294377326965332,-31.609999999999985
5.315422296524048,-31.640000000000015
5.322417259216309,-31.630000000000024
5.336392164230347,-31.640000000000015
5.34340500831604,-31.669999999999987
5.357426166534424,-31.740000000000038
5.364407062530518,-31.75000000000003
5.385409116744995,-31.82000000000002
5.392380237579346,-31.849999999999994
5.406384229660034,-31.870000000000033
5.413407325744629,-31.890000000000015
5.427406072616577,-31.909999999999997
5.434370994567871,-31.900000000000006
5.4553821086883545,-31.880000000000024
5.462402105331421,-31.859999999999985
5.476426362991333,-31.849999999999994
5.483423948287964,-31.849999999999994
5.497424125671387,-31.849999999999994
5.504422187805176,-31.859999999999985
5.525437116622925,-31.950000000000017
5.5324320793151855,-31.940000000000026
5.546434164047241,-31.940000000000026
5.553394317626953,-31.950000000000017
5.567417144775391,-31.940000000000026
5.574404239654541,-31.919999999999987
5.588382244110107,-31.909999999999997
5.595367193222046,-31.930000000000035
5.6023852825164795,-31.919999999999987
5.616400241851807,-31.930000000000035
5.623380184173584,-31.950000000000017
5.637391090393066,-31.960000000000008
5.644390106201172,-31.97
5.665412187576294,-31.990000000000038
5.672418117523193,-31.990000000000038
5.686408281326294,-31.97999999999999
5.693371057510376,-31.97
5.707410097122192,-31.990000000000038
5.7143871784210205,-31.990000000000038
5.735411167144775,-31.97999999999999
5.742411136627197,-31.990000000000038
5.7564263343811035,-31.97999999999999
5.763420104980469,-31.960000000000008
5.777432203292847,-31.950000000000017
5.784780979156494,-31.960000000000008
5.79138708114624,-31.940000000000026
5.80541205406189,-31.940000000000026
5.812398195266724,-31.950000000000017
5.8264241218566895,-31.950000000000017
5.833375930786133,-31.930000000000035
5.847407102584839,-31.940000000000026
5.854412078857422,-31.940000000000026
5.875415086746216,-31.900000000000006
5.882397174835205,-31.880000000000024
5.896428108215332,-31.870000000000033
5.903393030166626,-31.870000000000033
5.91741418838501,-31.919999999999987
5.924408197402954,-31.919999999999987
5.938410997390747,-31.940000000000026
5.945385932922363,-31.919999999999987
5.952400207519531,-31.930000000000035
5.966407299041748,-31.930000000000035
5.973386287689209,-31.930000000000035
5.987391948699951,-31.900000000000006
5.994400978088379,-31.890000000000015
6.015426158905029,-31.900000000000006
6.022387266159058,-31.880000000000024
6.03639817237854,-31.870000000000033
6.043406009674072,-31.880000000000024
6.0573999881744385,-31.890000000000015
6.064404249191284,-31.900000000000006
6.0854172706604,-31.930000000000035
6.0924060344696045,-31.919999999999987
6.106426239013672,-31.930000000000035
6.113409996032715,-31.950000000000017
6.127399206161499,-31.960000000000008
6.134381055831909,-31.97999999999999
6.155388116836548,-31.97
6.162419319152832,-31.960000000000008
6.176435232162476,-31.97999999999999
6.183394193649292,-32.01000000000002
6.197439193725586,-32.00000000000003
6.2043890953063965,-31.97999999999999
6.225390195846558,-31.950000000000017
6.232389211654663,-31.930000000000035
6.253405332565308,-31.909999999999997
6.260411262512207,-31.890000000000015
6.267385005950928,-31.880000000000024
6.274408340454102,-31.870000000000033
6.2884111404418945,-31.870000000000033
6.295421123504639,-31.849999999999994
6.302406072616577,-31.870000000000033
6.316416025161743,-31.890000000000015
6.337393283843994,-31.859999999999985
6.344402313232422,-31.859999999999985
6.365441083908081,-31.840000000000003
6.372390270233154,-31.80000000000004
6.386402130126953,-31.72
6.3933751583099365,-31.650000000000006
6.4073803424835205,-31.490000000000038
6.414419174194336,-31.380000000000024
6.435394048690796,-30.56000000000003
6.442392110824585,-30.26000000000002
6.456399202346802,-29.380000000000024
6.463389158248901,-28.909999999999997
6.477388143539429,-27.72999999999999
6.484385013580322,-27.03
6.5053932666778564,-24.80000000000004
6.51239013671875,-23.960000000000008
6.5263941287994385,-22.27000000000001
6.53341007232666,-21.390000000000015
6.5474302768707275,-19.599999999999994
6.554386138916016,-18.710000000000008
6.57541823387146,-16.200000000000017
6.58240008354187,-15.340000000000003
6.596415281295776,-13.570000000000022
6.603389263153076,-12.719999999999999
6.617414236068726,-11.04000000000002
6.624396085739136,-10.200000000000017
6.63838529586792,-8.51000000000002
6.64538311958313,-7.700000000000017
6.652381181716919,-6.8300000000000125
6.6663899421691895,-5.0800000000000125
6.673410177230835,-4.230000000000018
6.687391996383667,-2.5100000000000193
6.694399356842041,-1.700000000000017
6.715412139892578,0.7699999999999818
6.722378969192505,1.5699999999999932
6.73638916015625,3.1299999999999955
6.7433881759643555,3.8799999999999955
6.757383108139038,5.369999999999976
6.764403343200684,6.099999999999994
6.785386085510254,8.129999999999995
6.792399168014526,8.769999999999982
6.806403160095215,10.089999999999975
6.813412189483643,10.679999999999978
6.827419281005859,11.819999999999993
6.834402084350586,12.339999999999975
6.855399131774902,13.789999999999992
6.862426042556763,14.23999999999998
6.876432180404663,15.069999999999993
6.883380174636841,15.45999999999998
6.897426128387451,16.089999999999975
6.904384136199951,16.389999999999986
6.925412178039551,17.089999999999975
6.932397127151489,17.269999999999982
6.946423053741455,17.53
6.953379154205322,17.609999999999985
6.9674060344696045,17.67999999999998
6.974395275115967,17.629999999999995
6.9884021282196045,17.569999999999993
6.9953930377960205,17.44999999999999
7.002401113510132,17.289999999999992
7.01640510559082,16.94999999999999
7.023416042327881,16.75999999999999
7.037391185760498,16.22999999999999
7.04438328742981,15.919999999999987
7.065418243408203,14.899999999999977
7.072395086288452,14.48999999999998
7.08639931678772,13.639999999999986
7.093402147293091,13.179999999999978
7.107414960861206,12.22999999999999
7.114422082901001,11.769999999999982
7.135417222976685,10.22999999999999
7.142397165298462,9.669999999999987
7.156414270401001,8.609999999999985
7.163402318954468,8.069999999999993
7.1774022579193115,6.939999999999998
7.184374094009399,6.4199999999999875
7.205399990081787,4.75
7.212425231933594,4.149999999999977
7.226399183273315,2.9499999999999886
7.233370065689087,2.359999999999985
7.247424125671387,1.039999999999992
7.254407167434692,0.38999999999998636
7.275399208068848,-1.8100000000000023
7.28243613243103,-2.5700000000000216
7.296420097351074,-4.050000000000011
7.30340313911438,-4.8300000000000125
7.317395210266113,-6.27000000000001
7.324386119842529,-6.969999999999999
7.338381052017212,-8.390000000000015
7.345373153686523,-9.080000000000013
7.3523781299591064,-9.76000000000002
7.366385221481323,-11.060000000000002
7.3733811378479,-11.719999999999999
7.38737416267395,-13.070000000000022
7.394358158111572,-13.719999999999999
7.41539192199707,-15.630000000000024
7.422374248504639,-16.159999999999997
7.43639612197876,-17.150000000000006
7.443381071090698,-17.620000000000033
7.457406282424927,-18.53
7.464406967163086,-18.960000000000008
7.485406160354614,-20.22999999999999
7.492396116256714,-20.630000000000024
7.506403207778931,-21.380000000000024
7.513413190841675,-21.72999999999999
7.527385234832764,-22.31000000000003
7.534424066543579,-22.620000000000033
7.555417060852051,-23.359999999999985
7.5624120235443115,-23.490000000000038
7.576393127441406,-23.47999999999999
7.583377122879028,-23.370000000000033
7.59741997718811,-23.06000000000003
7.604388236999512,-22.890000000000015
7.625423192977905,-21.72
7.6323912143707275,-21.240000000000038
7.6464152336120605,-20.180000000000035
7.653406143188477,-19.620000000000033
7.66739821434021,-18.430000000000035
7.674397230148315,-17.81000000000003
7.688405990600586,-16.51000000000002
7.695387125015259,-15.820000000000022
7.702393054962158,-15.130000000000024
7.716404914855957,-13.680000000000035
7.723400115966797,-12.969999999999999
7.7374091148376465,-11.440000000000026
7.744409084320068,-10.670000000000016
7.765411138534546,-8.27000000000001
7.77241325378418,-7.430000000000007
7.786419153213501,-5.670000000000016
7.793391227722168,-4.75
7.807384014129639,-2.890000000000015
7.814404010772705,-1.8900000000000148
7.835381031036377,1.2199999999999989
7.842385292053223,2.259999999999991
7.856412172317505,4.280000000000001
7.863424062728882,5.269999999999982
7.87739896774292,7.179999999999978
7.884413242340088,8.149999999999977
7.905401229858398,11.099999999999994
7.912405014038086,12.129999999999995
7.926422119140625,14.049999999999983
7.933385133743286,15.019999999999982
7.94741415977478,17.03
7.954380989074707,17.97999999999999
7.975413084030151,20.549999999999983
7.98241925239563,21.329999999999984
7.99642014503479,22.889999999999986
8.003374099731445,23.579999999999984
8.017396926879883,25.019999999999982
8.024392127990723,25.73999999999998
8.038398265838623,27.379999999999995
8.045412063598633,28.19999999999999
8.052390098571777,29.00999999999999
8.06640100479126,30.439999999999998
8.087403059005737,32.22999999999999
8.094377994537354,32.70999999999998
8.115397214889526,34.14999999999998
8.122405052185059,34.609999999999985
8.136396169662476,35.639999999999986
8.14339828491211,36.17999999999998
8.157413244247437,37.47999999999999
8.16438603401184,38.059999999999974
8.185388088226318,39.839999999999975
8.192383289337158,40.41
8.206404209136963,41.53
8.213376998901367,42.04999999999998
8.227391242980957,43.16999999999999
8.234378337860107,43.73999999999998
8.255386114120483,45.51999999999998
8.262403011322021,46.119999999999976
8.27642011642456,47.369999999999976
8.283398151397705,48.03
8.297428369522095,49.22
8.304397106170654,49.79999999999998
8.325385332107544,51.47999999999999
8.332372903823853,52.06999999999999
8.346405267715454,53.39999999999998
8.353373289108276,54.06999999999999
8.36738920211792,55.41
8.374377250671387,56.00999999999999
8.388404369354248,57.17999999999998
8.395401239395142,57.76999999999998
8.40238618850708,58.379999999999995
8.416406154632568,59.64999999999998
8.423382043838501,60.23999999999998
8.43739628791809,61.44
8.44440507888794,62.03999999999999
8.465435266494751,63.78999999999999
8.472390174865723,64.55999999999997
8.486407279968262,65.94999999999999
8.493390083312988,66.69999999999999
8.507404088973999,68.13999999999999
8.514399290084839,68.82
8.535394191741943,70.94
8.542388200759888,71.66999999999999
8.556396007537842,73.03999999999999
8.563432216644287,73.70999999999998
8.577391147613525,75.01999999999998
8.584392309188843,75.64999999999998
8.605393171310425,77.45999999999998
8.612418174743652,78.03999999999999
8.626434087753296,79.19999999999999
8.63336706161499,79.76999999999998
8.647420167922974,80.91
8.654394149780273,81.47
8.67540717124939,83.11999999999998
8.682422161102295,83.61999999999998
8.696409225463867,84.5
8.703382968902588,84.89999999999998
8.7174072265625,85.67999999999998
8.724392175674438,86.04999999999998
8.738400936126709,86.73999999999998
8.745419025421143,87.03
8.752390146255493,87.28999999999999
8.766401052474976,87.80999999999997
8.773401021957397,88.03
8.78742504119873,88.42999999999998
8.794377326965332,88.61999999999998
8.815404176712036,88.94
8.822388172149658,88.98999999999998
8.836402177810669,88.97
8.843392133712769,88.88999999999999
8.857433080673218,88.57
8.864378213882446,88.30999999999997
8.885396957397461,87.07999999999998
8.892399072647095,86.47
8.906394243240356,84.85
8.913397073745728,83.57999999999998
8.927377223968506,80.35999999999999
8.93436312675476,78.60999999999999
8.95541501045227,73.35999999999999
8.962403059005737,71.60999999999999
8.976421117782593,68.14999999999998
8.98339295387268,66.47
8.99741792678833,63.16999999999999
9.004379272460938,61.56999999999999
9.025421142578125,56.879999999999995
9.032398223876953,55.5
9.046409130096436,52.889999999999986
9.053404092788696,51.66
9.067394018173218,49.41
9.07438611984253,48.28999999999999
9.088402271270752,46.099999999999994
9.095414161682129,44.97999999999999
9.102380990982056,43.829999999999984
9.116401195526123,41.629999999999995
9.123400211334229,40.609999999999985
9.13739013671875,38.869999999999976
9.144383192062378,38.31999999999999
9.165422201156616,37.72999999999999
9.17238712310791,37.94
9.186405181884766,38.67999999999998
9.193408012390137,39.19999999999999
9.207428216934204,40.629999999999995
9.214409351348877,41.53999999999999
9.235411167144775,44.73999999999998
9.242380142211914,45.98999999999998
9.256409168243408,48.829999999999984
9.263391256332397,50.19
9.277388095855713,52.72
9.28438115119934,53.809999999999974
9.305397987365723,55.73999999999998
9.312417984008789,56.16
9.32637619972229,56.059999999999974
9.333369016647339,55.42999999999998
9.347406148910522,53.81999999999999
9.354366302490234,53.129999999999995
9.361390113830566,52.45999999999998
9.37541127204895,51.25999999999999
9.382382154464722,50.599999999999994
9.403419256210327,48.69
9.410415172576904,48.48999999999998
9.417385339736938,48.359999999999985
9.424408197402954,48.29999999999998
9.438393115997314,48.28
9.445412158966064,48.369999999999976
9.452400207519531,48.53
9.466383218765259,48.56999999999999
9.47339415550232,48.44999999999999
9.487396240234375,47.859999999999985
9.494398355484009,47.349999999999994
9.515385150909424,44.72999999999999
9.522371053695679,43.589999999999975
9.536396026611328,40.94999999999999
9.543366193771362,39.19999999999999
9.55738615989685,35.69999999999999
9.564420223236084,33.94999999999999
9.578405141830444,30.44999999999999
9.585375308990479,28.69999999999999
9.592390060424805,26.94999999999999
9.606418132781982,23.44999999999999
9.61339807510376,22.589999999999975
9.627389192581177,20.379999999999995
9.634395122528076,20.109999999999985
9.655409097671509,19.189999999999998
9.662382125854492,19.119999999999976
9.676383972167969,19.159999999999997
9.683367252349854,19.329999999999984
9.697399139404297,19.809999999999974
9.70437216758728,20.109999999999985
9.725415229797363,21.20999999999998
9.732391119003296,21.589999999999975
9.753407955169678,22.569999999999993
9.760404348373413,22.809999999999974
9.767373085021973,23.019999999999982
9.774394035339355,23.169999999999987
9.7884042263031,25.039999999999992
9.795406103134155,26.789999999999992
9.802377223968506,28.539999999999992
9.8163902759552,32.03999999999999
9.823386192321777,33.41999999999999
9.837391138076782,34.81999999999999
9.844389200210571,34.70999999999998
9.865435123443604,31.269999999999982
9.87239122390747,29.519999999999982
9.886394023895264,26.00999999999999
9.89345932006836,24.25999999999999
9.90740704536438,20.75999999999999
9.914416074752808,19.00999999999999
9.935387134552002,13.759999999999991
9.942399978637695,12.009999999999991
9.956421136856079,9.0
9.963413000106812,7.889999999999986
9.977383136749268,7.869999999999976
9.984391212463379,8.949999999999989
10.0053870677948,12.419999999999987
10.012393236160278,13.669999999999987
10.026422023773193,16.359999999999985
10.033375978469849,17.69999999999999
10.047409296035767,20.639999999999986
10.054373264312744,22.389999999999986
10.061390161514282,24.139999999999986
10.07541298866272,27.649999999999977
10.08239197731018,29.399999999999977
10.096394300460815,31.549999999999983
10.103422164916992,31.399999999999977
10.117402076721191,28.689999999999998
10.124391078948975,26.939999999999998
10.138390064239502,23.439999999999998
10.145403146743774,21.689999999999998
10.152384042739868,19.939999999999998
10.166393041610718,16.439999999999998
10.173405170440674,18.189999999999998
10.18738317489624,18.819999999999993
10.194364070892334,20.379999999999995
10.20837116241455,22.589999999999975
10.21537709236145,22.559999999999974
10.236392259597778,26.079999999999984
10.250392198562622,29.579999999999984
10.278395175933838,32.559999999999974
10.285377025604248,30.809999999999974
10.299397230148315,27.309999999999974
10.320386171340942,22.049999999999983
10.32738208770752,20.299999999999983
10.348411083221436,19.839999999999975
10.355377197265625,19.669999999999987
10.369393110275269,19.269999999999982
10.37637710571289,19.189999999999998
10.390374183654785,18.25999999999999
10.397399187088013,18.399999999999977
10.418395280838013,19.70999999999998
10.425364971160889,20.22
10.439390182495117,23.72999999999999
10.446377277374268,25.47999999999999
10.460397005081177,28.97999999999999
10.467370986938477,30.72999999999999
10.48839020729065,29.28
10.49541711807251,27.53
10.509418964385986,24.03
10.516395092010498,22.28
10.530418157577515,18.78
10.537382125854492,17.03
10.558403015136719,17.569999999999993
10.565376043319702,17.22
10.586421966552734,17.44999999999999
10.600396156311035,16.23999999999998
10.607375144958496,16.339999999999975
10.621393203735352,16.75
10.628425359725952,16.639999999999986
10.635393142700195,16.799999999999983
10.649391174316406,19.639999999999986
10.656400203704834,21.389999999999986
10.670392036437988,24.899999999999977
10.677383184432983,26.649999999999977
10.698395252227783,26.579999999999984
10.705418348312378,24.829999999999984
10.719410181045532,21.329999999999984
10.726388931274414,19.579999999999984
10.740394115447998,16.079999999999984
10.747387170791626,14.329999999999984
10.768400192260742,16.399999999999977
10.775386095046997,17.389999999999986
10.78939700126648,17.19999999999999
10.79641318321228,17.42999999999998
10.810367345809937,16.799999999999983
10.81736421585083,15.549999999999983
10.838395118713379,15.47999999999999
10.845381259918213,16.129999999999995
10.859407186508179,19.629999999999995
10.866392135620117,21.379999999999995
10.8804190158844,24.889999999999986
10.887375116348267,26.639999999999986
10.908419132232666,24.42999999999998
10.915385007858276,22.67999999999998
10.936394929885864,17.42999999999998
10.943471193313599,15.679999999999978
10.950375080108643,13.929999999999978
10.957410097122192,12.169999999999987
10.971388101577759,12.169999999999987
10.978384256362915,11.47999999999999
10.985388994216919,13.22999999999999
10.999392032623291,13.719999999999999
11.020384073257446,11.899999999999977
11.027383089065552,11.019999999999982
11.048408031463623,7.719999999999999
11.055389165878296,8.280000000000001
11.069386959075928,9.369999999999976
11.076423168182373,11.049999999999983
11.090410947799683,14.549999999999983
11.097386121749878,16.299999999999983
11.118403196334839,21.549999999999983
11.125396251678467,21.23999999999998
11.13944125175476,17.73999999999998
11.14640998840332,15.98999999999998
11.160454273223877,12.48999999999998
11.167402029037476,10.73999999999998
11.188369274139404,6.639999999999986
11.195402383804321,6.719999999999999
11.20940613746643,6.539999999999992
11.216401100158691,6.929999999999978
11.230411052703857,6.329999999999984
11.23737120628357,5.849999999999994
11.258399963378906,4.359999999999985
11.265418291091919,3.9599999999999795
11.286395072937012,3.809999999999974
11.293422222137451,3.6899999999999977
11.30738615989685,3.25
11.328397035598755,2.3799999999999955
11.335370302200317,2.039999999999992
11.349388122558594,1.3599999999999852
11.356384038925171,1.039999999999992
11.370388269424438,0.46999999999999886
11.377376079559326,0.2599999999999909
11.39839220046997,-0.13000000000002387
11.405388116836548,-0.21999999999999886
11.419403076171875,-0.3400000000000034
11.426398277282715,-0.36000000000001364
11.440393209457397,-0.36000000000001364
11.447383165359497,-0.3300000000000125
11.468420028686523,-0.17000000000001592
11.475379228591919,-0.09000000000000341
11.489395141601562,0.07999999999998408
11.496410131454468,0.14999999999997726
11.510396242141724,3.6499999999999773
11.517364263534546,5.399999999999977
11.538380146026611,10.659999999999997
11.545397996902466,12.409999999999997
11.559398174285889,10.069999999999993
11.566359996795654,8.319999999999993
11.580401182174683,4.819999999999993
11.587368249893188,3.059999999999974
11.608406066894531,2.049999999999983
11.615376234054565,1.3699999999999761
11.636399030685425,1.829999999999984
11.643378257751465,0.839999999999975
11.657393217086792,-2.660000000000025
11.678414106369019,-7.920000000000016
11.68538522720337,-9.670000000000016
11.699393033981323,-11.680000000000035
11.706427097320557,-12.539999999999992
11.72038722038269,-14.150000000000006
11.727376222610474,-15.099999999999994
11.748399019241333,-17.359999999999985
11.75537109375,-17.97
11.769384145736694,-19.22
11.776387214660645,-18.900000000000006
11.790394067764282,-18.50000000000003
11.797381162643433,-18.31000000000003
11.818405151367188,-16.81000000000003
11.82539415359497,-16.419999999999987
11.839409112930298,-15.640000000000015
11.846390008926392,-15.340000000000003
11.86040210723877,-14.870000000000033
11.86741018295288,-14.750000000000028
11.888387203216553,-14.780000000000001
11.895411252975464,-14.900000000000006
11.909409999847412,-15.109999999999985
11.91640329360962,-13.359999999999985
11.930388927459717,-9.860000000000014
11.937373161315918,-8.110000000000014
11.944388151168823,-6.360000000000014
11.958388328552246,-3.3200000000000216
11.965399026870728,-3.890000000000015
11.986412048339844,-9.140000000000015
11.99340009689331,-10.900000000000006
12.00740122795105,-14.400000000000006
12.02838397026062,-15.830000000000013
12.035403966903687,-16.120000000000033
12.049397945404053,-16.120000000000033
12.056390285491943,-17.28
12.07037901878357,-20.580000000000013
12.077376127243042,-22.330000000000013
12.09841012954712,-27.580000000000013
12.105392217636108,-29.330000000000013
12.11939024925232,-32.84
12.126396179199219,-34.59
12.140393257141113,-38.09
12.147419214248657,-39.84
12.16838812828064,-38.74000000000004
12.175395011901855,-39.06000000000003
12.189383268356323,-39.380000000000024
12.196386098861694,-39.51000000000002
12.21037220954895,-39.57000000000002
12.217373132705688,-39.51000000000002
12.238378047943115,-39.180000000000035
12.245403051376343,-38.83000000000001
12.25937819480896,-37.78
12.266390085220337,-37.109999999999985
12.280400276184082,-35.55000000000004
12.28740406036377,-34.72999999999999
12.308387041091919,-32.24000000000004
12.315394163131714,-30.490000000000038
12.33640432357788,-25.22999999999999
12.343384027481079,-23.47999999999999
12.350354194641113,-21.72999999999999
12.357381105422974,-19.97999999999999
12.37138295173645,-19.81000000000003
12.378391027450562,-21.56000000000003
12.385357141494751,-23.31000000000003
12.399379253387451,-26.81000000000003
12.406384229660034,-28.57000000000002
12.420383214950562,-32.07000000000002
12.427385091781616,-33.82000000000002
12.448419094085693,-38.02000000000001
12.4553861618042,-38.82000000000002
12.469402074813843,-40.95000000000002
12.476378202438354,-40.30000000000004
12.490417242050171,-39.66999999999999
12.497420072555542,-39.05000000000004
12.518378973007202,-37.349999999999994
12.52538514137268,-36.71000000000001
12.539388179779053,-35.47
12.546385288238525,-34.97
12.560370206832886,-33.97
12.567373037338257,-33.55000000000004
12.588381290435791,-32.72999999999999
12.595404148101807,-32.62000000000003
12.609390020370483,-31.47999999999999
12.61637806892395,-29.72999999999999
12.630407094955444,-26.22999999999999
12.6373770236969,-24.47999999999999
12.644384145736694,-22.72999999999999
12.658388137817383,-20.240000000000038
12.665404081344604,-20.400000000000006
12.686393022537231,-25.00000000000003
12.693414211273193,-26.75000000000003
12.700369119644165,-28.51000000000002
12.707410097122192,-30.26000000000002
12.721396923065186,-33.76000000000002
12.72841215133667,-35.51000000000002
12.735381126403809,-37.26000000000002
12.749391078948975,-40.31000000000003
12.77038836479187,-41.930000000000035
12.77738904953003,-41.099999999999994
12.798402070999146,-39.140000000000015
12.805395126342773,-38.349999999999994
12.819388151168823,-36.87000000000003
12.826375246047974,-36.190000000000026
12.840375185012817,-34.78
12.8473801612854,-34.16999999999999
12.868376016616821,-32.80000000000004
12.875360012054443,-32.51000000000002
12.889374256134033,-32.28
12.896390199661255,-32.31000000000003
12.910388946533203,-32.640000000000015
12.917366027832031,-32.91999999999999
12.938375234603882,-34.099999999999994
12.94537901878357,-34.56000000000003
12.959403991699219,-35.53
12.966362237930298,-35.99000000000004
12.980372905731201,-36.80000000000004
12.987377166748047,-37.140000000000015
13.008373022079468,-37.78
13.01539921760559,-37.849999999999994
13.036394119262695,-37.62000000000003
13.043394088745117,-37.41999999999999
13.057399988174438,-36.87000000000003
13.078418254852295,-35.859999999999985
13.085376977920532,-35.47999999999999
13.099393129348755,-34.83000000000001
13.106388330459595,-34.59
13.120373964309692,-34.22
13.127366065979004,-34.09
13.148354053497314,-34.22
13.15539026260376,-34.28999999999999
13.16938328742981,-34.380000000000024
13.17642593383789,-34.400000000000006
13.190397262573242,-34.45000000000002
13.19736909866333,-34.46000000000001
13.218408107757568,-34.53
13.22539210319519,-34.609999999999985
13.239428043365479,-34.849999999999994
13.246400117874146,-35.00000000000003
13.260394096374512,-35.349999999999994
13.267365217208862,-35.52000000000001
13.28839921951294,-36.01000000000002
13.295385122299194,-36.150000000000006
13.309376001358032,-36.37000000000003
13.316364049911499,-36.440000000000026
13.330399990081787,-36.49000000000004
13.337366104125977,-36.47
13.358376264572144,-36.24000000000004
13.36539626121521,-36.130000000000024
13.386393070220947,-35.78999999999999
13.393391132354736,-35.680000000000035
13.40037226676941,-35.57000000000002
13.40740704536438,-35.47
13.421409130096436,-35.31000000000003
13.428380250930786,-35.26000000000002
13.435400247573853,-35.24000000000004
13.44938611984253,-35.22999999999999
13.470370054244995,-35.359999999999985
13.477376937866211,-35.41999999999999
13.498406171798706,-35.70000000000002
13.505398988723755,-35.80000000000004
13.519381999969482,-35.99000000000004
13.526382207870483,-36.08000000000001
13.540405035018921,-36.20000000000002
13.54737401008606,-36.28
13.568413257598877,-36.349999999999994
13.575406074523926,-36.33000000000001
13.589392185211182,-36.24000000000004
13.596403121948242,-36.150000000000006
13.61037015914917,-35.99000000000004
13.617393255233765,-35.91
13.638376235961914,-36.27000000000001
13.64540410041809,-36.51000000000002
13.659395217895508,-37.07000000000002
13.666372060775757,-37.359999999999985
13.680402278900146,-38.16
13.687392950057983,-38.71000000000001
13.708394050598145,-40.91999999999999
13.715403079986572,-41.690000000000026
13.736378192901611,-43.680000000000035
13.743423223495483,-44.22999999999999
13.750394105911255,-44.72999999999999
13.757389068603516,-45.21000000000001
13.771385192871094,-46.03
13.778388977050781,-46.440000000000026
13.785390138626099,-46.859999999999985
13.799392938613892,-47.859999999999985
13.806368112564087,-48.400000000000006
13.820395946502686,-49.650000000000006
13.827352046966553,-50.390000000000015
13.84840703010559,-52.83000000000001
13.855370283126831,-53.690000000000026
13.869387149810791,-55.37000000000003
13.876400232315063,-56.21000000000001
13.890385150909424,-57.77000000000001
13.897401094436646,-58.56000000000003
13.918373107910156,-60.71000000000001
13.925375938415527,-61.390000000000015
13.939403057098389,-62.599999999999994
13.946380138397217,-63.20000000000002
13.960413217544556,-64.22999999999999
13.967356204986572,-64.72999999999999
13.988376140594482,-66.13000000000002
13.995408058166504,-66.55000000000004
14.00937819480896,-67.34
14.016392230987549,-67.70000000000002
14.030402183532715,-68.37000000000003
14.037361145019531,-68.70000000000002
14.058383226394653,-69.57000000000002
14.065391063690186,-69.85999999999999
14.086410999298096,-70.66
14.09338903427124,-70.88000000000002
14.100359201431274,-71.12000000000003
14.107405185699463,-71.35
14.121380090713501,-71.89000000000001
14.128448963165283,-72.18000000000004
14.135377168655396,-72.44000000000003
14.149378061294556,-72.95000000000002
14.156394958496094,-73.24000000000004
14.170376300811768,-74.00000000000003
14.17735505104065,-74.4
14.198386192321777,-75.80000000000004
14.20535397529602,-76.20000000000005
14.219379186630249,-76.80000000000007
14.226417064666748,-77.06000000000006
14.240389108657837,-77.48000000000002
14.247376203536987,-77.63999999999999
14.26838231086731,-77.95000000000005
14.27538013458252,-78.01999999999998
14.289380073547363,-78.11000000000001
14.296394348144531,-78.15999999999997
14.310376167297363,-78.33000000000004
14.317360162734985,-78.38999999999999
14.338370084762573,-78.60000000000002
14.345359086990356,-78.70000000000005
14.359400272369385,-78.89999999999998
14.366372108459473,-79.00999999999999
14.380389213562012,-79.19000000000005
14.387356281280518,-79.26999999999998
14.408382177352905,-79.63999999999999
14.41539716720581,-79.71000000000004
14.436390161514282,-79.72000000000003
14.450376272201538,-79.71000000000004
14.457399129867554,-79.71000000000004
14.471383094787598,-79.71000000000004
14.47840929031372,-79.71000000000004
14.485363245010376,-79.69000000000005
14.499372005462646,-79.65999999999997
14.506375312805176,-79.65999999999997
14.52037501335144,-79.66999999999996
14.527367115020752,-79.66999999999996
14.548393964767456,-79.70000000000005
14.55538296699524,-79.70000000000005
14.569374322891235,-79.74000000000001
14.576385021209717,-79.75
14.590392112731934,-79.80000000000007
14.597401142120361,-79.88999999999999
14.618372201919556,-79.84000000000003
14.6253502368927,-79.84000000000003
14.639401912689209,-79.78999999999996
14.646374225616455,-79.78999999999996
14.660369157791138,-79.78999999999996
14.667378187179565,-79.75
14.688380241394043,-79.77999999999997
14.695398092269897,-79.76999999999998
14.709412097930908,-79.76999999999998
14.71638011932373,-79.76999999999998
14.73040509223938,-79.80000000000007
14.737378120422363,-79.80000000000007
14.744361162185669,-79.81000000000006
14.758399963378906,-79.80000000000007
14.765376091003418,-79.81000000000006
14.786381006240845,-79.77999999999997
14.7934091091156,-79.78999999999996
14.800382137298584,-79.80000000000007
14.807406187057495,-79.80000000000007
14.821388006210327,-79.82000000000005
14.828388214111328,-79.81000000000006
14.835377216339111,-79.81000000000006
14.849386930465698,-79.80000000000007
14.856357097625732,-79.81000000000006
14.870367288589478,-79.83000000000004
14.877365112304688,-79.82000000000005
14.898393154144287,-79.77999999999997
14.905360221862793,-79.77999999999997
14.919393062591553,-79.77999999999997
14.926387310028076,-79.77999999999997
14.94038701057434,-79.80000000000007
14.947376251220703,-79.77999999999997
14.968377113342285,-79.78999999999996
14.975353002548218,-79.77999999999997
14.989405155181885,-79.76999999999998
14.996378183364868,-79.75999999999999
15.010347127914429,-79.76999999999998
15.017390012741089,-79.75999999999999
15.038363218307495,-79.77999999999997
15.045348167419434,-79.78999999999996
15.059394121170044,-79.75999999999999
15.066362142562866,-79.75999999999999
15.080384969711304,-79.75999999999999
15.08737826347351,-79.75
15.108384132385254,-79.75
15.115391254425049,-79.75
15.136374950408936,-79.74000000000001
15.14338207244873,-79.75
15.157392263412476,-79.75
15.178406238555908,-79.75
15.185400009155273,-79.75
15.199376106262207,-79.75
15.206371068954468,-79.73000000000002
15.22037124633789,-79.73000000000002
15.227370977401733,-79.73000000000002
15.248398065567017,-79.71000000000004
15.255362033843994,-79.72000000000003
15.269387006759644,-79.71000000000004
15.276427984237671,-79.71000000000004
15.290369987487793,-79.70000000000005
15.297382116317749,-79.71000000000004
15.318386316299438,-79.71000000000004
15.367386102676392,-79.69000000000005
15.38838505744934,-79.71000000000004
15.395365238189697,-79.70000000000005
15.409371137619019,-79.65999999999997
15.416394233703613,-79.62
15.430421113967896,-79.62
15.437394142150879,-79.62
15.458388328552246,-79.62
15.465354919433594,-79.63
15.486366271972656,-79.66999999999996
15.493389129638672,-79.65999999999997
15.507374048233032,-79.70000000000005
15.528366088867188,-79.71000000000004
15.535386085510254,-79.71000000000004
15.549384117126465,-79.72000000000003
15.55636715888977,-79.72000000000003
15.57037901878357,-79.72000000000003
15.577367067337036,-79.72000000000003
15.598381996154785,-79.75
15.605362176895142,-79.75999999999999
15.619380950927734,-79.76999999999998
15.626357078552246,-79.75
15.640388011932373,-79.77999999999997
15.647356271743774,-79.77999999999997
15.6683931350708,-79.82000000000005
15.675363063812256,-79.85000000000002
15.689387083053589,-79.86000000000001
15.696367025375366,-79.88
15.710367918014526,-79.88999999999999
15.717365980148315,-79.88
15.738371133804321,-79.89999999999998
15.745374202728271,-79.94000000000005
15.759379148483276,-79.91999999999996
15.76637315750122,-79.91999999999996
15.780383348464966,-79.88
15.787362098693848,-79.89999999999998
15.808378219604492,-79.84000000000003
15.815366268157959,-79.83000000000004
15.836400270462036,-79.73000000000002
15.84338927268982,-79.70000000000005
15.857402086257935,-79.60000000000002
15.878395080566406,-79.30000000000007
15.885351181030273,-79.22000000000003
15.899372100830078,-78.88
15.920370101928711,-77.83000000000004
15.927359342575073,-77.36000000000001
15.94840121269226,-75.80000000000004
15.955372095108032,-75.16
15.969373226165771,-73.72999999999999
15.976392269134521,-72.93000000000004
15.990393161773682,-71.27000000000001
15.997375965118408,-70.41
16.018372058868408,-67.58000000000001
16.025370121002197,-66.6
16.03940200805664,-64.58000000000001
16.04641032218933,-63.53
16.06039023399353,-61.359999999999985
16.067355155944824,-60.26000000000002
16.088372230529785,-56.95000000000002
16.095386028289795,-55.82000000000002
16.109400033950806,-53.50000000000003
16.116380214691162,-52.28999999999999
16.130401134490967,-50.02000000000001
16.137364149093628,-48.890000000000015
16.158388137817383,-45.52000000000001
16.165359020233154,-44.380000000000024
16.18638515472412,-40.650000000000006
16.19338607788086,-39.41
16.200359106063843,-38.24000000000004
16.20739507675171,-37.12000000000003
16.221375942230225,-34.859999999999985
16.22837805747986,-33.74000000000004
16.235369205474854,-32.650000000000006
16.24936819076538,-30.419999999999987
16.256376028060913,-29.390000000000015
16.270369052886963,-27.380000000000024
16.277356147766113,-26.380000000000024
16.29840111732483,-23.490000000000038
16.30536699295044,-22.630000000000024
16.319358348846436,-20.930000000000035
16.326396226882935,-20.07000000000002
16.340360164642334,-18.47999999999999
16.347376108169556,-17.78
16.368356227874756,-16.150000000000006
16.375354051589966,-15.81000000000003
16.389366149902344,-15.359999999999985
16.396401166915894,-15.31000000000003
16.41037631034851,-15.409999999999997
16.417364358901978,-15.620000000000033
16.43836522102356,-17.090000000000003
16.445396184921265,-17.859999999999985
16.45939826965332,-18.849999999999994
16.46637511253357,-19.630000000000024
16.48037815093994,-21.080000000000013
16.487359285354614,-22.01000000000002
16.508403301239014,-24.840000000000003
16.51535725593567,-25.890000000000015
16.536379098892212,-29.52000000000001
16.543389320373535,-30.840000000000003
16.55738115310669,-33.66999999999999
16.578388214111328,-38.109999999999985
16.585376977920532,-39.630000000000024
16.5993709564209,-42.87000000000003
16.6203670501709,-48.03999999999999
16.6273672580719,-49.76000000000002
16.648394346237183,-54.83000000000001
16.655367136001587,-56.47999999999999
16.669376134872437,-59.66
16.69036626815796,-64.12000000000003
16.697376012802124,-65.46000000000001
16.718369960784912,-69.24000000000004
16.725359201431274,-70.47999999999999
16.7393581867218,-72.58000000000001
16.74639916419983,-73.47
16.76037907600403,-75.05000000000004
16.76735520362854,-75.74000000000004
16.788360118865967,-77.62
16.795385122299194,-78.13
16.809357166290283,-79.08000000000004
16.8163640499115,-79.37
16.830379009246826,-79.51999999999998
16.837374210357666,-79.50999999999999
16.858375310897827,-79.52999999999997
16.86539626121521,-79.50999999999999
16.886378049850464,-79.51999999999998
16.89339327812195,-79.50999999999999
16.90734624862671,-79.49000000000001
16.92840600013733,-79.48000000000002
16.935367107391357,-79.49000000000001
16.9493989944458,-79.48000000000002
16.95636224746704,-79.48000000000002
16.970362186431885,-79.46000000000004
16.977354288101196,-79.47000000000003
16.998385190963745,-79.44000000000005
17.005378007888794,-79.44000000000005
17.019370079040527,-79.41999999999996
17.026389122009277,-79.40999999999997
17.040374994277954,-79.39999999999998
17.047378301620483,-79.39999999999998
17.068381309509277,-79.39999999999998
17.075356245040894,-79.43000000000006
17.08937907218933,-79.5
17.096368074417114,-79.56000000000006
17.110392093658447,-79.59000000000003
17.117353916168213,-79.56000000000006
17.138373136520386,-79.55000000000007
17.145396947860718,-79.56000000000006
17.159390211105347,-79.55000000000007
17.1663761138916,-79.55000000000007
17.180386066436768,-79.59000000000003
17.187395095825195,-79.59000000000003
17.208374977111816,-79.59000000000003
17.215383052825928,-79.57000000000005
17.236383199691772,-79.63
17.243385076522827,-79.64999999999998
17.257391214370728,-79.64999999999998
17.278402090072632,-79.63
17.28535509109497,-79.63999999999999
17.29938817024231,-79.64999999999998
17.30635905265808,-79.64999999999998
17.320369243621826,-79.65999999999997
17.327364206314087,-79.63999999999999
17.34838604927063,-79.60000000000002
17.35536813735962,-79.60000000000002
17.369364976882935,-79.61000000000001
17.37637495994568,-79.61000000000001
17.390357971191406,-79.61000000000001
17.397375345230103,-79.61000000000001
17.418373107910156,-79.59000000000003
17.425395250320435,-79.56000000000006
17.439383029937744,-79.56000000000006
17.4463951587677,-79.55000000000007
17.460398197174072,-79.56000000000006
17.467352151870728,-79.56000000000006
17.488363027572632,-79.60000000000002
17.495381116867065,-79.60000000000002
17.509392261505127,-79.62
17.51639699935913,-79.64999999999998
17.530386209487915,-79.63999999999999
17.537363290786743,-79.63
17.558350086212158,-79.59000000000003
17.56535005569458,-79.58000000000004
17.586379051208496,-79.58000000000004
17.593348026275635,-79.58000000000004
17.60035514831543,-79.60000000000002
17.607378244400024,-79.59000000000003
17.621365070343018,-79.56000000000006
17.62839126586914,-79.56000000000006
17.635370016098022,-79.55000000000007
17.6493821144104,-79.56000000000006
17.65633201599121,-79.57000000000005
17.6703679561615,-79.58000000000004
17.67735719680786,-79.56000000000006
17.698373079299927,-79.60000000000002
17.705366134643555,-79.61000000000001
17.719367265701294,-79.62
17.726354122161865,-79.61000000000001
17.740375995635986,-79.62
17.747388124465942,-79.63999999999999
17.768376111984253,-79.65999999999997
17.775372982025146,-79.64999999999998
17.789380073547363,-79.62
17.79640221595764,-79.63
17.810360193252563,-79.60000000000002
17.817363262176514,-79.58000000000004
17.83837914466858,-79.53999999999996
17.845391035079956,-79.52999999999997
17.85938811302185,-79.52999999999997
17.866366147994995,-79.51999999999998
17.88038396835327,-79.46000000000004
17.887351989746094,-79.45000000000005
17.90834617614746,-79.45000000000005
17.91538095474243,-79.44000000000005
17.936366081237793,-79.44000000000005
17.94338297843933,-79.43000000000006
17.95034432411194,-79.45000000000005
17.957372188568115,-79.43000000000006
17.971394062042236,-79.43000000000006
17.978366136550903,-79.45000000000005
17.985361099243164,-79.48000000000002
17.999361991882324,-79.48000000000002
18.02036714553833,-79.49000000000001
18.027368307113647,-79.48000000000002
18.048392295837402,-79.5
18.055357217788696,-79.5
18.06936502456665,-79.53999999999996
18.076377153396606,-79.53999999999996
18.09038996696472,-79.55000000000007
18.097390174865723,-79.55000000000007
18.118359088897705,-79.59000000000003
18.12535810470581,-79.59000000000003
18.139374017715454,-79.61000000000001
18.146374225616455,-79.61000000000001
18.160365104675293,-79.62
18.16738200187683,-79.62
18.18838596343994,-79.61000000000001
18.19538712501526,-79.63
18.209381103515625,-79.61000000000001
18.216365098953247,-79.58000000000004
18.230358123779297,-79.58000000000004
18.23737120628357,-79.57000000000005
18.258349180221558,-79.58000000000004
18.265390157699585,-79.55000000000007
18.286368131637573,-79.55000000000007
18.293386220932007,-79.56000000000006
18.307361125946045,-79.57000000000005
18.328370094299316,-79.57000000000005
18.335373163223267,-79.56000000000006
18.34936809539795,-79.57000000000005
18.363373041152954,-79.57000000000005
18.370339155197144,-79.57000000000005
18.377340078353882,-79.56000000000006
18.398373126983643,-79.51999999999998
18.40536117553711,-79.49000000000001
18.419368267059326,-79.46000000000004
18.42642092704773,-79.45000000000005
18.440391302108765,-79.41999999999996
18.447367191314697,-79.40999999999997
18.468367099761963,-79.40999999999997
18.475367307662964,-79.39999999999998
18.489375352859497,-79.43000000000006
18.49638819694519,-79.44000000000005
18.510383129119873,-79.43000000000006
18.5173659324646,-79.43000000000006
18.5383620262146,-79.44000000000005
18.545369148254395,-79.44000000000005
18.559362173080444,-79.45000000000005
18.56636905670166,-79.45000000000005
18.580374002456665,-79.44000000000005
18.587351083755493,-79.44000000000005
18.6083881855011,-79.41999999999996
18.615368127822876,-79.43000000000006
18.63638925552368,-79.40999999999997
18.64337921142578,-79.40999999999997
18.650367975234985,-79.40999999999997
18.65739107131958,-79.40999999999997
18.67136812210083,-79.41999999999996
18.678373098373413,-79.45000000000005
18.685364961624146,-79.46000000000004
18.699368238449097,-79.47000000000003
18.720357179641724,-79.48000000000002
18.727349042892456,-79.49000000000001
18.748403310775757,-79.49000000000001
18.755353212356567,-79.48000000000002
18.769363164901733,-79.45000000000005
18.776368141174316,-79.45000000000005
18.790356159210205,-79.46000000000004
18.797349214553833,-79.47000000000003
18.8183650970459,-79.48000000000002
18.825364351272583,-79.44000000000005
18.839376211166382,-79.40999999999997
18.84636616706848,-79.43000000000006
18.860396146774292,-79.46000000000004
18.867337226867676,-79.47000000000003
18.888383150100708,-79.48000000000002
18.89542508125305,-79.48000000000002
18.909353971481323,-79.50999999999999
18.916356086730957,-79.51999999999998
18.93039107322693,-79.52999999999997
18.937339067459106,-79.53999999999996
18.958348989486694,-79.58000000000004
18.965346097946167,-79.60000000000002
18.986359119415283,-79.59000000000003
18.993376970291138,-79.60000000000002
19.007375240325928,-79.63
19.02835726737976,-79.66999999999996
19.035381078720093,-79.65999999999997
19.04936695098877,-79.66999999999996
19.056339263916016,-79.66999999999996
19.070389986038208,-79.64999999999998
19.077370166778564,-79.63
19.09837818145752,-79.64999999999998
19.105347156524658,-79.63999999999999
19.11938214302063,-79.64999999999998
19.126379013061523,-79.63999999999999
19.140382289886475,-79.65999999999997
19.147361993789673,-79.63
19.161370038986206,-79.63999999999999
19.168352127075195,-79.63999999999999
19.17535924911499,-79.65999999999997
19.18937611579895,-79.65999999999997
19.196385145187378,-79.66999999999996
19.210369110107422,-79.66999999999996
19.217336177825928,-79.68000000000006
19.238352060317993,-79.68000000000006
19.245405197143555,-79.68000000000006
19.25933837890625,-79.68000000000006
19.266369104385376,-79.66999999999996
19.280348300933838,-79.65999999999997
19.287382125854492,-79.68000000000006
19.301385164260864,-79.66999999999996
19.308351278305054,-79.68000000000006
19.322368144989014,-79.70000000000005
19.32933235168457,-79.69000000000005
19.33636498451233,-79.70000000000005
19.3503520488739,-79.70000000000005
19.35737109184265,-79.71000000000004
19.37137198448181,-79.69000000000005
19.378337144851685,-79.68000000000006
19.38533306121826,-79.64999999999998
19.39935302734375,-79.63
19.40637516975403,-79.61000000000001
19.420355081558228,-79.60000000000002
19.427353143692017,-79.60000000000002
19.44836926460266,-79.61000000000001
19.45535111427307,-79.61000000000001
19.469381093978882,-79.62
19.476378202438354,-79.63
19.49038314819336,-79.62
19.497361183166504,-79.62
19.51837420463562,-79.65999999999997
19.52537703514099,-79.65999999999997
19.53938102722168,-79.65999999999997
19.546361207962036,-79.63999999999999
19.560355186462402,-79.61000000000001
19.567344188690186,-79.62
19.588349103927612,-79.68000000000006
19.59539294242859,-79.66999999999996
19.60935616493225,-79.69000000000005
19.61637806892395,-79.69000000000005
19.630402088165283,-79.66999999999996
19.637365102767944,-79.68000000000006
19.65835428237915,-79.71000000000004
19.665364265441895,-79.72000000000003
19.686365127563477,-79.75
19.69337797164917,-79.75999999999999
19.707350969314575,-79.76999999999998
19.728358268737793,-79.76999999999998
19.74234414100647,-79.77999999999997
19.756360292434692,-79.75999999999999
19.76334834098816,-79.75
19.77033019065857,-79.75999999999999
19.77735924720764,-79.74000000000001
19.798377990722656,-79.73000000000002
19.80536127090454,-79.72000000000003
19.81935405731201,-79.74000000000001
19.826383113861084,-79.75
19.84038496017456,-79.74000000000001
19.847390174865723,-79.74000000000001
19.868367195129395,-79.73000000000002
19.87535834312439,-79.73000000000002
19.889371156692505,-79.72000000000003
19.89636516571045,-79.71000000000004
19.91037893295288,-79.69000000000005
19.917344093322754,-79.70000000000005
19.938355207443237,-79.70000000000005
19.945367097854614,-79.71000000000004
19.959376096725464,-79.72000000000003
19.966352224349976,-79.73000000000002
19.98038601875305,-79.71000000000004
19.987353086471558,-79.69000000000005
20.00834822654724,-79.65999999999997
20.029391050338745,-79.63999999999999
20.036367177963257,-79.63999999999999
20.050356149673462,-79.63999999999999
20.057366132736206,-79.63
20.07138419151306,-79.63999999999999
20.078367233276367,-79.64999999999998
20.08535122871399,-79.65999999999997
20.099360942840576,-79.70000000000005
20.106367349624634,-79.70000000000005
20.120359182357788,-79.75
20.12735629081726,-79.75999999999999
20.14838719367981,-79.73000000000002
20.15540313720703,-79.73000000000002
20.169382095336914,-79.72000000000003
20.176345109939575,-79.72000000000003
20.190351247787476,-79.75999999999999
20.197345972061157,-79.75
20.21834707260132,-79.75
20.225351095199585,-79.76999999999998
20.239400148391724,-79.78999999999996
20.246358156204224,-79.78999999999996
20.26033616065979,-79.77999999999997
20.26733112335205,-79.77999999999997
20.2743661403656,-79.76999999999998
20.288355112075806,-79.76999999999998
20.295385122299194,-79.77999999999997
20.30938410758972,-79.75999999999999
20.31637406349182,-79.76999999999998
20.330371141433716,-79.72000000000003
20.337337017059326,-79.73000000000002
20.358333110809326,-79.71000000000004
20.365333080291748,-79.70000000000005
20.379359245300293,-79.64999999999998
20.386330127716064,-79.65999999999997
20.400338172912598,-79.63
20.40733528137207,-79.62
20.421354055404663,-79.64999999999998
20.42838215827942,-79.66999999999996
20.435341119766235,-79.68000000000006
20.44934916496277,-79.68000000000006
20.45635414123535,-79.69000000000005
20.47034525871277,-79.72000000000003
20.47735023498535,-79.73000000000002
20.498401165008545,-79.77999999999997
20.505343914031982,-79.77999999999997
20.519342184066772,-79.77999999999997
20.52634310722351,-79.77999999999997
20.540372371673584,-79.78999999999996
20.547356128692627,-79.81000000000006
20.56837224960327,-79.80000000000007
20.575347185134888,-79.77999999999997
20.589352130889893,-79.75999999999999
20.5963351726532,-79.74000000000001
20.61033010482788,-79.71000000000004
20.61733913421631,-79.74000000000001
20.638355255126953,-79.76999999999998
20.64536714553833,-79.77999999999997
20.65937113761902,-79.76999999999998
20.66632914543152,-79.77999999999997
20.680371284484863,-79.77999999999997
20.68736219406128,-79.80000000000007
20.708373069763184,-79.82000000000005
20.71537208557129,-79.84000000000003
20.736348152160645,-79.91999999999996
20.743354082107544,-79.91999999999996
20.75036907196045,-79.94000000000005
20.757370233535767,-79.96000000000004
20.771353006362915,-79.99000000000001
20.778375148773193,-79.97000000000003
20.78535223007202,-79.96000000000004
20.799352169036865,-79.93000000000006
20.80634617805481,-79.91999999999996
20.820351362228394,-79.89999999999998
20.827344179153442,-79.91999999999996
20.848366022109985,-79.90999999999997
20.855353116989136,-79.93000000000006
20.869338035583496,-79.89999999999998
20.876373052597046,-79.89999999999998
20.8903911113739,-79.89999999999998
20.897380113601685,-79.88999999999999
20.91835618019104,-79.84000000000003
20.92538022994995,-79.85000000000002
20.939386129379272,-79.86000000000001
20.946380138397217,-79.87
20.96037220954895,-79.88
20.9673330783844,-79.88
20.98836398124695,-79.88
20.995383977890015,-79.87
21.009393215179443,-79.87
21.0163471698761,-79.88999999999999
21.030390977859497,-79.88
21.037379026412964,-79.86000000000001
21.05837631225586,-79.84000000000003
21.06539011001587,-79.85000000000002
21.086358070373535,-79.86000000000001
21.093367099761963,-79.87
21.100348234176636,-79.88999999999999
21.10736107826233,-79.85000000000002
21.121358156204224,-79.88999999999999
21.128377199172974,-79.90999999999997
21.13534426689148,-79.90999999999997
21.14934229850769,-79.91999999999996
21.170346975326538,-79.89999999999998
21.177353143692017,-79.87
21.19838309288025,-79.85000000000002
21.20534324645996,-79.85000000000002
21.219351053237915,-79.85000000000002
21.22636103630066,-79.84000000000003
21.240368127822876,-79.84000000000003
21.247364044189453,-79.81000000000006
21.26835608482361,-79.85000000000002
21.275360107421875,-79.84000000000003
21.28936219215393,-79.83000000000004
21.296359300613403,-79.82000000000005
21.310355186462402,-79.83000000000004
21.317338228225708,-79.85000000000002
21.338349103927612,-79.85000000000002
21.352387189865112,-79.82000000000005
21.35935115814209,-79.82000000000005
21.373372077941895,-79.81000000000006
21.38035297393799,-79.82000000000005
21.387333154678345,-79.82000000000005
21.40833306312561,-79.83000000000004
21.415372133255005,-79.84000000000003
21.43638515472412,-79.88999999999999
21.443385124206543,-79.89999999999998
21.450359106063843,-79.89999999999998
