time,roll,pitch,yaw,ax,ay,az
0.3538658618927002,-24.25,8.39,-0.0,-145.02,-403.81,896.48
0.36182498931884766,-27.73,7.96,-0.009999999999990905,-143.55,-478.03,909.18
0.36986374855041504,43.0,7.55,-0.030000000000001137,-136.72,-475.1,915.53
0.3858358860015869,-27.12,8.66,-0.06999999999999318,-155.27,-464.84,907.71
0.3938419818878174,-27.46,8.01,-0.060000000000002274,-143.07,-468.75,901.86
0.40186095237731934,-28.27,8.49,-0.060000000000002274,-151.37,-480.47,893.55
0.4178438186645508,-28.01,7.89,-0.030000000000001137,-142.09,-481.45,905.27
0.42586779594421387,-26.88,8.27,-0.03999999999999204,-147.95,-460.45,908.2
0.4498569965362549,-27.42,8.22,-0.05000000000001137,-149.9,-478.03,921.39
0.4578559398651123,-27.69,8.3,-0.060000000000002274,-151.86,-483.89,921.87
0.4818229675292969,-27.83,8.5,-0.03999999999999204,-153.32,-479.0,907.23
0.4898378849029541,-27.63,7.49,-0.030000000000001137,-134.77,-475.1,907.71
0.505836009979248,-27.23,8.79,-0.01999999999998181,-159.67,-472.66,918.46
0.5138349533081055,-27.29,7.98,-0.030000000000001137,-144.53,-472.66,916.02
0.5218758583068848,-27.87,8.33,-0.009999999999990905,-151.86,-484.86,916.99
0.5298299789428711,-27.64,8.76,-0.009999999999990905,-158.2,-476.07,909.18
0.537834882736206,-27.99,8.13,-0.01999999999998181,-146.97,-482.91,908.69
0.5618400573730469,-27.67,8.06,-0.06999999999999318,-146.48,-480.47,916.5
0.569821834564209,-27.54,8.17,-0.07999999999998408,-145.51,-468.75,898.93
0.601855993270874,-27.63,8.51,-0.060000000000002274,-156.25,-484.37,925.29
0.6098668575286865,-28.3,7.8,-0.060000000000002274,-140.62,-486.82,904.3
0.6178531646728516,-27.72,8.23,-0.07999999999998408,-147.95,-475.59,905.27
0.6338720321655273,-27.77,8.51,-0.060000000000002274,-152.34,-474.12,900.39
0.6418688297271729,-27.84,7.9,-0.06999999999999318,-142.58,-479.98,908.69
0.649864912033081,-27.5,7.77,-0.060000000000002274,-140.14,-474.12,910.64
0.6578578948974609,-27.38,8.21,-0.05000000000001137,-146.48,-466.8,901.37
0.6818499565124512,-27.19,8.05,-0.06999999999999318,-146.48,-473.14,920.9
0.6898629665374756,-27.03,8.6,-0.08999999999997499,-154.79,-465.33,912.11
0.6978449821472168,-27.62,8.06,-0.07999999999998408,-145.51,-476.56,910.64
0.7218689918518066,-27.42,8.07,-0.07999999999998408,-144.53,-469.24,904.3
0.7298378944396973,-27.35,8.81,-0.07999999999998408,-158.2,-468.75,906.25
0.7378349304199219,-27.87,8.91,-0.07999999999998408,-160.64,-479.0,905.76
0.7618389129638672,-27.59,9.14,-0.03999999999999204,-166.99,-480.47,919.43
0.7698390483856201,-27.67,8.6,-0.009999999999990905,-156.25,-479.98,915.53
0.8018600940704346,-27.56,8.67,-0.0,-155.27,-471.19,902.83
0.8098659515380859,-26.95,7.96,-0.0,-142.58,-461.91,908.69
0.8178520202636719,-28.2,8.13,-0.0,-147.95,-489.26,912.6
0.8338658809661865,-27.51,8.61,-0.01999999999998181,-156.25,-476.56,915.04
0.8418710231781006,-27.93,8.25,-0.01999999999998181,-148.93,-480.96,907.23
0.8498480319976807,-27.32,8.75,-0.009999999999990905,-159.18,-474.61,918.95
0.8578519821166992,-27.93,7.96,-0.03999999999999204,-143.55,-480.96,907.23
0.8818459510803223,-27.41,7.93,-0.08999999999997499,-142.58,-471.19,908.69
0.8898637294769287,-27.21,8.5,-0.08999999999997499,-153.81,-470.7,915.53
0.8978369235992432,-27.3,8.07,-0.09999999999999432,-146.97,-475.59,921.39
0.9218637943267822,-27.86,8.07,-0.11000000000001364,-146.0,-481.45,910.64
0.9298779964447021,-27.13,7.3,-0.09999999999999432,-131.35,-467.77,913.09
0.9378409385681152,-27.79,9.16,-0.08999999999997499,-166.5,-481.45,913.57
0.9618499279022217,-27.75,7.82,-0.12999999999999545,-140.62,-477.05,906.74
0.9698338508605957,-27.37,8.36,-0.13999999999998636,-149.41,-467.29,902.83
1.0018439292907715,-27.37,7.8,-0.12999999999999545,-140.62,-471.68,911.13
1.0098609924316406,-27.76,8.32,-0.12000000000000455,-151.37,-481.93,915.53
1.0178358554840088,-28.03,8.31,-0.12999999999999545,-149.41,-480.96,903.32
1.0338549613952637,-27.34,8.29,-0.12000000000000455,-148.93,-469.24,907.71
1.0418648719787598,-27.7,8.04,-0.12000000000000455,-144.53,-475.59,905.76
1.0498459339141846,-27.02,8.21,-0.12999999999999545,-147.95,-465.82,913.57
1.0578720569610596,-27.47,9.04,-0.11000000000001364,-162.6,-471.19,906.25
1.0818610191345215,-27.71,8.29,-0.060000000000002274,-146.48,-467.29,889.65
1.0898768901824951,-27.84,7.84,-0.03999999999999204,-139.65,-473.63,896.97
1.0978360176086426,-27.12,8.34,-0.01999999999998181,-149.9,-465.82,909.67
1.121837854385376,-27.18,8.13,0.020000000000010232,-147.95,-473.14,921.39
1.1298270225524902,-27.93,8.09,0.030000000000001137,-146.97,-484.37,913.57
1.1378259658813477,-28.11,9.02,0.009999999999990905,-163.57,-485.35,908.69
1.1618459224700928,-27.35,8.33,-0.0,-148.44,-465.82,900.39
1.1698529720306396,-27.9,7.95,-0.009999999999990905,-143.55,-480.96,908.2
1.2018730640411377,-27.59,8.16,-0.0,-146.97,-474.61,908.2
1.2098500728607178,-27.41,8.13,-0.0,-146.0,-470.21,906.74
1.217824935913086,-27.48,8.42,-0.0,-152.34,-474.61,912.6
1.2338569164276123,-27.94,8.09,-0.0,-145.02,-478.03,901.37
1.2418439388275146,-27.94,8.13,0.009999999999990905,-146.97,-481.93,908.69
1.2658360004425049,-27.07,8.85,0.009999999999990905,-159.18,-465.33,910.64
1.273838996887207,-27.23,8.33,-0.0,-149.9,-468.26,910.16
1.2978358268737793,-26.41,9.26,0.009999999999990905,-168.95,-460.94,928.22
1.3058338165283203,-27.18,8.31,0.020000000000010232,-148.93,-465.82,907.23
1.3138439655303955,-27.6,8.28,0.009999999999990905,-149.9,-477.05,912.6
1.3378210067749023,-27.11,8.48,-0.03999999999999204,-153.81,-470.21,918.46
1.3458569049835205,-28.24,8.73,-0.05000000000001137,-158.2,-487.3,907.23
1.353837013244629,-28.05,7.79,-0.05000000000001137,-142.09,-488.28,916.5
1.3778400421142578,-27.29,8.65,-0.060000000000002274,-157.23,-474.12,918.95
1.3858368396759033,-27.14,8.3,-0.05000000000001137,-149.9,-468.75,914.55
1.417846918106079,-28.39,8.42,-0.06999999999999318,-152.34,-489.26,905.27
1.4258480072021484,-28.03,8.36,-0.03999999999999204,-152.83,-488.77,917.97
1.4498329162597656,-27.74,8.2,-0.05000000000001137,-147.46,-476.56,906.25
1.4578568935394287,-27.36,8.55,-0.06999999999999318,-156.25,-477.54,922.85
1.481868028640747,-27.1,7.91,-0.13999999999998636,-142.58,-467.77,914.06
1.4898531436920166,-27.69,8.19,-0.14999999999997726,-147.46,-476.07,907.23
1.4978339672088623,-27.49,8.16,-0.12999999999999545,-146.97,-473.14,909.18
1.5218620300292969,-27.51,8.44,-0.13999999999998636,-151.86,-472.66,907.71
1.5298309326171875,-13.47,7.79,-0.3100000000000023,-34.67,-59.08,246.58
1.537703037261963,27.04,11.04,-2.3100000000000023,-437.99,1021.0,1999.94
1.5618500709533691,-63.21,3.23,-0.21999999999999886,-126.46,-2000.0,1009.77
1.5697739124298096,176.98,0.76,-0.22999999999998977,-17.09,67.87,-1285.64
1.6018531322479248,-12.76,1.38,-2.1399999999999864,-26.86,-246.09,1086.43
1.6098558902740479,-18.3,3.87,-2.75,-70.8,-328.61,993.65
1.6178619861602783,-16.61,-4.96,-3.4099999999999966,94.24,-310.06,1039.55
1.633857011795044,-14.46,7.62,-4.389999999999986,-135.74,-253.42,982.42
1.641874074935913,-10.45,2.52,-4.659999999999997,-46.88,-192.87,1045.41
1.6498448848724365,-12.25,-1.41,-4.810000000000002,25.88,-223.14,1027.34
1.6578669548034668,-14.16,0.37,-5.019999999999982,-6.84,-257.32,1020.02
1.6818537712097168,-14.4,3.03,-5.300000000000011,-56.64,-266.11,1036.62
1.6898488998413086,-9.73,3.09,-5.069999999999993,-62.01,-193.85,1130.37
1.697840929031372,-25.72,3.79,-4.810000000000002,-71.29,-466.8,969.24
1.7218499183654785,-14.91,-0.67,-3.4499999999999886,12.7,-280.27,1052.25
1.729841947555542,-25.99,-4.0,-3.3100000000000023,88.87,-557.62,1143.55
1.7377970218658447,-20.53,4.0,-3.069999999999993,-82.03,-411.13,1097.66
1.7618401050567627,-29.11,-4.36,-0.7800000000000011,91.31,-583.01,1046.88
1.7698619365692139,-27.88,-0.82,0.35000000000002274,16.6,-542.48,1025.39
1.8018488883972168,-48.36,-6.35,0.410000000000025,51.76,-347.66,309.08
1.8098630905151367,-40.13,-8.31,-1.1499999999999773,107.42,-474.12,562.5
1.8178610801696777,-32.83,-2.06,-2.6899999999999977,57.13,-861.82,1335.94
1.8338799476623535,-42.36,-0.46,-6.349999999999994,9.77,-814.45,893.07
1.8418710231781006,-52.22,1.04,-8.349999999999994,-14.65,-640.14,496.09
1.8498458862304688,-65.49,16.14,-9.819999999999993,-217.29,-683.11,311.52
1.857865810394287,-63.89,14.21,-10.699999999999989,-221.19,-784.18,384.28
1.8818447589874268,-56.72,33.31,-9.759999999999991,-1178.71,-1499.51,984.37
1.8898637294769287,-45.29,23.73,-10.019999999999982,-623.05,-1007.32,997.07
1.8978400230407715,-53.93,8.4,-9.439999999999998,-199.22,-1090.82,794.43
1.9218268394470215,-78.77,5.05,-9.719999999999999,-91.31,-1013.18,201.17
1.9298348426818848,-77.92,7.82,-9.810000000000002,-133.3,-948.73,203.12
1.9378459453582764,-84.41,10.58,-10.0,-135.74,-723.14,70.8
1.9618349075317383,-69.87,21.55,-11.639999999999986,-350.1,-832.52,305.18
1.969843864440918,-70.27,15.8,-12.269999999999982,-291.02,-968.26,347.17
2.00185489654541,-80.46,18.06,-15.599999999999994,-293.95,-889.16,149.41
2.009854793548584,-98.04,80.83,-16.569999999999993,-842.77,-134.77,-19.04
2.0418758392333984,-135.96,8.12,-16.579999999999984,-243.65,-1187.5,-1228.03
2.049844980239868,-107.62,22.0,-14.95999999999998,-420.41,-991.7,-314.94
2.057865858078003,-50.98,17.72,-13.019999999999982,-326.17,-792.97,642.58
2.0818369388580322,-95.0,47.17,-12.560000000000002,-706.54,-652.34,-57.13
2.0898568630218506,-92.11,35.88,-11.349999999999994,-518.07,-715.82,-26.37
2.097827911376953,-72.04,15.97,-11.430000000000007,-263.67,-876.46,284.18
2.121860980987549,-88.76,16.16,-10.920000000000016,-222.17,-766.6,16.6
2.1298439502716064,-82.53,19.63,-10.370000000000005,-325.68,-905.27,118.65
2.137840986251831,-84.08,16.35,-9.780000000000001,-279.3,-946.78,98.14
2.161829948425293,-76.85,18.11,-8.579999999999984,-301.76,-898.44,209.96
2.1698830127716064,-75.9,16.89,-8.129999999999995,-296.39,-946.78,237.79
2.2018299102783203,-71.64,20.46,-5.060000000000002,-382.32,-972.66,322.75
2.2098278999328613,-68.34,16.35,-4.039999999999992,-302.73,-958.98,380.86
2.217822790145874,-71.33,11.34,-3.1499999999999773,-229.98,-1086.91,367.19
2.233863115310669,-71.61,6.34,-1.740000000000009,-115.72,-988.28,328.61
2.2418668270111084,-70.21,5.39,-1.1899999999999977,-97.66,-973.14,350.1
2.249847888946533,-69.44,4.09,-0.7599999999999909,-74.22,-971.19,364.26
2.2578678131103516,-63.56,3.84,-0.22999999999998977,-65.43,-873.05,434.08
2.2818470001220703,-57.48,-9.07,3.1000000000000227,124.02,-654.79,417.48
2.289860963821411,-61.68,-10.84,4.730000000000018,154.3,-709.47,382.32
2.2978358268737793,-62.3,0.25,6.259999999999991,-4.39,-889.16,466.8
2.3218588829040527,-55.25,14.32,8.719999999999999,-309.57,-996.58,691.41
2.329843759536743,-50.49,3.41,8.670000000000016,-62.99,-816.41,673.34
2.3378429412841797,-42.73,-0.45,8.780000000000001,7.32,-638.18,690.92
2.3618369102478027,-45.32,-3.5,9.969999999999999,56.15,-652.83,645.51
2.369814872741699,-38.12,-1.63,10.350000000000023,28.32,-615.72,784.67
2.4018590450286865,-12.72,-23.86,10.400000000000006,335.45,-166.99,739.75
2.4098410606384277,-19.88,-9.84,10.300000000000011,112.3,-220.21,608.89
2.4417319297790527,1.25,-16.39,10.610000000000014,263.18,19.53,894.53
2.4497129917144775,4.27,-19.03,10.850000000000023,320.8,69.34,927.73
2.457735061645508,2.13,-15.95,11.009999999999991,292.48,38.09,1022.46
2.481707811355591,10.5,-19.29,11.160000000000025,311.52,162.11,875.0
2.4896938800811768,10.17,-18.3,11.180000000000007,298.34,159.18,887.7
2.497710943222046,12.25,-19.64,11.189999999999998,327.64,194.82,896.97
2.5217950344085693,13.98,-18.06,11.259999999999991,324.22,240.23,964.84
2.5297141075134277,17.77,-16.33,11.319999999999993,281.74,293.46,915.53
2.537705898284912,22.72,-14.76,11.360000000000014,271.48,397.95,950.2
2.5617048740386963,31.19,-11.42,11.079999999999984,232.42,595.7,983.89
2.5697078704833984,32.32,-13.39,11.079999999999984,259.77,583.5,922.36
2.6017110347747803,35.65,-18.47,11.439999999999998,317.38,553.71,771.97
2.6097357273101807,31.1,-18.69,11.050000000000011,342.77,523.44,867.68
2.617702007293701,0.7,-17.2,10.610000000000014,315.92,505.86,886.72
2.6337289810180664,29.24,-13.75,9.600000000000023,264.65,528.32,943.85
2.6417298316955566,47.61,-30.39,9.469999999999999,554.69,698.73,637.7
2.6497249603271484,36.01,-2.13,9.090000000000003,41.5,656.25,902.83
2.657731056213379,32.75,-14.1,8.569999999999993,258.3,556.15,864.75
2.681704044342041,34.04,-19.33,7.840000000000003,385.25,614.75,910.16
2.6897308826446533,29.29,-13.68,7.840000000000003,258.3,519.04,925.29
2.6976969242095947,29.47,-21.65,7.829999999999984,379.39,470.21,832.03
2.721726894378662,31.61,-27.09,6.819999999999993,398.93,408.69,664.06
2.7296948432922363,35.72,-20.78,6.1299999999999955,333.01,512.21,712.4
2.737699031829834,36.4,-25.93,5.329999999999984,425.29,519.04,704.1
2.7617058753967285,29.62,-30.41,1.6399999999999864,550.29,463.38,814.94
2.7697319984436035,28.19,-21.81,0.25,376.46,444.34,829.1
2.801694869995117,24.49,-28.75,-5.019999999999982,509.28,384.77,844.73
2.8097269535064697,20.32,-31.34,-6.319999999999993,548.83,312.99,845.21
2.8176827430725098,9.0,-29.41,-7.680000000000007,500.0,336.43,820.8
2.8337249755859375,20.35,-31.63,-10.789999999999992,521.48,294.43,793.95
2.841731071472168,1.83,-46.04,-12.269999999999982,759.77,23.44,732.42
2.8497140407562256,7.51,-45.86,-13.800000000000011,758.79,96.19,729.98
2.8577048778533936,15.23,-45.86,-15.469999999999999,798.83,203.61,748.05
2.881704092025757,3.6,-41.82,-21.310000000000002,570.31,40.04,636.23
2.889862060546875,-2.38,-44.37,-23.310000000000002,597.66,-25.39,610.35
2.897847890853882,-5.3,-42.12,-25.310000000000002,611.82,-62.5,673.83
2.9218668937683105,-5.26,-40.11,-31.319999999999993,520.51,-56.64,615.23
2.9298269748687744,-47.62,-41.36,-33.31999999999999,685.06,-574.71,524.41
2.9378280639648438,-16.59,-39.52,-35.31999999999999,609.37,-210.94,708.01
2.9618449211120605,-53.84,-33.89,-41.31999999999999,647.46,-778.32,568.85
2.969874143600464,-27.83,-34.83,-43.31999999999999,722.66,-484.86,918.46
3.0018210411071777,-48.04,-31.93,-49.66999999999999,581.05,-693.36,623.54
3.009826898574829,-53.78,-35.25,-50.53,589.84,-673.34,493.16
3.017853021621704,-66.0,-28.98,-50.99000000000001,459.96,-758.79,337.89
3.033849000930786,-21.97,-23.82,-47.91999999999999,306.64,-259.77,644.04
3.0418741703033447,-77.01,-29.54,-45.91,92.29,-158.69,36.62
3.049849033355713,-71.16,-56.41,-43.91,1291.02,-811.52,276.86
3.0578510761260986,-29.08,-50.82,-41.91,1418.95,-562.01,1010.74
3.081829071044922,-42.4,-67.91,-36.06999999999999,412.11,-112.79,123.54
3.089794874191284,152.9,-37.33,-34.97,358.89,214.36,-418.95
3.0978329181671143,-36.42,-57.8,-35.579999999999984,859.37,-321.29,435.55
3.1218678951263428,-80.09,-78.18,-30.609999999999985,637.21,-131.35,22.95
3.129762887954712,111.35,-72.29,-28.599999999999994,1722.17,512.21,-200.2
3.1376919746398926,13.97,-81.27,-26.599999999999994,698.24,25.88,104.0
3.161832809448242,-12.95,-63.73,-21.879999999999995,1200.68,-132.81,577.64
3.169734001159668,23.82,-73.85,-19.97999999999999,1118.65,130.86,296.39
3.201827049255371,-33.8,-52.14,-17.819999999999993,1010.74,-437.01,652.83
3.2097740173339844,94.45,-84.92,-15.969999999999999,495.61,43.95,-3.42
3.2417378425598145,33.71,-57.52,-13.839999999999975,562.5,198.73,297.85
3.2498228549957275,-2.88,-39.54,-14.569999999999993,577.64,-35.16,698.73
3.257733106613159,25.84,-55.26,-15.420000000000016,946.78,286.13,590.82
3.281697988510132,8.13,-34.75,-14.639999999999986,697.27,142.09,995.12
3.289726972579956,13.26,-38.75,-13.149999999999977,741.21,211.91,898.93
3.297692060470581,25.75,-35.28,-11.70999999999998,618.65,379.88,787.6
3.321702003479004,23.6,-14.02,-8.370000000000005,271.97,436.04,998.05
3.3296947479248047,25.34,-35.27,-7.1299999999999955,806.15,487.79,1030.27
3.3377389907836914,23.29,-26.89,-7.069999999999993,558.11,435.06,1010.74
3.361707925796509,4.29,-17.85,-6.360000000000014,325.68,75.68,1008.3
3.369719982147217,0.03,-12.1,-6.019999999999982,227.54,0.49,1061.52
3.4017179012298584,30.43,-8.56,-4.180000000000007,112.79,379.39,646.0
3.409820079803467,-0.88,-7.6,-2.759999999999991,229.49,-26.37,1720.21
3.4178500175476074,10.32,-14.91,-3.180000000000007,341.8,-229.98,1263.18
3.4337210655212402,3.52,-10.55,-3.0500000000000114,139.16,45.9,746.09
3.4417219161987305,1.06,-5.39,-2.6499999999999773,74.71,14.65,791.99
3.449815034866333,-8.05,-1.44,-2.1299999999999955,20.02,-111.33,787.6
3.45784592628479,-5.2,1.56,-1.4399999999999977,-17.58,-58.59,644.04
3.4818239212036133,-23.45,-4.97,1.25,111.82,-511.72,1179.69
3.489861011505127,-22.39,-4.03,1.8899999999999864,101.07,-546.39,1326.17
3.4978339672088623,-17.86,-4.6,2.6100000000000136,101.07,-385.25,1195.8
3.5217251777648926,18.21,-0.49,3.079999999999984,9.77,355.47,1080.57
3.5298190116882324,-20.69,-11.44,4.030000000000001,189.94,-331.54,877.93
3.5378379821777344,-23.53,-18.31,5.300000000000011,288.09,-347.66,798.34
3.5618300437927246,-26.07,-10.49,9.180000000000007,182.62,-433.59,886.23
3.5698490142822266,-31.03,-5.01,10.490000000000009,97.66,-573.73,953.61
3.601832866668701,-40.57,-18.97,13.420000000000016,330.08,-624.51,729.49
3.6098411083221436,-47.74,3.77,12.689999999999998,-62.5,-701.17,637.21
3.641840934753418,-28.1,-15.38,10.300000000000011,244.63,-418.95,784.67
3.649827003479004,-27.05,-8.8,9.54000000000002,166.5,-489.26,958.01
3.657853126525879,-46.81,-14.4,8.910000000000025,351.56,-998.54,937.5
3.681704044342041,32.08,17.52,5.810000000000002,-249.02,418.95,668.46
3.6898438930511475,-55.46,-3.45,3.8000000000000114,81.05,-1105.96,761.23
3.6978237628936768,-44.71,-10.52,1.8000000000000114,244.14,-925.29,934.57
3.7218499183654785,-41.99,-13.25,-2.9799999999999898,223.14,-634.28,704.59
3.7298269271850586,-44.49,-5.74,-4.7099999999999795,128.42,-896.0,912.11
3.7378299236297607,-38.63,-13.6,-6.289999999999992,339.84,-876.95,1097.17
3.761821746826172,-32.02,-10.83,-11.159999999999997,221.68,-614.26,982.42
3.7698211669921875,-59.18,-12.83,-11.829999999999984,201.66,-760.25,453.61
3.801837921142578,-46.54,8.8,-12.899999999999977,-213.38,-1000.0,947.75
3.8098368644714355,-43.06,7.69,-12.780000000000001,-125.49,-634.77,679.2
3.8178200721740723,-39.68,11.12,-13.079999999999984,-185.06,-601.07,724.61
3.8338568210601807,-37.77,-1.63,-12.800000000000011,29.79,-641.6,828.12
3.841850996017456,-33.75,-3.29,-12.769999999999982,77.64,-750.98,1124.02
3.849810838699341,-35.53,0.7,-12.530000000000001,-13.67,-653.81,915.53
3.8578438758850098,-39.31,-2.59,-12.409999999999997,45.41,-634.77,775.39
3.8818349838256836,-38.99,18.98,-13.0,-332.52,-608.4,751.46
3.8898448944091797,-25.87,2.79,-13.339999999999975,-58.11,-520.51,1073.24
3.89785099029541,-23.77,5.3,-13.800000000000011,-92.77,-402.83,914.55
3.921865940093994,-25.56,9.56,-15.240000000000009,-155.27,-397.95,832.03
3.929837942123413,-22.23,9.64,-15.420000000000016,-174.32,-388.18,949.71
3.9378249645233154,-14.95,12.37,-15.349999999999994,-227.54,-267.58,1001.95
3.961832046508789,-17.12,1.59,-16.70999999999998,-32.71,-347.66,1128.91
3.9697089195251465,2.31,0.57,-17.339999999999975,-11.72,47.36,1173.83
4.001840114593506,-15.74,14.98,-20.399999999999977,-281.25,-285.16,1011.72
4.0098350048065186,-8.27,13.53,-21.370000000000005,-250.0,-149.41,1028.32
4.041730880737305,2.73,0.14,-23.900000000000006,-2.44,47.85,1004.88
4.049849987030029,-7.4,7.36,-24.609999999999985,-142.58,-142.09,1094.73
4.0577239990234375,4.99,14.28,-25.590000000000003,-240.23,82.03,939.94
4.081816911697388,-23.15,10.4,-28.609999999999985,-189.45,-405.76,949.22
4.089850902557373,-19.75,5.4,-29.189999999999998,-97.17,-347.17,966.8
4.097815036773682,-15.61,-6.16,-29.519999999999982,114.75,-286.13,1023.93
4.121823787689209,-0.03,5.71,-29.609999999999985,-102.54,-0.49,1025.39
4.129812955856323,-10.19,5.7,-29.97,-102.54,-181.64,1010.74
4.137829065322876,-12.15,5.41,-30.269999999999982,-98.63,-219.24,1018.55
4.161813974380493,-3.1,-1.14,-31.00999999999999,24.41,-66.41,1228.03
4.169719934463501,8.07,-6.45,-31.659999999999997,121.09,150.39,1060.06
4.201811790466309,-17.53,9.85,-34.16,-189.45,-328.61,1040.53
4.209820985794067,-15.75,11.16,-34.44,-203.61,-280.27,993.65
4.217817068099976,-14.77,4.73,-34.72999999999999,-88.87,-273.93,1039.06
4.233829975128174,-19.84,1.0,-35.16,-18.55,-359.37,996.09
4.241843938827515,-14.93,-1.87,-35.31,33.69,-266.11,998.05
4.249820947647095,-14.95,-0.69,-35.43000000000001,13.18,-280.76,1051.76
4.257858991622925,-12.47,-2.3,-35.53999999999999,41.02,-220.7,998.05
4.281814813613892,-17.12,-3.32,-35.96000000000001,63.48,-321.78,1044.92
4.289831161499023,-15.48,-0.7,-36.139999999999986,12.7,-275.39,994.63
4.297824859619141,-19.36,0.77,-36.359999999999985,-15.14,-374.02,1064.45
4.321861028671265,-32.59,7.51,-36.079999999999984,-140.14,-572.27,895.02
4.329822778701782,-16.01,7.57,-35.879999999999995,-149.41,-310.06,1080.57
4.337813854217529,-14.91,7.91,-35.94,-140.62,-260.25,977.54
4.361821889877319,-5.21,3.21,-36.129999999999995,-59.08,-95.7,1049.8
4.3698060512542725,-2.76,1.21,-36.26999999999998,-22.46,-51.27,1062.99
4.401824951171875,-8.75,2.97,-34.66999999999999,-55.18,-162.11,1052.73
4.4098498821258545,-9.93,4.73,-34.06,-92.77,-193.36,1104.0
4.417809963226318,-14.73,4.85,-33.81,-98.14,-294.43,1119.63
4.433832883834839,-17.16,-0.27,-34.5,5.37,-330.57,1070.8
4.441850900650024,-11.54,3.72,-35.31,-83.01,-255.37,1250.49
4.449820041656494,-10.06,1.56,-36.22999999999999,-33.2,-213.38,1202.64
4.45783805847168,-7.0,1.71,-36.96000000000001,-37.11,-151.37,1231.93
4.481822967529297,-1.42,-16.96,-38.900000000000006,295.41,-23.93,968.26
4.489844799041748,-13.74,-31.96,-39.620000000000005,509.28,-193.85,792.97
4.497849941253662,-2.31,-34.24,-40.24000000000001,543.46,-32.23,797.85
4.521718978881836,2.88,-19.84,-41.72,407.23,56.64,1127.44
4.529691934585571,5.57,-22.44,-42.079999999999984,474.12,111.33,1142.58
4.53769588470459,17.74,-36.11,-42.16999999999999,780.76,326.17,1019.53
4.561691999435425,10.12,-43.0,-43.31999999999999,761.72,143.55,804.2
4.56977391242981,20.01,-38.38,-43.53,686.04,296.39,813.96
4.601832151412964,-9.76,-71.65,-44.41999999999999,1163.57,-65.43,380.37
4.6096978187561035,29.36,-48.37,-45.150000000000006,861.82,375.49,667.48
4.61770486831665,3.79,-46.7,-45.71000000000001,587.4,36.62,552.25
4.633720874786377,13.64,-60.27,-46.650000000000006,750.49,101.07,416.5
4.641687870025635,18.93,-64.1,-47.099999999999994,839.84,132.32,385.74
4.649699926376343,16.58,-62.38,-47.50999999999999,830.57,124.02,416.5
4.657705783843994,23.17,-55.36,-47.91999999999999,860.35,233.89,546.39
4.681680917739868,24.0,-61.21,-49.22999999999999,923.83,206.54,463.87
4.689713954925537,21.1,-59.65,-49.84,916.99,193.36,500.98
4.697690963745117,18.68,-58.0,-50.370000000000005,873.54,174.8,517.09
4.7216880321502686,5.68,-53.9,-52.16,791.99,57.13,574.71
4.7297141551971436,0.6,-58.3,-52.91999999999999,754.39,4.88,465.82
4.737684965133667,5.36,-66.28,-53.72,785.64,32.23,343.75
4.761688947677612,5.22,-72.71,-56.120000000000005,965.82,27.34,299.32
4.769714117050171,43.63,-74.11,-56.66999999999999,912.11,179.2,187.99
4.801743030548096,139.02,-74.01,-59.44,1049.32,197.27,-227.05
4.809693813323975,65.14,-86.19,-60.139999999999986,993.16,60.06,27.83
4.817806005477905,33.0,-77.13,-60.72999999999999,935.06,-102.54,-187.5
4.833827018737793,-158.2,-88.61,-61.25999999999999,974.12,-8.79,-21.97
4.841763973236084,130.43,-87.94,-61.28,960.94,26.37,-22.46
4.849766969680786,144.13,-85.62,-61.26999999999998,1023.44,45.9,-63.48
4.857780933380127,176.77,-85.19,-61.22,1028.32,4.88,-86.43
4.8816938400268555,12.67,-75.26,-59.879999999999995,998.54,57.62,256.35
4.889725923538208,14.69,-69.99,-59.139999999999986,877.44,81.05,309.08
4.897822856903076,-136.47,-64.77,-58.859999999999985,628.91,-204.1,-214.84
4.921725749969482,3.76,-39.21,-57.06999999999999,400.88,32.23,490.23
4.929816007614136,-7.84,-33.8,-56.400000000000006,407.23,-83.01,602.54
4.937833786010742,-4.55,-40.91,-55.41999999999999,571.29,-52.25,657.23
4.96181583404541,-0.97,-19.94,-54.84,283.69,-13.18,781.74
4.96984601020813,-6.09,-24.78,-54.06,399.41,-91.8,860.35
5.001810789108276,-0.45,-17.14,-51.66,423.83,-10.74,1374.02
5.009823799133301,-9.74,-14.29,-50.93000000000001,274.41,-182.13,1061.52
5.041859865188599,-2.53,-11.7,-47.97,217.77,-46.39,1050.29
5.049843788146973,-9.42,-7.95,-47.04999999999998,156.25,-183.11,1103.52
5.057849884033203,-6.15,-12.92,-45.99000000000001,241.7,-112.79,1047.36
5.08185887336731,-6.09,-12.57,-42.44,225.59,-107.42,1006.35
5.089842081069946,-5.45,-13.9,-41.400000000000006,245.61,-94.24,987.79
5.097848892211914,-10.35,-25.13,-40.49000000000001,541.99,-207.52,1136.72
5.121850967407227,-2.46,-18.75,-37.47999999999999,432.13,-54.69,1271.48
5.1298017501831055,-4.53,-22.54,-36.03999999999999,271.97,-51.76,653.32
5.137816905975342,-15.42,-24.7,-34.94999999999999,540.53,-312.5,1132.81
5.161682844161987,0.36,-9.17,-31.939999999999998,163.09,6.35,1010.25
5.169799089431763,-9.59,-7.68,-30.789999999999992,145.02,-179.2,1061.04
5.201821804046631,-17.22,-37.86,-28.75999999999999,584.47,-222.66,718.26
5.209813833236694,-16.22,-28.11,-28.840000000000003,724.61,-378.91,1302.73
5.217814922332764,-8.92,-36.8,-28.049999999999983,582.03,-120.61,768.55
5.233693838119507,9.43,-35.06,-27.24000000000001,623.54,145.51,876.46
5.241720914840698,8.7,-27.45,-26.569999999999993,425.78,124.02,810.06
5.249701976776123,16.78,-34.51,-25.299999999999983,590.82,248.05,822.75
5.257723093032837,15.89,-43.83,-24.99000000000001,541.02,154.3,541.99
5.28181791305542,-0.05,-54.12,-23.389999999999986,799.32,-0.49,578.12
5.2897210121154785,3.02,-32.82,-22.25999999999999,628.42,51.27,973.14
5.297683954238892,7.26,-42.79,-20.879999999999995,782.71,106.93,838.87
5.321712970733643,61.62,-30.32,-17.889999999999986,568.36,854.98,461.91
5.329680919647217,19.21,-53.69,-17.110000000000014,826.17,199.71,573.24
5.337674856185913,36.33,-62.48,-16.439999999999998,879.39,271.48,369.14
5.361806869506836,-9.95,-65.73,-14.72999999999999,1027.83,-80.08,456.54
5.369725942611694,39.85,-54.66,-14.060000000000002,889.65,404.3,484.37
5.401716947555542,44.94,-67.06,-10.969999999999999,729.98,218.26,218.75
5.409681081771851,42.08,-55.73,-10.180000000000007,686.52,313.48,347.17
5.417679071426392,46.2,-56.09,-9.629999999999995,709.47,344.24,330.08
5.4336888790130615,47.61,-52.74,-8.870000000000005,686.52,385.74,352.05
5.441720962524414,43.52,-51.28,-8.649999999999977,765.14,422.36,444.82
5.4497058391571045,40.81,-53.46,-8.569999999999993,797.36,386.23,447.27
5.457718849182129,36.6,-50.35,-8.399999999999977,866.7,428.22,576.66
5.481709003448486,36.29,-47.79,-8.050000000000011,809.57,434.57,591.8
5.489715814590454,34.28,-47.59,-7.969999999999999,762.21,392.09,575.2
5.497690916061401,39.51,-49.08,-7.930000000000007,787.11,434.08,526.37
5.521701097488403,31.56,-45.92,-7.839999999999975,642.58,325.68,530.27
5.5296947956085205,25.89,-47.29,-7.819999999999993,645.51,260.25,536.13
5.561691045761108,31.01,-38.39,-7.47999999999999,633.79,412.11,685.55
5.569679021835327,26.87,-39.76,-7.389999999999986,716.31,389.16,768.07
5.601704120635986,23.53,-32.03,-6.810000000000002,577.64,368.65,846.68
5.60970401763916,31.05,-39.58,-6.780000000000001,618.16,385.74,640.62
5.617708921432495,23.24,-27.62,-6.769999999999982,500.49,377.44,878.91
5.633708953857422,28.64,-37.68,-7.3700000000000045,558.59,346.68,634.77
5.641694784164429,13.18,-25.91,-7.810000000000002,469.24,220.21,940.43
5.649695873260498,16.54,-32.0,-8.519999999999982,485.35,221.19,744.63
5.657705783843994,15.1,-28.65,-9.129999999999995,430.18,205.08,760.25
5.6818249225616455,-6.59,-11.17,-12.240000000000009,330.08,-191.89,1660.16
5.689834833145142,-3.4,-15.24,-13.289999999999992,246.58,-53.71,903.32
5.697818994522095,-20.16,-39.94,-14.490000000000009,322.75,-132.81,361.82
5.721827983856201,-16.96,-20.94,-19.120000000000005,234.37,-178.71,585.94
5.729819059371948,-15.95,-8.05,-21.0,200.68,-389.65,1363.77
5.737810850143433,-15.61,-10.41,-22.99000000000001,204.1,-298.83,1069.82
5.761803865432739,-20.22,-7.38,-28.99000000000001,145.02,-387.21,1051.27
5.769832134246826,-22.12,-7.32,-30.99000000000001,145.51,-426.27,1048.83
5.801815032958984,-29.66,0.13,-38.329999999999984,-2.44,-542.97,953.61
5.809833765029907,-30.26,-3.46,-39.609999999999985,62.01,-517.09,886.23
5.841815948486328,-36.86,-0.16,-43.859999999999985,2.93,-632.32,843.26
5.84981894493103,-27.83,-12.58,-44.84,191.89,-401.37,760.25
5.857821941375732,-36.3,-0.02,-46.079999999999984,0.49,-689.45,938.48
5.881823778152466,-38.85,-3.96,-49.00999999999999,79.1,-716.31,889.16
5.889821767807007,-42.05,2.69,-49.879999999999995,-65.92,-939.45,1041.5
5.897853136062622,-45.36,2.04,-50.620000000000005,-44.92,-895.51,884.28
5.921843767166138,-44.79,-0.41,-52.71000000000001,6.84,-666.02,670.9
5.929805040359497,-50.33,1.83,-53.26999999999998,-29.79,-715.82,593.75
5.937826871871948,-49.84,4.91,-53.849999999999994,-71.29,-634.77,535.64
5.961817026138306,-47.37,5.76,-55.639999999999986,-97.66,-712.89,656.25
5.969834804534912,-46.75,6.95,-56.18000000000001,-129.88,-775.88,729.98
6.001816034317017,-52.94,10.96,-57.889999999999986,-218.75,-901.37,680.66
6.0098090171813965,-44.55,12.06,-58.19999999999999,-235.35,-772.95,785.16
6.017818927764893,-48.96,8.42,-58.349999999999994,-165.04,-840.82,731.93
6.033838987350464,-61.4,15.01,-58.079999999999984,-202.64,-663.57,361.82
6.04183292388916,-54.42,9.59,-57.75,-159.67,-768.55,549.8
6.0498127937316895,-59.73,10.65,-57.22999999999999,-172.85,-793.95,463.38
6.057832956314087,-58.51,17.24,-56.579999999999984,-285.64,-785.16,480.96
6.081813812255859,-49.42,18.13,-54.329999999999984,-376.95,-874.51,749.02
6.089838981628418,-78.48,7.69,-54.34,-126.46,-917.48,187.01
6.097829103469849,-54.71,10.7,-54.06999999999999,-152.34,-658.2,465.82
6.1218390464782715,-62.31,15.24,-54.94999999999999,-286.13,-929.69,487.79
6.129817962646484,-56.58,60.72,-53.849999999999994,-1358.4,-635.74,419.43
6.137816905975342,-70.13,26.58,-53.09,-541.02,-1017.09,367.68
6.161810874938965,-77.31,25.37,-50.81999999999999,-457.52,-941.41,211.91
6.169795036315918,-75.48,24.49,-49.78999999999999,-489.75,-1041.02,269.53
6.201817035675049,-103.39,25.18,-49.19,-361.82,-748.54,-178.22
6.2098228931427,-34.21,-19.64,-49.599999999999994,863.28,-1359.86,1999.94
6.217810153961182,-89.59,6.88,-49.22999999999999,-139.65,-1156.74,8.3
6.233835935592651,-81.46,-11.12,-50.24000000000001,191.89,-965.82,145.02
6.241834878921509,-90.5,27.1,-51.28,-459.96,-898.93,-7.81
6.249813795089722,-66.28,34.84,-52.41999999999999,-607.42,-798.83,351.07
6.257843732833862,-59.01,25.44,-53.0,-521.97,-940.43,564.94
6.281810760498047,-68.85,30.9,-53.099999999999994,-550.78,-858.4,332.03
6.289834976196289,-65.65,35.24,-52.93000000000001,-650.88,-839.36,379.88
6.297799110412598,-65.33,30.66,-52.75,-602.05,-922.85,423.83
6.321808099746704,-52.6,28.7,-52.609999999999985,-584.96,-848.63,648.93
6.3298258781433105,-50.27,26.13,-52.71000000000001,-544.43,-853.52,709.47
6.337816953659058,-50.7,29.24,-52.79999999999998,-601.07,-831.05,680.18
6.36188006401062,-48.3,28.45,-52.66,-523.44,-721.19,642.58
6.369802951812744,-45.66,25.45,-52.41,-453.12,-681.15,665.53
6.4017908573150635,-31.14,23.42,-52.31,-448.73,-535.64,886.72
6.409789085388184,-31.9,19.32,-52.56,-353.52,-532.71,855.96
6.41779899597168,-29.79,21.32,-52.84,-393.55,-500.98,875.0
6.4338250160217285,-34.14,17.54,-53.139999999999986,-282.71,-501.95,740.23
6.44180703163147,-23.21,17.95,-53.16999999999999,-298.34,-362.79,846.19
6.465802907943726,-13.64,10.76,-52.31,-201.17,-249.51,1028.32
6.473801851272583,-10.44,7.25,-51.400000000000006,-132.32,-188.48,1022.95
6.497817039489746,-3.97,12.37,-48.72,-230.47,-72.75,1048.34
6.5058019161224365,-1.9,8.25,-49.22999999999999,-151.86,-34.67,1046.88
6.5136799812316895,6.28,6.63,-49.75,-115.23,108.4,985.35
6.529687881469727,8.0,5.65,-50.84,-104.49,146.97,1046.39
6.537698030471802,8.63,3.23,-51.34,-60.55,161.13,1062.01
6.545704126358032,8.89,4.98,-51.76999999999998,-86.43,153.32,979.98
6.553673982620239,10.09,6.18,-52.29999999999998,-105.96,171.39,962.89
6.5777130126953125,5.89,5.81,-53.94999999999999,-98.63,99.61,964.84
6.58568000793457,7.82,5.48,-54.389999999999986,-80.57,114.26,831.54
6.617725133895874,25.77,0.52,-55.639999999999986,-9.28,441.89,915.53
6.625713109970093,28.13,-1.01,-56.109999999999985,17.09,455.57,852.05
6.649701118469238,38.5,-5.61,-57.609999999999985,93.26,590.82,742.68
6.657686948776245,42.26,-7.39,-58.06,118.16,612.79,674.32
6.681721925735474,44.17,-4.9,-58.579999999999984,77.64,630.86,649.41
6.689706802368164,47.41,-8.28,-58.78999999999999,137.7,696.29,640.14
6.697664976119995,52.22,-8.49,-58.900000000000006,133.3,706.05,547.36
6.721712112426758,51.55,-7.08,-58.78999999999999,101.56,640.14,508.3
6.729698896408081,50.57,2.86,-58.47,-37.11,574.71,472.66
6.737696886062622,61.22,-0.49,-58.44,7.81,806.15,442.87
6.761683940887451,54.42,-12.16,-58.47,203.61,768.55,549.8
6.769660949707031,59.38,-5.01,-58.19,74.71,733.4,434.08
6.80170202255249,41.28,4.11,-57.0,-79.59,730.96,832.52
6.809692144393921,40.91,0.52,-56.79999999999998,-11.23,810.55,935.55
6.817662954330444,38.01,-0.65,-56.5,13.18,714.84,914.55
6.833698034286499,28.81,-1.94,-56.379999999999995,37.11,529.3,962.4
6.841702938079834,22.46,-2.56,-56.31999999999999,46.39,396.97,960.45
6.849669933319092,21.82,-9.4,-56.21000000000001,174.32,391.11,977.05
6.857707977294922,22.56,-13.18,-55.76999999999998,235.84,386.23,929.69
6.881804943084717,-7.05,-15.65,-53.66999999999999,201.66,-88.38,714.36
6.889833927154541,-6.58,-9.62,-53.04999999999998,138.67,-93.75,812.5
6.897666931152344,3.58,-10.11,-52.41999999999999,154.79,54.2,866.21
6.921857833862305,-7.23,-6.23,-50.03999999999999,115.23,-132.81,1046.39
6.9297990798950195,-17.09,-1.01,-48.97,22.46,-372.56,1211.91
6.937819957733154,-21.25,2.65,-47.97999999999999,-66.89,-523.44,1345.7
6.961810111999512,-20.85,0.58,-45.81999999999999,-14.16,-497.56,1306.64
6.969805955886841,-18.79,-1.58,-45.41,36.62,-428.71,1260.25
7.001806020736694,-38.93,-4.98,-43.46000000000001,88.38,-637.7,789.55
7.009801864624023,-46.49,-5.05,-43.03,82.03,-672.85,638.67
7.0418500900268555,-55.46,-6.76,-40.99000000000001,126.46,-878.91,604.98
7.049801826477051,-64.39,-8.58,-40.75999999999999,149.41,-893.55,428.22
7.057855844497681,-64.69,-9.45,-40.620000000000005,182.62,-992.19,469.24
7.081811904907227,-64.22,-2.29,-39.96000000000001,43.95,-990.72,478.52
7.089829921722412,-67.91,-9.58,-39.78,175.78,-964.84,391.6
7.097792863845825,-77.15,-16.77,-39.72,244.14,-790.04,180.18
7.12183690071106,-99.81,-9.46,-38.829999999999984,151.86,-898.44,-155.27
7.129800796508789,-97.8,-2.05,-38.49000000000001,38.57,-1065.43,-146.0
7.137822866439819,-97.68,0.1,-38.329999999999984,-1.95,-1132.81,-152.83
7.161800861358643,-110.17,-9.61,-38.56,152.34,-844.24,-310.06
7.169816017150879,-110.19,-10.5,-38.75,162.11,-820.8,-301.76
7.201799154281616,-100.22,-6.74,-38.97,120.61,-1004.39,-181.15
7.209800958633423,-99.86,-4.92,-39.06,89.36,-1022.46,-177.73
7.217825889587402,6.0,-6.74,-39.16999999999999,117.19,-967.77,-213.87
7.233829021453857,-126.41,-4.75,-39.620000000000005,97.66,-945.31,-697.27
7.241840124130249,-95.69,-8.74,-39.78,159.67,-1033.69,-103.03
7.249819040298462,-100.87,-10.6,-39.75,187.99,-986.33,-189.45
7.257833957672119,-95.4,-4.42,-39.72999999999999,80.57,-1037.6,-98.14
7.281795978546143,-91.21,-6.19,-39.609999999999985,115.23,-1062.99,-22.46
7.289842844009399,-84.68,-9.16,-39.71000000000001,172.36,-1063.96,99.12
7.29781174659729,-81.34,-11.86,-39.609999999999985,217.77,-1025.39,156.25
7.321819067001343,-82.54,-3.87,-38.5,71.29,-1044.43,136.72
7.329789876937866,-85.51,-7.48,-38.22,138.18,-1049.8,82.52
7.33782696723938,-84.9,-7.37,-38.19,129.39,-996.09,88.87
7.3617918491363525,-61.06,-9.68,-39.379999999999995,162.6,-834.47,461.43
7.369809150695801,-53.27,-15.64,-40.0,239.26,-685.06,511.23
7.401679039001465,45.28,-31.06,-43.24000000000001,516.11,608.89,603.03
7.409688949584961,53.14,-28.52,-43.359999999999985,573.73,844.73,633.3
7.4177000522613525,31.01,-18.03,-43.150000000000006,379.88,601.07,1000.0
7.433691024780273,5.18,-16.9,-41.84,433.59,128.91,1421.39
7.441709041595459,2.31,-18.82,-40.829999999999984,478.03,56.64,1401.37
7.449810743331909,-2.92,-18.56,-39.5,440.92,-66.89,1311.52
7.457828998565674,-7.96,-8.82,-38.150000000000006,209.96,-187.5,1340.82
7.481683731079102,14.93,-25.59,-40.93000000000001,647.95,348.63,1307.13
7.489798069000244,-9.85,-7.67,-42.84,135.74,-172.36,993.16
7.497810125350952,-6.86,-27.07,-44.59,478.52,-111.82,929.69
7.521833896636963,-6.49,-33.11,-50.41,562.99,-97.66,857.91
7.52968692779541,0.12,-15.31,-52.04999999999998,330.57,2.44,1207.52
7.537811756134033,-7.03,-26.89,-53.109999999999985,459.47,-110.84,899.41
7.561690092086792,8.19,-22.54,-57.349999999999994,479.49,164.55,1143.55
7.569705963134766,3.87,-27.44,-58.34,589.36,76.66,1132.32
7.601670980453491,5.44,-35.93,-61.629999999999995,436.52,57.13,599.61
7.609799146652222,-16.61,-29.07,-62.359999999999985,376.95,-193.85,649.9
7.641693830490112,2.14,-8.06,-65.38,137.21,36.13,968.26
7.649791955947876,-1.49,-3.22,-64.91,57.13,-26.37,1016.11
7.657821893692017,-39.83,-16.87,-65.10999999999999,317.38,-670.41,803.71
7.68179988861084,-8.57,-9.35,-67.00999999999999,211.43,-191.41,1269.53
7.689836025238037,-17.95,-33.32,-67.46000000000001,655.27,-307.13,948.24
7.697793960571289,-5.86,-39.09,-68.0,855.47,-107.42,1047.36
7.721813917160034,-28.36,-46.57,-69.44999999999999,760.25,-341.8,633.3
7.729803800582886,-29.86,-13.56,-70.41,218.75,-451.66,786.62
7.737811803817749,-24.38,-3.23,-71.5,50.78,-372.07,820.8
7.761792898178101,-28.95,-7.68,-75.75,127.93,-458.98,829.59
7.769829988479614,-28.61,-12.84,-76.85000000000002,217.77,-457.52,838.87
7.8018059730529785,-32.58,-9.5,-80.04999999999995,156.25,-502.93,787.11
7.809793949127197,-33.11,-22.85,-80.69,368.65,-478.03,732.91
7.81781005859375,-21.45,-26.83,-81.23000000000002,455.08,-329.1,837.4
7.833812952041626,-29.43,-7.89,-81.94,150.88,-534.67,947.75
7.841825008392334,-29.08,-1.7,-82.16999999999996,35.64,-584.47,1050.78
7.849810838699341,-22.23,0.2,-82.50999999999999,-4.39,-467.29,1143.07
7.857824802398682,-18.88,17.22,-83.06,-309.57,-323.24,945.31
7.881823778152466,-32.4,-4.87,-87.44,69.34,-436.04,687.01
7.889818906784058,-38.86,1.59,-89.26999999999998,-25.39,-572.75,710.94
7.897789001464844,-32.3,-11.56,-91.25999999999999,148.44,-387.7,613.28
7.9218058586120605,-38.94,1.74,-92.43,-78.12,-1616.21,1999.94
7.929802894592285,-38.69,13.22,-92.56,-245.12,-652.34,814.45
7.937807083129883,-30.31,5.63,-92.57,-104.49,-534.67,914.55
7.961801767349243,-31.16,2.17,-92.50999999999999,-42.48,-580.08,959.47
7.969794988632202,-35.79,0.45,-92.50999999999999,-8.3,-613.28,850.59
8.001802921295166,-32.93,9.08,-91.49000000000001,-154.3,-524.9,810.55
8.009809017181396,-25.84,5.19,-91.19,-81.54,-391.6,808.59
8.04184889793396,-13.35,-1.03,-89.90999999999997,19.53,-250.49,1055.66
8.049811840057373,-14.55,3.9,-89.81,-76.66,-282.23,1087.4
8.057822942733765,-32.38,-4.83,-89.29999999999995,96.19,-609.86,961.91
8.081833839416504,-23.1,37.97,-89.34000000000003,-860.35,-432.62,1014.16
8.089821100234985,-13.71,24.43,-89.16999999999996,-426.76,-222.66,912.6
8.097784996032715,-57.81,-3.14,-89.19999999999999,42.48,-656.25,413.09
8.121809005737305,-42.48,-16.95,-88.63,371.09,-822.27,897.95
8.12978982925415,-23.61,-16.51,-88.12,250.0,-337.89,772.95
8.137797117233276,-26.38,6.71,-87.75,-132.32,-499.51,1007.32
8.16179895401001,-27.75,0.69,-87.39999999999998,-11.23,-433.11,823.24
8.169801950454712,-23.94,3.25,-87.53999999999996,-55.18,-394.04,887.7
8.201812982559204,-24.45,9.27,-88.04999999999995,-173.34,-439.45,966.31
8.209796905517578,-35.16,-1.57,-88.16999999999996,31.74,-667.97,948.24
8.241837978363037,-15.17,17.12,-89.44999999999999,-357.91,-304.2,1121.58
8.249806880950928,-25.32,-16.0,-89.88999999999999,282.23,-420.9,889.65
8.257832050323486,-31.55,-4.24,-90.0,72.75,-513.18,835.94
8.281796932220459,-23.98,1.61,-89.66999999999996,-29.3,-424.8,955.08
8.289832830429077,-19.57,-1.89,-89.40999999999997,35.16,-356.45,1002.93
8.297789812088013,-19.82,-4.21,-89.35000000000002,80.08,-369.14,1024.41
8.321833848953247,-30.2,9.66,-89.79999999999995,-171.39,-506.35,870.12
8.329789161682129,-25.72,9.41,-90.0,-168.95,-442.38,918.46
8.337826013565063,-24.94,19.68,-90.25999999999999,-357.91,-421.87,907.23
8.361793994903564,-14.35,1.71,-90.19999999999999,-31.25,-259.77,1015.62
8.369799137115479,-28.7,-15.58,-90.54999999999995,284.67,-490.23,895.51
8.40180492401123,-56.29,-52.66,-89.28999999999996,911.13,-578.12,385.74
8.409796953201294,-70.66,51.46,-87.28999999999996,-1699.71,-1277.34,448.24
8.417690992355347,0.96,61.47,-87.44999999999999,-1608.89,14.65,874.51
8.433823823928833,-8.86,68.04,-86.57999999999998,-1619.14,-100.59,645.02
8.441849946975708,-2.78,60.4,-87.14999999999998,-1363.28,-37.6,773.44
8.449826955795288,-85.57,-29.31,-89.14999999999998,446.78,-793.46,61.52
8.457825899124146,-43.37,-12.73,-89.03999999999996,241.21,-733.4,776.37
8.48179292678833,-15.22,38.03,-85.54999999999995,-775.39,-260.25,956.54
8.489826917648315,-16.67,28.01,-84.88,-535.16,-288.57,963.87
8.497817993164062,-10.02,11.14,-84.60000000000002,-197.27,-174.32,986.82
8.521800756454468,-33.26,10.41,-83.93,-176.76,-527.83,804.69
8.529829978942871,-34.25,7.04,-83.60000000000002,-61.52,-280.27,411.62
8.5378258228302,-86.45,-3.79,-83.40999999999997,131.84,-1988.77,123.54
8.561800956726074,-29.88,-15.71,-81.49000000000001,280.27,-496.58,864.26
8.569800853729248,-28.76,-16.94,-80.59000000000003,286.62,-452.64,824.71
8.601812839508057,-15.09,-42.7,-80.40999999999997,801.27,-226.07,838.38
8.609669923782349,31.11,-49.3,-81.40999999999997,633.79,281.74,466.8
8.617795944213867,37.61,-3.28,-83.03999999999996,98.63,-1050.29,1363.28
8.633718013763428,3.15,29.68,-84.27999999999997,-466.31,44.92,816.89
8.641809940338135,-49.25,10.75,-85.15999999999997,-370.12,-1476.56,1272.46
8.649810791015625,-36.71,30.49,-86.0,-739.75,-750.98,1007.32
8.657669067382812,2.91,25.17,-87.01999999999998,-460.94,49.8,979.49
8.681787967681885,-96.67,20.79,-90.32,-291.99,-763.67,-89.36
8.689821004867554,-41.01,24.37,-90.13,-547.85,-793.46,912.6
8.697803974151611,-118.94,41.73,-89.38,-1279.79,-1255.86,-694.34
8.721828937530518,-36.28,-8.99,-88.50999999999999,174.32,-652.34,888.67
8.729790925979614,-30.04,-2.3,-88.01999999999998,38.09,-474.12,819.82
8.737797021865845,-30.99,-0.28,-87.38999999999999,5.37,-562.99,937.5
8.761807918548584,-26.41,-2.0,-86.79999999999995,37.11,-471.68,949.71
8.769821166992188,-28.09,-2.76,-87.06,48.34,-471.68,883.79
8.801843881607056,-24.56,4.35,-89.28999999999996,-78.12,-427.25,935.06
8.809789896011353,-28.98,10.15,-89.39999999999998,-226.07,-611.82,1104.49
8.81781792640686,-36.74,15.22,-89.32,-291.02,-639.65,856.93
8.833827018737793,-28.31,3.42,-88.71000000000004,-65.43,-519.53,964.36
8.841827869415283,-26.52,-1.77,-88.36000000000001,38.09,-551.76,1105.47
8.84978199005127,-27.44,-9.82,-88.0,201.17,-535.64,1031.74
8.857826948165894,-18.29,-13.88,-87.65999999999997,284.18,-360.84,1091.8
8.881791830062866,-12.24,-26.21,-87.18,551.27,-237.3,1094.24
8.889816999435425,-16.45,-21.87,-87.15999999999997,503.91,-355.47,1204.1
8.897790908813477,-17.89,-24.89,-87.14999999999998,545.9,-361.33,1119.63
8.921828031539917,-20.2,-37.25,-85.66999999999996,617.19,-280.27,761.72
8.929784059524536,-39.77,-33.9,-84.90999999999997,639.16,-608.4,730.96
8.937788963317871,-29.17,-56.28,-83.43,728.03,-236.82,424.32
8.961779832839966,-17.41,-70.58,-79.07,810.06,-85.45,272.46
8.96976613998413,-75.21,-85.64,-77.71000000000004,827.15,-61.04,16.11
9.001730918884277,130.77,-72.64,-72.96000000000001,882.81,208.98,-180.18
9.009736776351929,115.02,-77.26,-71.84,929.69,190.43,-88.87
9.017696857452393,76.55,-83.92,-70.44,985.84,102.05,24.41
9.03380298614502,-42.47,-77.58,-67.13,995.12,-147.95,161.62
9.041741847991943,93.09,-74.45,-65.28999999999999,1041.99,289.55,-15.63
9.049734115600586,138.98,-79.82,-63.47,1052.25,124.02,-142.58
9.057744979858398,146.17,-68.95,-61.66999999999999,884.28,189.45,-282.71
9.081715822219849,106.0,-68.62,-56.639999999999986,854.98,321.78,-92.29
9.089745044708252,140.12,-61.23,-55.06,803.22,282.71,-338.38
9.097722053527832,92.92,-65.66,-53.56,805.18,363.77,-18.55
9.121755123138428,125.59,-58.09,-50.31999999999999,956.54,484.37,-346.68
9.129661083221436,51.11,-41.32,-48.31999999999999,843.75,747.07,602.54
9.137752056121826,133.5,-46.41,-46.31999999999999,1119.14,772.95,-733.4
9.161725759506226,99.98,-64.73,-42.120000000000005,1062.99,494.14,-86.91
9.1697518825531,156.2,-46.84,-40.620000000000005,776.86,293.95,-666.5
9.201690912246704,89.34,-57.68,-36.41,734.86,464.84,5.37
9.209720849990845,65.98,-51.05,-34.41,919.92,679.2,302.73
9.217747926712036,93.12,-57.74,-33.22999999999999,852.05,537.11,-29.3
9.233710050582886,83.6,-52.6,-32.03999999999999,778.81,591.8,66.41
9.241755962371826,122.84,-42.52,-31.609999999999985,664.55,608.89,-393.07
9.24974775314331,103.27,-43.71,-31.310000000000002,701.66,714.36,-168.46
9.257762908935547,108.26,-43.78,-31.0,647.95,642.09,-211.91
9.281725883483887,113.62,-44.26,-30.5,596.19,560.55,-245.12
9.28974986076355,95.29,-47.23,-30.460000000000008,624.51,575.2,-53.22
9.297667026519775,89.23,-46.58,-30.460000000000008,654.79,619.63,8.3
9.321667909622192,80.75,-46.33,-30.150000000000006,566.41,533.69,86.91
9.329652786254883,80.77,-46.34,-29.849999999999994,596.68,562.01,91.31
9.337661743164062,71.23,-44.36,-29.560000000000002,565.43,547.36,186.04
9.361656904220581,72.36,-45.33,-29.00999999999999,582.03,548.34,174.32
9.369674921035767,76.74,-41.39,-29.049999999999983,574.22,634.28,149.41
9.401647090911865,16.86,-52.61,-30.49000000000001,757.81,167.97,554.2
9.409677982330322,16.56,-22.09,-31.129999999999995,528.32,371.09,1248.05
9.417673826217651,19.89,-21.07,-31.99000000000001,406.25,358.89,991.7
9.433676958084106,4.94,-11.82,-33.900000000000006,250.49,103.03,1192.87
9.441682815551758,8.93,-15.58,-35.06999999999999,271.0,150.88,959.96
9.449674844741821,6.77,-16.56,-36.329999999999984,275.88,109.37,921.39
9.457684755325317,15.0,-19.87,-37.81,249.51,178.71,666.99
9.481670141220093,6.77,-2.58,-42.04999999999998,48.83,127.93,1078.13
9.489806890487671,-4.27,-3.0,-43.24000000000001,42.97,-61.04,816.89
9.497657060623169,0.84,-2.08,-44.900000000000006,42.48,17.09,1168.46
9.52180790901184,-43.19,-3.9,-46.91999999999999,49.32,-494.63,526.86
9.529794931411743,-28.83,-4.67,-47.79999999999998,87.4,-516.11,937.5
9.537797927856445,-36.66,0.13,-48.31,-3.42,-927.73,1246.58
9.56181788444519,-47.3,-0.68,-48.889999999999986,19.04,-1182.13,1090.82
9.569777965545654,-45.36,-0.84,-49.46000000000001,17.58,-850.59,839.84
9.601794958114624,-57.39,0.2,-51.94,-4.39,-1050.78,672.36
9.609806060791016,-59.59,3.02,-52.03999999999999,-64.45,-1052.25,617.68
9.617791891098022,65.05,6.36,-52.079999999999984,-129.39,-1051.76,489.26
9.633814811706543,-66.99,7.92,-52.129999999999995,-168.95,-1117.68,474.61
9.641812801361084,-69.24,8.01,-52.129999999999995,-161.62,-1074.22,407.23
9.649789810180664,-67.83,6.09,-52.09,-120.12,-1042.48,424.8
9.65779709815979,-69.37,5.69,-51.94999999999999,-105.96,-994.63,374.51
9.68179988861084,-70.76,6.36,-51.849999999999994,-119.63,-1012.7,353.52
9.689806938171387,-71.83,7.38,-52.120000000000005,-146.97,-1078.61,354.0
9.697791814804077,-71.98,0.52,-52.43000000000001,-9.77,-1017.58,331.05
9.721821784973145,-78.17,6.93,-51.99000000000001,-126.46,-1018.55,213.38
9.729778051376343,-80.03,12.51,-51.829999999999984,-215.82,-958.01,168.46
9.737797975540161,-84.99,12.86,-51.75,-214.36,-935.06,82.03
9.761786937713623,-84.82,4.8,-51.91,-89.36,-1060.06,96.19
9.769781827926636,-87.33,1.74,-52.079999999999984,-34.67,-1139.65,53.22
9.801800727844238,-83.86,12.17,-53.34,-253.91,-1170.41,125.98
9.809790849685669,-84.3,10.72,-54.150000000000006,-225.1,-1183.11,118.16
9.817799806594849,-85.27,8.08,-55.03,-163.09,-1145.02,94.73
9.833817958831787,-86.4,6.04,-57.03,-117.68,-1109.86,69.82
9.841809034347534,-88.24,4.56,-58.109999999999985,-86.43,-1082.52,33.2
9.849797010421753,-93.27,3.59,-59.28999999999999,-64.45,-1025.88,-58.59
9.857812881469727,-94.47,3.97,-60.579999999999984,-67.87,-974.61,-76.17
9.881799936294556,-89.75,2.86,-64.19,-45.41,-909.67,3.91
9.889806985855103,-94.49,6.93,-65.13,-115.23,-944.82,-74.22
9.897778034210205,-94.76,18.08,-65.87,-522.46,-1594.73,-132.81
9.921822786331177,-103.84,40.77,-67.74000000000001,-1775.88,-2000.0,-492.68
9.92979383468628,-91.95,23.13,-68.32999999999998,-403.81,-944.82,-32.23
9.937732934951782,121.46,-49.54,-68.0,444.34,323.24,-197.75
9.961787939071655,-100.72,17.14,-69.66,-369.14,-1176.27,-222.66
9.969704866409302,157.84,-39.91,-69.31,204.59,92.29,-226.56
10.001809120178223,-100.63,29.86,-66.94999999999999,-521.0,-892.09,-167.48
10.00979495048523,-116.12,42.68,-66.63,-518.55,-504.88,-247.56
10.01779294013977,-125.8,22.68,-66.47999999999999,-447.75,-869.14,-626.95
10.033808946609497,-129.78,29.24,-66.4,-494.63,-679.2,-565.43
10.041821718215942,-118.13,13.71,-66.66,-253.42,-916.02,-489.75
10.049798965454102,-113.29,14.81,-66.88999999999999,-253.91,-882.32,-379.88
10.057811737060547,-112.0,19.22,-66.99000000000001,-296.39,-788.09,-318.36
10.081785917282104,-119.95,13.24,-67.19,-237.79,-875.49,-504.39
10.089820146560669,-110.61,16.55,-67.07999999999998,-267.09,-841.31,-316.41
10.097793817520142,-121.36,16.27,-66.87,-280.76,-821.29,-500.49
10.121819019317627,-136.14,26.21,-66.07,-410.64,-578.12,-601.56
10.129782915115356,-134.28,22.84,-66.07,-395.51,-672.36,-655.76
10.137798070907593,-127.41,19.79,-66.12,-334.96,-739.26,-565.43
10.161784887313843,-110.45,8.95,-66.38999999999999,-147.95,-879.88,-328.12
10.169775009155273,-132.16,7.76,-66.63999999999999,-146.97,-799.32,-723.63
10.201786994934082,-133.46,27.74,-68.04999999999998,-520.51,-718.26,-680.66
10.20978593826294,-114.52,6.4,-69.75,-67.38,-546.87,-249.51
10.217804908752441,139.7,30.54,-70.75999999999999,-450.2,-493.65,-582.03
10.233832836151123,-168.07,13.54,-69.59,-228.03,-195.8,-926.76
10.241813898086548,-173.29,19.1,-69.78999999999999,-235.84,-79.59,-676.27
10.24982500076294,-161.68,-2.04,-69.9,18.55,-164.06,-495.61
10.257814884185791,-162.68,10.72,-70.22,-173.83,-273.44,-876.95
10.28171992301941,172.35,3.37,-71.10999999999999,-90.82,205.08,-1527.34
10.28975510597229,170.58,8.67,-71.88,-93.75,100.59,-606.45
10.297717809677124,168.33,4.84,-72.66999999999999,-40.53,96.68,-468.26
10.32173776626587,157.99,-10.68,-73.94999999999999,153.32,304.69,-753.91
10.329721927642822,154.53,-11.29,-73.68,146.0,314.45,-660.16
10.337799072265625,-155.89,-1.03,-73.75999999999999,14.16,-322.27,-720.21
10.361725091934204,162.05,-1.73,-73.50999999999999,32.23,328.61,-1014.65
10.369781970977783,-171.68,-2.3,-73.47999999999999,36.62,-131.84,-901.86
10.40180492401123,-175.75,-4.01,-72.63,58.11,-61.52,-827.15
10.409716844558716,175.82,5.0,-72.50999999999999,-87.4,72.75,-995.61
10.417742013931274,174.37,2.24,-72.26999999999998,-47.85,120.12,-1219.24
10.433750867843628,174.76,3.01,-71.06,-47.85,83.01,-904.79
10.441731929779053,167.77,-0.76,-70.03999999999999,17.09,271.97,-1254.88
10.449733018875122,171.57,-0.83,-68.96000000000001,16.6,168.46,-1137.21
10.457748889923096,172.6,-4.86,-67.65,88.38,133.79,-1030.76
10.481735706329346,170.18,-16.84,-63.18000000000001,308.59,173.83,-1004.39
10.48974609375,165.52,-17.26,-61.76999999999998,244.63,196.78,-762.21
10.497699975967407,163.3,-13.86,-60.41,210.94,245.61,-818.85
10.521740913391113,167.43,-25.58,-56.46000000000001,392.09,178.22,-799.32
10.529722929000854,170.9,-29.08,-55.22999999999999,465.33,132.32,-826.17
10.53770399093628,174.32,-34.9,-53.94,585.45,83.01,-834.96
10.561702013015747,173.84,-31.96,-49.859999999999985,587.4,101.07,-936.04
10.569703102111816,177.01,-42.45,-48.359999999999985,649.9,37.11,-709.47
10.601704120635986,168.77,-64.47,-42.34,834.96,77.64,-391.11
10.609716892242432,173.24,-68.33,-41.19,866.21,40.53,-341.8
10.617730855941772,173.54,-71.75,-40.099999999999994,882.32,32.71,-289.06
10.633737802505493,159.15,-71.81,-38.150000000000006,813.96,95.21,-250.0
10.641735076904297,124.16,-77.99,-37.379999999999995,862.79,151.86,-103.03
10.649729013442993,125.49,-81.93,-36.859999999999985,913.57,105.47,-75.2
10.657655000686646,67.86,-82.76,-36.44999999999999,958.5,112.79,45.9
10.681696891784668,78.22,-82.77,-35.900000000000006,1093.26,135.74,28.32
10.68967580795288,76.36,-83.6,-35.859999999999985,1070.8,116.7,28.32
10.697658061981201,76.24,-79.59,-35.76999999999998,1061.52,189.45,46.39
10.721678972244263,31.39,-69.75,-35.06999999999999,907.23,174.32,285.64
10.729646921157837,32.11,-68.9,-34.93000000000001,902.34,185.06,294.92
10.737651824951172,35.85,-61.39,-34.859999999999985,764.16,244.14,337.89
10.761667013168335,29.74,-59.62,-35.59,846.19,246.09,430.66
10.76969313621521,16.7,-63.97,-35.94,887.21,124.51,415.04
10.801666975021362,21.53,-51.4,-37.54999999999998,863.28,252.93,641.11
10.809674978256226,19.81,-50.63,-38.24000000000001,879.88,244.63,679.2
10.841671705245972,43.3,-48.93,-39.22999999999999,829.1,495.61,525.88
10.849647998809814,32.57,-42.93,-39.49000000000001,756.84,437.99,685.55
10.857674837112427,33.22,-37.36,-39.94,686.52,492.68,752.44
10.881645917892456,44.24,-46.42,-42.18000000000001,788.57,523.44,537.6
10.889657974243164,29.06,-28.47,-42.629999999999995,524.41,469.73,845.21
10.897669076919556,31.07,-38.11,-43.47999999999999,659.18,433.59,719.73
10.921661853790283,43.27,-39.46,-45.78,660.16,549.8,583.98
10.929689884185791,64.75,-47.1,-46.72999999999999,685.06,575.68,271.48
10.937641859054565,48.86,-33.84,-47.50999999999999,502.44,564.45,493.16
10.961657047271729,59.35,-38.36,-50.21000000000001,599.61,651.86,386.23
10.969636917114258,42.65,-34.59,-51.28999999999999,592.77,582.52,632.32
11.001652956008911,78.74,-48.84,-56.06,766.6,657.23,130.86
11.009637117385864,48.13,-32.34,-56.99000000000001,556.64,654.79,586.91
11.017657041549683,66.35,-39.96,-58.01999999999998,677.25,740.23,324.22
11.033652782440186,41.19,-31.58,-60.59,361.33,387.21,442.38
11.041664838790894,44.66,-42.82,-62.120000000000005,531.74,403.32,408.2
11.049654960632324,44.09,-46.14,-63.66,499.51,333.98,344.73
11.05767011642456,54.97,-40.52,-65.43,674.8,646.48,453.12
11.081684827804565,55.91,-57.25,-71.37,782.71,416.99,282.23
11.089669942855835,35.51,-46.3,-73.38,753.91,418.46,586.43
11.09766173362732,32.81,-42.09,-75.28999999999999,736.82,441.89,685.55
11.121679067611694,19.0,-46.43,-80.53999999999996,796.39,246.58,716.31
11.129667043685913,10.27,-44.6,-82.16999999999996,699.22,126.46,697.75
11.137645959854126,16.71,-43.9,-83.69,717.29,214.36,713.87
11.161656856536865,15.17,-42.11,-88.74000000000001,684.57,198.24,730.96
11.169665813446045,15.06,-47.04,-90.64999999999998,750.98,181.64,675.29
11.20166802406311,5.92,-50.87,-98.60000000000002,785.16,65.92,635.25
11.209795951843262,-5.61,-44.78,-100.48000000000002,699.22,-68.85,701.17
11.241818904876709,-16.36,-27.2,-107.76999999999998,507.81,-278.32,948.24
11.249788045883179,-16.51,-29.51,-109.54999999999995,516.6,-259.28,875.0
11.257806062698364,-21.54,-22.82,-111.28999999999996,407.23,-355.47,900.39
11.281779766082764,-20.58,-18.36,-116.28999999999996,304.69,-322.75,859.37
11.2898108959198,-21.51,-18.48,-117.93,305.66,-335.45,851.07
11.297778129577637,-23.81,-15.81,-119.57,272.95,-389.16,881.84
11.32176399230957,-30.2,-2.2,-123.82999999999998,49.32,-646.0,1109.86
11.329762935638428,-31.91,3.47,-125.11000000000001,-78.61,-685.55,1101.07
11.337782859802246,-32.85,4.38,-126.31,-93.26,-660.16,1022.46
11.361778736114502,-31.78,0.03,-129.5,-0.49,-458.98,740.72
11.369791984558105,-33.12,-4.46,-130.40999999999997,58.59,-410.64,629.39
11.401778936386108,-46.56,13.89,-133.57,-318.85,-936.52,886.72
11.409771919250488,-43.78,11.14,-133.91999999999996,-311.04,-1092.77,1140.14
11.417771816253662,-42.67,13.22,-134.12,-355.47,-1025.88,1112.79
11.433782815933228,-49.68,14.89,-133.91999999999996,-311.52,-893.55,758.3
11.441792964935303,-66.76,20.03,-133.37,-327.64,-825.68,354.49
11.449781894683838,-51.02,12.97,-132.45,-224.61,-757.81,613.28
11.457810878753662,-93.73,17.06,-131.32999999999998,-432.62,-1406.74,-91.8
11.481782913208008,-58.72,10.26,-127.41999999999996,-292.97,-1383.79,840.82
11.489821910858154,-45.0,9.88,-125.41999999999996,-159.67,-647.95,647.95
11.497763872146606,-57.0,2.23,-123.40999999999997,-40.04,-863.28,560.55
11.521806001663208,-99.34,-13.04,-117.84000000000003,179.2,-763.18,-125.49
11.529770851135254,-98.16,-18.96,-116.13,267.09,-769.53,-110.35
11.537776947021484,-81.1,-9.82,-114.32,119.63,-683.11,106.93
11.561782836914062,-112.59,-19.81,-110.87,424.8,-1088.87,-453.12
11.569772005081177,-107.77,-20.37,-110.25,332.52,-853.03,-273.44
11.601783037185669,-134.62,-17.52,-108.01999999999998,343.26,-773.93,-763.67
11.609781980514526,-131.49,-21.3,-107.51999999999998,338.87,-650.88,-575.68
11.617785930633545,-131.13,-21.75,-107.04999999999995,336.43,-635.25,-554.69
11.633801937103271,-131.36,-25.19,-106.32999999999998,373.54,-596.19,-524.9
11.641795873641968,-130.37,-21.24,-106.13,320.8,-628.91,-534.67
11.649785041809082,-137.92,-19.39,-105.88999999999999,281.74,-536.62,-594.24
11.657777070999146,-139.42,-21.68,-105.50999999999999,250.98,-410.64,-479.49
11.681782960891724,-153.29,-26.48,-103.82,605.47,-546.39,-1085.94
11.689809083938599,-145.38,-28.09,-103.18,461.43,-491.21,-711.43
11.697784900665283,-158.64,-13.7,-103.03999999999996,282.71,-422.36,-1080.08
11.721782922744751,-158.87,-26.46,-102.27999999999997,352.54,-255.37,-660.64
11.729780912399292,-162.41,-24.86,-102.36000000000001,339.84,-221.68,-699.22
11.737777948379517,-169.42,-18.48,-102.62,231.93,-127.44,-682.13
11.761770963668823,-174.8,-13.84,-104.21000000000004,205.57,-75.68,-831.05
11.769781827926636,-177.46,-5.76,-104.84000000000003,88.87,-39.06,-879.39
11.801661014556885,176.48,0.31,-109.29999999999995,-5.37,61.52,-999.51
11.80972409248352,173.57,-0.44,-110.57,7.81,113.28,-1005.37
11.817716836929321,170.09,-2.1,-111.84000000000003,40.53,189.94,-1086.91
11.833778142929077,-158.9,-2.45,-114.27999999999997,42.97,-360.84,-935.06
11.841731071472168,175.93,2.13,-115.48000000000002,-32.71,62.5,-877.44
11.849720001220703,176.09,14.28,-116.82999999999998,-258.79,69.34,-1014.16
11.85773515701294,178.07,2.95,-118.31,-49.32,32.23,-956.54
11.881704807281494,178.37,4.74,-122.51999999999998,-82.52,28.32,-994.63
11.889726877212524,177.17,20.51,-123.81,-362.3,47.85,-967.29
11.897711992263794,174.42,8.71,-125.00999999999999,-160.16,101.56,-1040.04
11.921746015548706,178.14,9.72,-128.51999999999998,-167.48,31.74,-977.54
11.929768085479736,-170.75,17.65,-129.7,-280.27,-141.6,-869.14
11.93772006034851,175.06,13.97,-130.84000000000003,-258.3,89.36,-1034.67
11.961725950241089,179.84,8.88,-133.07,-166.99,2.93,-1069.34
11.969754934310913,-177.0,12.13,-133.38,-230.96,-56.15,-1073.24
12.001775026321411,-172.37,15.49,-133.35000000000002,-297.85,-142.58,-1064.94
12.009768724441528,-164.52,12.86,-133.57,-204.59,-239.26,-863.77
12.017799139022827,-173.92,4.81,-134.14,-81.05,-102.05,-957.52
12.033776044845581,-154.21,3.98,-135.18,-65.43,-409.67,-847.66
12.041813850402832,-146.96,3.43,-135.32999999999998,-56.15,-510.74,-785.16
12.04977297782898,-148.86,5.39,-135.25,-92.29,-505.37,-836.43
12.057809114456177,-139.32,5.97,-134.98000000000002,-108.4,-675.78,-786.13
12.081787109375,-139.9,6.58,-133.69,-115.23,-643.55,-764.16
12.089814901351929,-140.29,5.53,-133.18,-95.7,-631.35,-760.25
12.097769975662231,-142.4,5.17,-132.53999999999996,-91.31,-615.23,-798.83
12.121798992156982,-132.04,2.68,-130.39,-40.04,-635.74,-573.24
12.129771947860718,-134.22,2.53,-129.87,-38.09,-618.16,-601.56
12.137771844863892,-126.32,2.57,-129.51,-38.57,-693.36,-509.77
12.16176986694336,-106.14,1.75,-129.04999999999995,-29.3,-919.43,-266.11
12.169790744781494,-111.74,-4.39,-129.19,82.03,-993.16,-396.0
12.201771974563599,-118.01,-24.1,-130.89999999999998,479.0,-945.31,-502.93
12.209770917892456,-86.13,18.55,-132.36,-281.74,-837.89,56.64
12.217772960662842,-82.42,38.83,-132.93,-601.56,-740.72,98.63
12.233768939971924,-80.55,0.44,-134.27999999999997,-6.35,-812.5,135.25
12.241767168045044,-78.74,4.06,-135.29999999999995,-75.68,-1044.92,208.01
12.249791860580444,-72.57,9.83,-135.82999999999998,-179.2,-986.33,309.57
12.257765054702759,-45.43,12.73,-136.72000000000003,-258.79,-815.92,803.71
12.281768798828125,-43.74,8.25,-139.12,-150.88,-719.24,751.46
12.289798021316528,-43.39,10.03,-139.85000000000002,-180.66,-701.66,742.19
12.29778504371643,-34.64,0.97,-140.59000000000003,-15.63,-522.95,756.84
12.321799755096436,-17.56,-4.15,-142.97000000000003,62.99,-262.21,828.61
12.329768180847168,-15.51,1.03,-143.82,-16.11,-240.23,865.72
12.337778091430664,-6.63,3.65,-144.76,-75.2,-136.23,1172.36
12.361769914627075,-6.04,-0.7,-146.37,16.6,-143.55,1356.45
12.369778156280518,-3.37,-5.69,-146.72000000000003,108.4,-63.96,1086.43
12.401637077331543,35.72,1.49,-148.46000000000004,-28.32,634.77,882.81
12.409657955169678,17.23,-12.6,-148.75,195.31,258.79,834.47
12.417629718780518,31.34,-4.8,-148.98000000000002,82.52,511.23,839.36
12.433670997619629,29.01,-8.94,-149.31,155.27,478.52,862.79
12.441664934158325,35.84,-6.93,-149.46000000000004,125.98,606.93,840.33
12.449643850326538,33.08,-8.9,-149.48000000000002,169.92,592.29,909.18
12.457650899887085,33.74,-8.36,-149.49,155.76,588.38,880.86
12.481663942337036,40.96,-2.6,-149.99,42.48,613.28,706.54
12.489680051803589,40.87,-2.56,-150.43,39.06,571.29,660.16
12.497636079788208,44.78,-3.74,-150.98000000000002,64.45,693.85,699.22
12.521665811538696,32.71,-10.78,-153.70999999999998,187.99,533.69,831.05
12.529644966125488,43.83,-5.18,-154.45,113.28,865.23,901.37
12.537647008895874,16.8,-14.12,-155.31,229.0,263.18,871.58
12.561649084091187,24.36,-3.71,-155.85000000000002,69.34,441.41,975.1
12.56966495513916,6.79,-20.99,-156.32,383.3,118.16,992.19
12.601783037185669,-19.73,0.06,-158.7,-0.98,-300.78,838.87
12.609794855117798,-36.75,-15.14,-159.90999999999997,339.36,-750.49,1004.88
12.617774963378906,-40.47,3.1,-160.88,-77.15,-924.8,1083.98
12.633806943893433,-20.4,4.43,-160.89,-98.14,-441.89,1187.99
12.641801834106445,-14.12,-3.43,-159.69,62.01,-251.95,1001.95
12.64966106414795,13.68,-39.97,-157.79000000000002,1725.59,486.82,1999.94
12.657793998718262,-2.95,-9.74,-156.86,250.49,-75.2,1457.03
12.68165397644043,2.03,43.15,-157.38,-813.48,30.76,867.19
12.689657926559448,3.27,34.39,-159.38,-562.01,46.88,819.82
12.697784900665283,-0.86,29.11,-161.38,-344.24,-9.28,618.16
12.721803903579712,-120.33,18.83,-167.39,-116.7,-295.41,-172.85
12.729774951934814,-124.82,12.2,-169.01999999999998,-84.47,-320.8,-223.14
12.737776041030884,-51.02,-45.17,-170.26,354.49,-273.93,221.68
12.7617769241333,-75.42,42.52,-171.82999999999998,-343.26,-362.3,94.24
12.769776105880737,-51.33,44.58,-170.93,-435.06,-344.73,275.88
12.801788091659546,-70.87,36.12,-163.57999999999998,-316.41,-409.67,142.09
12.809790849685669,-77.6,21.54,-163.37,-154.3,-381.84,83.98
12.817768096923828,-146.11,54.35,-162.83999999999997,-107.42,-42.97,-63.96
12.833791971206665,-36.0,34.68,-160.26999999999998,-366.7,-311.52,428.71
12.841800928115845,-45.34,14.23,-159.05,-297.85,-835.45,825.68
12.849783897399902,-31.75,7.01,-158.52999999999997,-199.22,-852.05,1376.95
12.857805013656616,-39.48,-12.95,-157.48000000000002,558.11,-1543.46,1874.02
12.881778001785278,-20.6,-2.22,-158.26999999999998,28.32,-257.32,684.57
12.88978385925293,-23.91,-13.21,-158.04000000000002,130.37,-225.1,507.81
12.897774934768677,-9.14,-11.36,-157.26,196.29,-155.27,964.84
12.921787023544312,-35.29,9.81,-155.64999999999998,-167.48,-559.57,790.53
12.929768085479736,-40.12,-9.73,-155.55,114.75,-431.15,511.72
12.937767028808594,-29.25,17.22,-155.10000000000002,-282.23,-444.82,794.43
12.961778163909912,-40.96,14.63,-154.54000000000002,-262.21,-658.69,758.79
12.969795942306519,-54.27,7.46,-154.14999999999998,-114.26,-708.01,509.28
13.001780986785889,-26.17,18.42,-152.99,-354.49,-469.24,955.08
13.00977873802185,-24.42,13.34,-152.18,-264.65,-461.43,1016.11
13.041784048080444,-23.48,13.03,-145.76,-344.73,-593.75,1366.7
13.04979395866394,-16.03,9.11,-143.79999999999995,-179.69,-309.57,1077.15
13.057796001434326,-27.21,11.77,-142.03999999999996,-226.56,-497.07,966.8
13.08176875114441,-10.26,5.86,-137.15999999999997,-104.98,-182.13,1006.35
13.089804887771606,-8.52,2.35,-135.98000000000002,-39.06,-141.11,941.89
13.097760915756226,-11.88,9.23,-134.82,-179.2,-227.05,1079.1
13.121764898300171,-13.25,-7.77,-132.01,141.6,-237.79,1010.25
13.12979793548584,-15.99,-2.04,-131.48000000000002,38.09,-293.95,1025.88
13.13779902458191,-16.64,-3.88,-131.15999999999997,73.73,-311.04,1040.53
13.161751985549927,-21.42,2.49,-131.12,-44.43,-373.05,950.68
13.169780969619751,-20.53,0.26,-131.25,-4.88,-371.58,992.19
13.201746940612793,-20.27,1.4,-131.77999999999997,-25.39,-359.37,973.14
13.209756135940552,-20.15,2.45,-131.88,-43.46,-350.1,954.1
13.21776819229126,-19.86,2.05,-131.94,-36.62,-346.68,959.96
13.233788967132568,-20.33,2.64,-131.89999999999998,-46.88,-352.54,951.66
13.241789102554321,-20.01,2.43,-131.85000000000002,-43.46,-350.1,961.43
13.249764919281006,-19.82,2.22,-131.75,-39.06,-341.31,946.78
13.257779836654663,-19.6,2.23,-131.61,-39.55,-340.33,955.57
13.281777143478394,-19.12,3.61,-131.27999999999997,-62.99,-326.66,942.38
13.289793968200684,-19.08,2.01,-131.24,-36.13,-336.43,972.66
13.297765016555786,-21.72,0.82,-131.24,-14.65,-377.44,947.27
13.321781873703003,-21.08,1.8,-131.26,-32.71,-374.02,970.21
13.32976508140564,-20.43,1.48,-131.26,-26.86,-363.77,976.56
13.337754011154175,-20.1,1.08,-131.24,-19.53,-357.42,976.56
13.361778736114502,-19.17,1.19,-131.26,-21.48,-340.82,980.47
13.377757787704468,-19.95,1.33,-131.25,-23.93,-352.05,969.73
13.401768922805786,-20.08,0.92,-131.25,-16.6,-354.98,971.19
13.409768104553223,-19.8,1.91,-131.25,-34.67,-351.56,976.56
13.417746782302856,74.0,1.52,-131.25,-27.34,-364.75,963.38
13.433780908584595,-19.65,1.79,-131.26,-32.71,-351.07,983.4
13.44176697731018,-20.56,1.31,-131.26999999999998,-23.93,-366.21,976.56
13.449764013290405,-20.3,0.59,-131.26999999999998,-10.74,-361.33,977.05
13.457772016525269,-20.87,0.76,-131.28999999999996,-13.67,-368.16,965.82
13.48178505897522,-20.54,0.97,-131.27999999999997,-17.58,-363.77,970.7
13.489791870117188,-20.94,1.25,-131.32,-22.46,-366.7,958.5
13.497761011123657,-19.76,0.94,-131.31,-17.09,-354.0,985.35
13.521735906600952,-21.03,0.88,-131.35000000000002,-16.11,-375.0,975.59
13.529752969741821,-20.19,1.77,-131.36,-31.74,-354.98,965.33
13.537764072418213,-20.88,1.16,-131.36,-21.0,-368.65,966.31
13.56175708770752,-20.15,1.38,-131.35000000000002,-24.9,-356.93,972.66
13.569751977920532,-20.49,1.56,-131.38,-28.32,-364.75,976.07
13.601769924163818,-20.63,0.65,-131.44,-11.72,-365.72,971.19
13.609768152236938,-21.28,1.06,-131.40999999999997,-19.04,-373.05,958.01
13.617750883102417,-20.55,1.32,-131.41999999999996,-23.93,-364.75,973.14
13.633799076080322,-20.82,0.77,-131.38,-14.16,-372.56,979.98
13.641777992248535,-20.62,1.1,-131.39999999999998,-20.02,-366.7,974.61
13.649780988693237,-20.83,0.91,-131.40999999999997,-16.6,-371.09,975.59
13.657804012298584,-20.48,1.29,-131.40999999999997,-23.44,-363.77,974.12
13.681761980056763,-20.72,1.18,-131.39999999999998,-21.48,-367.68,972.17
13.689795970916748,-20.22,0.87,-131.40999999999997,-15.63,-356.93,969.24
13.697760820388794,-20.75,0.86,-131.43,-15.63,-369.14,974.12
13.721766948699951,-20.99,0.72,-131.45,-13.18,-375.49,978.52
13.729766130447388,-21.16,0.91,-131.45,-16.6,-376.95,973.63
13.737761974334717,-20.51,1.28,-131.45,-23.44,-366.21,979.0
13.7617769241333,-20.6,0.89,-131.44,-16.11,-364.26,969.24
13.769757747650146,-20.68,1.05,-131.43,-19.04,-368.16,975.1
13.801780939102173,-20.28,1.86,-131.47000000000003,-33.69,-358.89,971.19
13.809765100479126,-20.74,1.44,-131.49,-26.37,-370.61,978.52
13.817755937576294,-20.81,0.83,-131.48000000000002,-15.14,-369.63,972.66
13.833775043487549,-20.28,1.19,-131.45,-21.48,-357.91,968.75
13.841788053512573,-20.89,0.83,-131.47000000000003,-15.14,-371.09,972.17
13.849769830703735,-20.42,0.72,-131.48000000000002,-13.18,-363.77,977.05
13.857796907424927,-21.49,0.4,-131.45,-7.32,-382.32,971.19
13.881773948669434,-20.7,0.81,-131.5,-14.65,-364.75,965.33
13.88978385925293,-20.87,1.37,-131.51,-24.9,-369.63,969.73
13.89776611328125,-20.92,1.71,-131.5,-30.76,-367.19,960.45
13.921789169311523,-21.34,0.21,-131.54999999999995,-3.91,-382.32,978.52
13.929762840270996,-20.61,1.05,-131.56,-19.04,-365.23,971.19
13.937766075134277,-21.16,0.46,-131.54999999999995,-8.3,-376.46,972.66
13.96177887916565,-20.56,1.2,-131.53999999999996,-21.97,-369.14,984.37
13.969764947891235,-20.62,0.96,-131.53999999999996,-17.58,-369.14,980.96
14.001764059066772,-20.82,0.82,-131.56,-14.65,-363.77,956.54
14.00978708267212,-20.45,0.62,-131.56,-11.23,-362.79,973.14
14.017752885818481,-21.1,1.4,-131.57,-25.39,-375.0,971.68
14.033791780471802,-21.57,1.26,-131.59000000000003,-22.46,-375.0,948.73
14.041801929473877,-20.82,1.57,-131.57999999999998,-28.32,-368.16,968.26
14.049768924713135,-21.19,1.57,-131.57999999999998,-28.32,-372.56,960.94
14.057769775390625,-20.83,-30.18,-131.77999999999997,657.23,-401.86,1056.15
14.081787109375,-24.65,-1.69,-133.03999999999996,31.25,-441.41,961.91
14.089782953262329,-12.49,-1.01,-133.46000000000004,18.07,-222.17,1002.93
14.097760915756226,-9.99,-6.37,-134.06,95.21,-147.95,840.33
14.121787071228027,-45.0,35.26,-137.94,-2000.0,-2000.0,1999.94
14.129751920700073,-21.03,-17.0,-139.38,262.21,-307.62,800.29
14.137769937515259,-38.3,-1.11,-141.01,25.39,-808.59,1023.93
14.161767959594727,-9.56,0.75,-143.11,-17.58,-222.17,1319.82
14.169795989990234,-29.18,15.23,-144.35000000000002,-414.06,-741.7,1328.13
14.201642990112305,4.91,5.48,-144.99,-153.81,137.21,1598.63
14.209778070449829,-10.56,-0.84,-144.32,19.53,-242.68,1302.25
14.21775507926941,-15.36,3.08,-143.7,-61.52,-302.73,1102.05
14.233778715133667,-3.32,-0.31,-142.02999999999997,5.37,-58.11,1002.44
14.241786003112793,-24.11,-12.39,-141.22000000000003,204.59,-380.37,850.1
14.249759912490845,-15.7,-6.37,-140.48000000000002,114.26,-276.86,984.86
14.257782936096191,-8.34,-5.52,-139.52999999999997,96.68,-145.02,989.75
14.281765937805176,-9.69,-0.88,-136.03999999999996,15.14,-166.02,972.17
14.289790868759155,-21.22,-7.26,-134.56,130.37,-370.61,954.59
14.297760963439941,-18.26,4.31,-132.85000000000002,-82.52,-342.77,1039.06
14.321792840957642,-22.25,-6.49,-126.98000000000002,97.66,-325.2,794.92
14.329768180847168,-18.52,1.26,-124.98000000000002,-23.93,-344.24,1027.83
14.337772846221924,-5.88,6.08,-122.98000000000002,-101.56,-97.66,948.24
14.361757755279541,-16.84,-36.03,-116.98000000000002,688.96,-274.41,906.74
14.3697509765625,-28.52,-34.75,-114.98000000000002,626.46,-431.15,793.46
14.401769876480103,-13.38,15.63,-107.38,-276.86,-229.0,962.89
14.409633874893188,13.15,30.09,-106.39999999999998,-458.98,180.18,771.48
14.417625904083252,5.4,12.68,-106.11000000000001,-232.42,97.17,1028.81
14.433666944503784,1.7,3.8,-107.03999999999996,-66.89,29.79,1006.35
14.441672801971436,2.62,8.41,-108.53999999999996,-159.18,49.32,1076.17
14.449639081954956,6.95,4.96,-110.53999999999996,-97.66,136.23,1117.19
14.457651853561401,18.31,-17.67,-112.53999999999996,420.41,414.55,1252.93
14.481631994247437,27.95,-29.93,-118.53999999999996,601.56,489.75,922.85
14.489774942398071,-2.06,13.04,-120.53999999999996,-194.82,-30.27,840.82
14.49762487411499,3.57,-31.85,-122.54999999999995,788.09,79.1,1266.11
14.52175784111023,-28.7,20.79,-128.54999999999995,-441.89,-559.08,1021.0
14.529734134674072,-9.79,10.7,-130.54999999999995,-215.33,-193.85,1123.54
14.537734031677246,-10.53,20.55,-132.54999999999995,-387.7,-188.96,1016.6
14.56174087524414,-31.67,7.57,-138.53999999999996,-141.11,-557.62,903.81
14.569769859313965,-30.69,11.17,-140.14,-195.8,-506.35,853.03
14.60175609588623,-15.62,10.34,-140.57,-177.25,-261.72,936.04
14.609785079956055,-16.87,13.43,-139.7,-224.12,-272.46,898.44
14.617737770080566,-21.27,7.84,-137.72000000000003,-142.09,-374.51,961.91
14.633782863616943,-18.46,13.84,-133.72000000000003,-273.93,-352.05,1054.69
14.641799926757812,-7.93,24.8,-131.72000000000003,-451.17,-134.77,967.29
14.64976191520691,-20.28,10.73,-129.72000000000003,-191.41,-350.1,947.27
14.657795906066895,-2.57,13.47,-127.72000000000003,-286.62,-53.71,1195.8
14.681782960891724,-1.58,-1.71,-121.71000000000004,36.62,-33.69,1222.66
14.689671754837036,6.27,-11.34,-119.71000000000004,197.27,107.42,977.54
14.697650909423828,5.8,-1.3,-118.16999999999996,25.88,115.72,1138.67
14.721781969070435,-14.9,-3.33,-117.72000000000003,61.52,-271.97,1022.46
14.72975778579712,-6.46,0.67,-117.61000000000001,-12.21,-117.19,1034.67
14.73764181137085,1.2,-11.57,-118.0,224.61,22.95,1097.17
14.761762857437134,-6.85,4.39,-122.93,-80.57,-125.0,1041.02
14.769661903381348,8.85,-5.76,-124.93,124.51,189.94,1219.73
14.801767110824585,-1.8,-19.24,-132.94,396.48,-35.64,1135.74
14.809767961502075,-8.39,-18.65,-134.94,308.59,-133.3,904.3
14.841794967651367,-45.06,42.79,-142.94,-1186.52,-907.23,905.27
14.849766969680786,-31.87,12.46,-142.77999999999997,-187.99,-449.22,722.66
14.85779595375061,-12.77,3.15,-141.61,-59.57,-239.26,1055.66
14.88175892829895,-52.77,17.42,-135.61,-489.26,-1241.7,943.36
14.889780759811401,-28.09,63.48,-133.61,-1333.98,-313.48,587.4
14.897740840911865,-144.23,-36.41,-131.60000000000002,990.72,-785.16,-1089.84
14.921640872955322,1.3,10.06,-130.27999999999997,-316.41,40.53,1783.2
14.92963194847107,39.75,72.48,-132.27999999999997,-657.71,132.81,159.67
14.937760829925537,-16.82,-10.24,-134.27999999999997,187.5,-300.29,993.65
14.961757183074951,-48.68,15.7,-136.01,-92.29,-246.58,216.8
14.969757795333862,-21.87,4.11,-135.44,-98.14,-508.3,1266.11
15.001783847808838,-31.99,-14.69,-129.85000000000002,184.08,-372.07,595.7
15.009756088256836,-25.82,-10.54,-127.84000000000003,159.18,-372.56,770.02
15.017783880233765,-28.31,-1.56,-125.84000000000003,62.01,-1077.15,1999.94
15.03380298614502,-9.85,1.17,-124.29999999999995,-21.48,-180.18,1038.09
15.041760921478271,-27.0,-2.45,-125.09000000000003,34.67,-367.68,721.68
15.04976201057434,-29.11,-6.05,-126.57,117.19,-538.09,966.31
15.057753086090088,-4.09,-1.34,-126.43,24.9,-75.68,1058.59
15.081753015518188,-27.26,3.65,-126.73000000000002,-61.52,-442.38,858.4
15.089754104614258,-26.62,3.83,-126.75,-80.57,-538.57,1074.71
15.097748756408691,-26.11,3.44,-126.88999999999999,-65.92,-482.42,984.37
15.121750831604004,-26.9,0.14,-127.01999999999998,-2.44,-454.1,895.02
15.129735708236694,-27.46,0.27,-127.01999999999998,-4.88,-479.0,921.87
15.137804985046387,-27.27,0.22,-126.99000000000001,-3.91,-476.56,924.32
15.161749839782715,-27.73,0.32,-126.98000000000002,-5.86,-485.84,924.32
15.16976809501648,-25.68,-0.87,-126.98000000000002,16.11,-457.52,951.66
15.185796976089478,-26.95,0.56,-126.98000000000002,-10.25,-471.68,927.73
15.193747758865356,-27.13,-0.41,-127.0,7.32,-468.26,914.06
15.20174503326416,-27.83,-0.44,-127.03999999999996,7.81,-479.49,908.2
15.217752933502197,-27.03,0.49,-127.00999999999999,-8.79,-469.24,919.92
15.241776943206787,-27.68,0.54,-126.99000000000001,-9.77,-483.89,922.36
15.249768018722534,-26.81,-0.84,-127.00999999999999,15.14,-467.77,925.78
15.257778882980347,-26.79,0.41,-127.01999999999998,-7.32,-466.8,924.32
15.281750917434692,-27.16,-0.08,-127.02999999999997,1.46,-471.68,919.43
15.289776086807251,-27.58,-0.65,-127.04999999999995,11.72,-479.49,917.97
15.29776406288147,-27.27,-0.11,-127.03999999999996,1.95,-477.54,926.27
15.321775913238525,-27.93,-0.75,-127.09000000000003,13.67,-488.77,921.87
15.32974886894226,-27.56,0.32,-127.07999999999998,-5.86,-481.45,922.36
15.337760925292969,-27.62,-0.03,-127.09000000000003,0.49,-482.91,922.85
15.369771003723145,-27.62,0.46,-127.12,-8.3,-479.49,916.5
15.401735782623291,-27.4,-0.46,-127.09000000000003,8.3,-474.12,914.55
15.409767150878906,-27.59,0.51,-127.09000000000003,-9.28,-481.93,922.36
15.417779922485352,27.6,-0.4,-127.12,7.32,-481.45,920.9
15.43379282951355,-27.46,0.92,-127.12,-16.6,-479.0,921.87
15.44178295135498,-27.44,-0.03,-127.11000000000001,0.49,-479.49,923.34
15.449772834777832,-27.51,-0.27,-127.11000000000001,4.88,-481.93,925.29
15.45776891708374,-27.62,-0.4,-127.12,7.32,-482.91,922.85
15.481775045394897,-27.51,-0.4,-127.11000000000001,7.32,-483.4,928.22
15.489763975143433,-27.35,0.35,-127.12,-6.35,-477.05,922.36
15.497769832611084,-28.49,0.05,-127.10000000000002,-0.98,-496.58,915.04
15.513742923736572,-26.93,-0.24,-127.07999999999998,4.39,-469.73,924.8
15.521781921386719,-27.76,0.03,-127.07999999999998,-0.49,-481.45,914.55
15.529748916625977,-27.84,-0.05,-127.06,0.98,-482.42,913.57
15.537755966186523,27.91,-0.27,-127.06,4.88,-486.82,918.95
15.561743974685669,-28.49,0.33,-127.01999999999998,-5.86,-487.3,897.95
15.569751024246216,-28.04,0.46,-126.99000000000001,-8.3,-486.82,914.06
15.60175895690918,-26.97,-0.97,-126.97000000000003,17.58,-471.68,926.76
15.60977292060852,-27.2,0.27,-126.96000000000004,-4.88,-477.05,928.22
15.617751836776733,-28.33,-0.03,-126.96000000000004,0.49,-493.65,915.53
15.633778095245361,-28.05,-0.22,-126.94,3.91,-484.37,909.18
15.641758918762207,-28.61,-0.67,-126.93,12.21,-498.54,914.06
15.649779796600342,-27.98,-0.08,-126.90999999999997,1.46,-485.84,914.55
15.657789945602417,20.0,-0.38,-126.91999999999996,6.84,-491.7,916.99
15.681749820709229,-28.03,0.24,-126.90999999999997,-4.39,-491.21,922.85
15.689746856689453,-27.23,-0.03,-126.91999999999996,0.49,-473.63,920.41
15.697741985321045,27.82,0.05,-126.93,-0.98,-482.42,914.06
15.713756084442139,-27.56,-0.65,-126.91999999999996,11.72,-475.1,910.16
15.721749782562256,-27.82,-0.49,-126.91999999999996,8.79,-484.37,917.97
15.729739904403687,-27.6,-0.41,-126.93,7.32,-479.49,916.99
15.737749814987183,28.02,0.49,-126.94,-8.79,-485.35,912.11
15.761749982833862,-27.53,0.32,-126.96000000000004,-5.86,-480.47,921.87
15.769767045974731,-27.61,-0.11,-126.94999999999999,1.95,-477.05,912.11
15.801757097244263,-27.53,0.57,-126.94999999999999,-10.25,-479.98,920.9
15.809744119644165,-28.4,0.03,-126.94999999999999,-0.49,-495.61,916.5
15.817769765853882,27.21,-0.54,-126.94999999999999,9.77,-469.73,913.57
15.833738803863525,-28.11,-0.16,-126.97000000000003,2.93,-487.79,913.09
15.841750860214233,-28.14,0.11,-126.99000000000001,-1.95,-488.28,913.09
15.849731922149658,-28.3,-0.89,-126.96000000000004,16.11,-491.21,912.11
15.857777118682861,0.77,-0.27,-126.96000000000004,4.88,-479.49,910.64
15.873751878738403,-27.54,0.19,-126.97000000000003,-3.42,-477.05,915.04
15.88173794746399,-27.59,0.11,-126.96000000000004,-1.95,-481.45,921.39
15.88975977897644,-27.93,-0.62,-126.98000000000002,11.23,-486.82,918.46
15.897563934326172,80.0,0.0,-126.99000000000001,0.0,-484.86,919.43
15.921772956848145,-27.64,-0.3,-126.99000000000001,5.37,-479.49,915.53
15.929741859436035,-27.35,-0.38,-126.98000000000002,6.84,-477.05,922.36
15.937780857086182,27.58,-0.72,-126.98000000000002,13.18,-483.4,925.29
15.953548908233643,-27.77,0.0,-126.99000000000001,0.0,-484.37,919.92
15.961736917495728,-28.11,-0.32,-127.0,5.86,-492.19,921.39
15.96973204612732,-28.2,0.4,-127.0,-7.32,-491.21,916.02
16.00173592567444,-28.72,-0.08,-127.04999999999995,1.46,-502.93,917.97
16.009766101837158,-27.94,-0.54,-127.04999999999995,9.77,-483.4,911.62
16.017761945724487,0.43,-0.46,-127.06,8.3,-494.14,912.6
16.033763885498047,-27.95,-0.57,-127.04999999999995,10.25,-483.89,912.11
16.04177188873291,-28.02,0.08,-127.04999999999995,-1.46,-491.7,923.83
16.057755947113037,28.01,-0.35,-127.04999999999995,6.35,-485.35,912.6
16.073768138885498,-27.17,-0.6,-127.02999999999997,10.74,-472.17,919.92
16.081743955612183,-27.98,0.05,-127.01999999999998,-0.98,-484.86,912.6
16.089748859405518,-28.11,-0.71,-127.01999999999998,12.7,-485.84,909.67
16.097757816314697,0.46,-0.81,-127.03999999999996,14.65,-479.49,922.85
16.1217520236969,-27.67,-0.54,-127.03999999999996,9.77,-484.86,924.8
16.233787059783936,-27.57,-0.03,-127.0,0.49,-485.35,929.69
