AccX,AccY,AccZ,GyrX,GyrY,GyrZ,MagX,MagY,MagZ,Temp_C
63.96,69.82,1010.74,7.58,-3.31,4.48,-4.5,13.05,43.35,34.36
85.94,61.52,1015.62,5.35,-8.34,4.85,-3.75,11.85,41.55,34.5
118.16,56.64,1020.02,9.66,-10.06,7.13,-4.2,11.55,40.8,34.21
128.42,64.94,1039.55,8.18,-6.04,4.96,-4.65,11.4,42.75,34.5
128.91,49.8,1005.37,10.82,-6.2,8.61,-4.95,13.05,43.35,34.4
121.09,69.34,1007.32,8.72,-1.98,9.95,-6.3,12.6,40.5,34.31
140.14,72.27,1000.49,10.31,-4.19,10.03,-6.45,13.5,42.45,34.4
151.86,94.24,1007.32,10.82,-5.02,15.42,-7.95,14.25,41.7,34.64
142.09,137.7,1018.55,6.98,-7.06,10.53,-8.1,15.9,41.25,34.4
158.2,143.55,1017.58,11.73,-7.98,9.58,-8.1,12.6,42.3,34.64
144.53,172.85,1023.93,12.93,-5.03,8.3,-10.2,14.85,43.95,34.4
176.27,175.78,1012.21,13.92,-10.46,5.26,-10.5,13.05,41.85,34.4
159.18,181.64,1006.84,13.37,-5.92,4.11,-8.55,12.75,42.45,34.5
171.39,185.55,976.07,11.74,-7.18,3.61,-10.2,13.8,43.95,34.5
172.85,204.1,995.61,8.07,-8.83,3.21,-10.5,15.9,42.9,34.36
173.34,194.34,991.7,2.37,-10.28,0.98,-10.5,16.65,44.7,34.36
157.71,216.8,983.4,1.16,-7.03,3.95,-11.55,16.65,42.9,34.31
138.67,202.64,977.54,-0.24,-2.21,0.73,-11.85,15.3,43.5,34.64
137.21,210.94,998.05,-4.25,0.58,-0.68,-10.95,16.95,43.65,34.64
137.21,208.01,990.23,-12.27,-1.08,-4.78,-11.25,15.6,42.6,34.21
144.53,180.66,1012.7,-16.72,2.79,-1.86,-12.0,15.6,41.55,34.36
158.69,174.8,1002.93,-19.5,5.39,-4.68,-10.95,14.4,42.9,34.5
208.5,144.53,1015.14,-19.65,5.75,-3.63,-11.1,15.0,44.1,34.55
227.54,121.58,1007.81,-21.06,5.04,-2.31,-11.25,14.1,42.9,34.4
215.33,120.12,1032.23,-20.7,3.25,-9.47,-12.45,14.25,43.5,34.21
203.61,118.16,1004.88,-21.12,-0.53,-10.8,-11.1,13.2,44.55,34.21
186.04,128.91,1013.18,-20.95,2.17,-14.53,-10.65,12.75,45.15,34.36
180.66,80.57,991.21,-17.25,-3.18,-14.54,-10.5,13.35,43.95,34.5
186.52,51.27,1006.35,-20.76,-3.66,-12.78,-9.3,12.75,44.85,34.4
164.06,41.02,1016.6,-18.17,-0.21,-12.27,-10.2,11.55,43.95,34.21
139.16,24.41,1004.88,-14.44,-2.08,-7.33,-9.15,11.55,43.95,34.12
133.79,29.79,1012.7,-7.02,-0.73,-5.68,-7.65,11.85,45.75,34.64
131.84,7.32,1037.11,-8.79,3.01,-0.47,-9.0,11.7,45.9,34.69
148.44,19.04,1036.13,-4.61,0.26,-1.98,-10.05,11.7,45.6,34.5
156.74,32.23,1037.11,-4.27,0.96,-3.47,-9.45,11.25,45.75,34.64
131.35,-18.55,1026.86,-7.63,1.52,-2.04,-7.5,10.35,44.1,34.4
138.18,-5.37,1015.62,-8.72,1.76,-0.33,-8.55,10.35,45.9,34.5
131.84,0.98,1018.07,-8.97,0.87,-0.22,-7.2,9.9,44.55,34.16
123.54,15.14,993.16,-6.64,-1.03,1.22,-8.4,10.5,44.7,34.4
140.14,1.95,1019.04,-3.84,0.21,0.69,-6.15,10.95,44.55,34.4
122.07,8.79,1022.46,-2.63,0.05,-1.45,-7.05,9.3,44.4,34.4
142.58,-19.04,1037.11,-3.59,-2.73,0.68,-5.7,9.15,45.9,34.5
138.67,20.51,1036.62,1.7,-0.46,-0.71,-7.65,9.75,45.3,34.5
139.65,-18.07,1029.3,3.25,3.77,-2.61,-6.0,9.0,45.0,34.5
139.16,-17.58,1030.76,1.8,-0.48,-3.97,-7.5,10.65,43.8,34.16
146.97,-23.93,1031.25,-3.66,0.87,0.24,-7.5,9.9,44.1,34.4
137.21,-18.55,1024.41,1.85,0.66,-0.23,-5.55,10.05,44.4,34.36
142.09,-13.18,1012.7,0.34,-1.31,-0.33,-7.5,8.1,44.55,34.69
151.37,20.51,1013.18,0.09,-1.67,1.15,-6.9,9.15,44.55,34.31
131.84,11.72,1004.39,2.82,-1.17,1.21,-6.9,9.9,46.65,34.5
152.34,6.35,1014.65,2.04,-0.27,-3.88,-6.9,9.9,45.15,34.21
146.0,52.73,1027.83,-2.95,1.21,1.15,-7.05,10.8,45.0,34.4
118.65,29.79,1011.72,-3.92,-0.4,3.66,-7.2,10.35,47.55,34.4
132.81,8.79,1026.37,1.21,0.49,-2.17,-8.4,10.5,45.3,34.5
151.86,10.74,1017.58,-1.23,1.94,-3.35,-7.2,9.15,43.05,34.5
145.02,-8.3,1017.58,-5.7,-1.31,-6.16,-6.15,9.9,44.1,34.36
163.57,-28.81,1017.58,-3.21,-0.6,-4.38,-6.6,8.7,44.4,34.64
129.88,-34.18,978.03,-5.98,2.18,-5.98,-6.45,10.65,44.55,34.55
116.21,-42.48,1019.53,-4.57,-1.62,-4.68,-5.7,10.35,44.1,34.64
149.9,-51.76,1018.07,-5.5,-1.89,-2.94,-5.1,8.85,44.85,34.36
141.11,-43.46,1022.46,-2.02,-3.24,0.37,-5.7,8.1,44.55,34.4
158.69,-10.25,1026.37,2.18,-3.58,5.11,-5.1,9.15,45.15,34.4
142.58,-12.21,1026.86,1.83,0.53,4.15,-5.55,8.7,43.65,34.36
152.34,-14.65,1038.09,3.46,3.71,0.88,-5.1,8.85,44.55,34.21
149.9,-11.72,1025.88,2.73,0.78,3.41,-6.9,9.9,44.1,34.4
127.93,-13.67,1019.04,3.1,-0.63,1.92,-4.95,9.0,43.35,34.4
113.28,-17.58,1022.46,0.88,0.58,1.79,-4.65,9.6,44.1,34.21
126.46,-57.62,1008.79,0.31,5.42,2.94,-6.3,9.3,43.95,34.31
148.93,-27.83,1028.32,-1.83,-1.1,9.15,-7.35,9.0,43.95,34.4
63.96,13.67,1041.5,5.83,1.29,0.95,-7.35,9.0,42.9,34.5
134.77,-60.06,1065.43,11.62,-1.36,-6.27,-7.65,9.75,44.4,34.31
165.53,58.11,1089.84,25.59,-2.92,-19.15,-6.9,8.85,44.55,34.21
123.05,133.3,1026.86,20.14,-8.16,-27.4,-6.6,10.05,43.65,34.21
39.55,172.85,991.21,9.61,-12.74,-39.85,-7.35,11.85,44.7,34.36
151.86,93.75,1008.79,-7.99,-30.26,-33.19,-7.2,12.45,42.0,34.21
207.03,55.66,991.7,-7.37,-16.98,-29.61,-6.6,14.1,41.85,34.31
151.37,109.37,963.87,-10.7,-21.69,-30.55,-6.3,14.4,42.6,34.36
273.93,-29.3,1164.06,-36.5,1.38,-12.11,-6.3,11.55,40.8,34.4
190.43,-42.48,852.54,-18.36,10.27,-5.77,-4.65,12.75,41.1,34.64
327.15,-162.11,1055.18,-19.44,17.48,22.71,-4.5,11.85,40.2,34.64
306.64,-148.93,929.2,6.11,26.6,43.02,-4.05,10.95,41.7,34.64
299.32,-17.09,1012.21,6.82,35.02,52.27,-5.7,11.4,40.05,34.55
298.34,37.11,1031.25,-7.06,45.4,52.16,-4.05,10.95,41.7,34.4
95.21,46.39,1068.85,-18.62,42.27,50.15,-4.2,9.75,45.0,34.4
-6.35,-15.63,1121.58,-21.97,38.84,37.85,-4.5,8.25,43.35,34.5
146.48,-70.8,1079.1,-13.3,37.08,26.83,-2.1,6.15,45.75,34.4
70.31,-33.69,1028.32,1.63,34.42,30.8,-1.65,4.35,43.65,34.55
-109.86,-19.04,953.61,-3.92,31.24,27.67,-1.65,4.65,45.0,34.4
-6.35,-37.6,1002.44,-19.91,31.63,29.76,-1.65,3.9,44.7,34.4
-3.91,-69.34,1008.79,-16.85,35.15,25.53,-0.6,3.6,47.1,34.21
-122.56,-133.3,989.26,-1.48,33.63,21.99,0.15,3.0,46.95,34.4
-124.02,-131.35,990.23,10.22,36.34,21.98,2.25,1.5,46.65,34.4
-103.52,-2.93,1023.44,9.37,25.42,19.23,3.3,0.45,48.3,34.5
-158.69,21.97,1001.46,-2.54,15.73,13.97,3.15,1.35,46.8,34.69
-129.88,13.18,1038.57,-7.65,16.15,3.6,2.25,0.9,48.3,34.4
-171.87,-57.13,992.68,-7.13,16.63,0.73,3.15,0.6,48.45,34.4
-171.87,3.42,959.47,-2.35,13.08,-0.79,3.0,0.9,47.55,34.4
-165.53,19.53,1003.42,-14.39,8.56,-5.89,6.6,1.05,48.15,34.31
-179.2,-35.64,1010.25,-19.56,0.49,-16.47,6.9,-0.9,49.05,34.64
-162.6,-87.89,1045.9,-13.05,1.37,-17.15,6.45,0.15,49.05,34.55
-158.69,-140.62,1083.98,-6.01,1.58,-17.38,6.6,-1.8,47.85,34.5
-165.04,-148.44,1076.17,0.31,5.46,-15.08,8.25,-3.0,47.25,34.4
-195.8,-117.19,1058.11,3.15,8.08,-10.17,7.65,-2.1,47.4,34.4
-165.53,-115.72,1041.99,-2.66,14.12,-13.33,7.65,-2.4,47.1,34.69
-209.96,-154.3,979.98,2.14,10.76,-11.24,7.65,-2.4,47.4,34.5
-193.36,-142.58,984.37,1.82,12.31,-14.44,9.0,-3.45,48.3,34.36
-191.89,-165.04,939.45,-7.47,3.18,-10.68,9.6,-3.0,46.95,34.55
-194.34,-168.46,1021.97,-14.18,2.94,-8.03,8.25,-4.8,48.0,34.31
-220.7,-167.97,1135.25,-20.13,6.21,-3.5,10.5,-3.9,46.35,34.55
-128.91,-231.45,1347.66,-25.19,21.41,4.56,10.5,-6.15,48.15,34.4
-161.13,-279.79,1367.19,-24.3,53.2,17.62,10.05,-8.1,49.05,34.5
-184.57,-265.62,1237.79,-12.55,88.5,29.0,12.9,-8.1,49.05,34.55
-166.02,-248.54,1139.65,-9.21,112.09,41.6,13.8,-9.75,49.95,34.5
-274.41,-178.71,1033.2,-0.56,125.15,55.44,17.25,-8.25,49.5,34.21
-450.2,-166.5,890.62,11.45,136.01,50.79,19.95,-8.4,49.65,34.5
-541.5,-79.1,769.53,5.02,116.98,45.15,26.7,-7.8,49.35,34.4
-590.33,-78.12,711.43,27.41,122.79,54.24,25.95,-6.3,50.1,34.4
-731.45,-53.71,662.6,35.93,100.67,61.08,30.3,-7.2,46.05,34.64
-687.01,-42.97,708.01,39.5,66.99,61.94,32.85,-4.65,45.75,34.4
-658.2,-56.15,578.12,19.92,69.2,40.85,35.55,-4.8,42.45,34.5
-751.46,-66.89,662.11,16.7,73.64,17.96,37.8,-3.9,43.35,34.64
-793.95,-28.81,612.79,-5.49,62.36,9.98,39.6,-4.95,42.9,34.5
-804.69,22.46,483.89,-23.02,53.78,3.26,40.8,-3.75,40.65,34.55
-806.15,-37.6,535.16,-5.75,69.48,14.86,41.7,-4.65,39.75,34.69
-810.06,-44.43,482.42,-3.05,84.75,13.56,43.5,-5.7,37.05,34.5
-774.41,58.59,504.39,33.02,35.37,4.88,44.1,-3.15,37.05,34.5
-828.61,100.59,502.93,32.09,49.01,6.13,44.85,-4.65,35.25,34.4
-890.14,0.49,354.49,-33.11,31.7,0.82,46.95,-3.6,34.95,34.5
-872.07,-18.07,332.03,0.8,20.37,6.98,46.8,-3.75,34.05,34.5
-906.74,-56.64,484.37,6.76,41.93,6.44,46.5,-5.85,32.7,34.64
-965.33,124.51,319.82,1.95,11.59,-0.67,49.35,-3.0,31.95,34.5
-968.75,72.27,417.48,-1.22,19.79,-2.2,47.85,-3.45,31.95,34.5
-913.57,-43.95,338.38,-10.65,16.36,-3.73,48.6,-4.05,31.35,34.4
-880.86,-44.43,262.21,2.92,28.44,-6.44,49.05,-4.65,30.75,34.5
-890.62,7.81,361.82,6.71,28.02,-3.95,50.25,-4.35,29.7,34.64
-899.41,40.04,177.25,9.07,11.72,-7.23,51.75,-3.45,28.5,34.4
-880.86,-13.18,316.89,12.97,8.64,-5.03,50.7,-5.55,29.55,34.5
-1015.14,-32.23,231.45,-1.64,9.66,-3.87,50.25,-5.4,28.05,34.31
-1010.74,-47.85,364.75,-16.18,15.52,-6.47,50.55,-3.6,27.3,34.4
-1019.04,-106.93,313.48,3.47,10.98,-7.85,51.0,-3.45,28.2,34.31
-962.4,-48.34,312.5,-2.92,6.0,-8.8,51.9,-4.95,27.3,34.21
-943.85,-9.28,292.97,4.84,-0.23,-3.16,51.75,-5.85,27.9,34.64
-897.46,-92.29,263.18,3.13,3.35,-5.11,52.95,-7.2,28.35,34.83
-959.96,-78.61,226.56,-0.4,-1.59,-8.79,51.0,-6.6,28.2,34.31
-1065.92,31.25,279.79,-4.18,-8.08,-0.48,52.8,-5.55,27.45,34.31
-967.77,-98.14,307.62,-15.75,-7.89,-2.62,49.65,-7.35,27.45,34.5
-957.03,-47.36,374.51,-5.11,-11.86,-3.5,51.6,-5.7,27.75,34.64
-960.45,-88.38,325.68,3.41,-0.67,2.47,50.85,-9.0,27.75,34.64
-933.11,-91.8,309.57,4.05,-1.46,-2.71,49.95,-7.35,26.85,34.4
-986.33,-72.75,299.32,1.54,-4.11,0.9,52.8,-5.25,26.85,34.69
-943.85,-79.1,342.29,3.1,-0.56,0.27,51.45,-7.35,28.95,34.64
-944.34,-81.54,314.94,-9.51,-4.79,4.85,53.55,-6.3,29.25,34.5
-983.89,-145.02,315.43,-3.26,8.02,6.7,50.7,-7.05,28.5,34.31
-985.84,-86.43,277.34,2.15,3.56,4.99,50.55,-6.45,29.1,34.36
-994.14,-73.24,289.06,0.13,7.37,6.63,49.8,-5.7,28.35,34.5
-1005.37,-29.3,308.59,-9.71,-2.69,9.99,51.75,-7.35,28.2,34.4
-962.4,-55.66,328.12,-9.21,-2.07,7.31,52.35,-4.65,27.0,34.64
-938.48,-83.98,260.25,-4.21,-1.1,3.05,51.6,-6.15,27.75,34.64
-962.4,-35.64,317.38,0.76,-2.37,6.98,52.2,-6.6,28.95,34.55
-979.49,-36.62,396.97,-2.73,-4.44,6.48,52.8,-6.3,27.45,34.64
-960.94,-24.41,349.12,-12.65,-7.37,5.66,51.3,-5.7,28.35,34.5
-946.78,-65.43,307.62,-0.97,4.54,1.94,49.35,-5.25,28.95,34.69
-956.05,-24.9,281.74,7.51,2.5,0.5,50.85,-6.45,28.05,34.55
-989.75,18.55,295.41,-0.59,1.47,1.28,50.7,-5.55,27.45,34.64
-938.48,-32.71,289.06,-7.37,0.64,1.63,50.4,-5.55,28.2,34.64
-935.55,-45.9,286.13,-9.44,-1.93,3.15,52.5,-5.85,27.9,34.31
-1011.23,-9.28,301.76,-7.44,0.69,-2.3,51.9,-5.4,27.75,34.4
-1028.32,-18.55,250.98,-11.93,-1.39,-3.99,51.45,-7.35,27.15,34.4
-954.59,-153.81,361.33,21.69,-12.21,0.43,52.65,-5.4,28.65,34.5
-957.03,-107.91,344.24,-3.8,-3.9,-1.44,51.45,-6.3,30.0,34.64
-973.14,30.27,346.19,-6.69,-5.18,0.04,52.2,-4.8,29.55,34.4
-945.31,-66.89,284.67,-16.71,-6.87,0.53,49.65,-7.05,28.2,34.4
-985.84,-93.75,279.79,-18.11,-4.51,5.88,50.7,-7.05,28.2,34.5
-968.75,-94.24,339.36,14.61,-4.98,2.69,50.4,-8.85,28.95,34.64
-969.24,-38.57,406.74,8.89,-4.95,0.13,51.9,-7.2,30.45,34.21
-926.76,-31.74,390.62,9.86,4.02,-0.37,50.55,-6.45,29.4,34.4
-970.21,-47.85,404.3,-10.6,5.08,3.44,50.4,-5.55,28.5,34.55
-933.59,-106.45,335.94,-6.89,2.18,-0.84,52.2,-6.3,28.5,34.36
-935.06,-41.5,294.92,1.86,-1.58,5.67,51.45,-7.05,28.5,34.74
-992.19,-11.23,342.77,-10.51,5.98,1.13,53.25,-6.3,29.25,34.5
-958.98,-95.21,349.61,1.44,0.64,8.0,50.55,-6.15,27.75,34.55
-945.31,-98.63,249.02,-3.53,7.35,3.34,50.4,-6.6,27.45,34.5
-958.5,21.97,324.71,11.47,7.68,5.4,51.3,-8.25,28.35,34.5
-990.72,-18.55,294.43,-4.66,8.31,3.03,51.3,-5.7,28.65,34.55
-969.24,-14.65,253.42,-6.24,-0.44,2.18,49.8,-5.4,29.4,34.5
-964.84,-61.04,307.62,2.31,3.53,1.4,50.4,-6.3,28.5,34.83
-1020.02,-14.65,342.77,-5.14,0.6,1.89,50.7,-7.8,27.9,34.5
-989.75,2.93,279.79,-6.39,-1.86,2.48,49.8,-4.95,28.35,34.4
-994.14,-65.43,368.16,2.33,2.38,2.5,50.55,-7.2,27.0,34.64
-979.98,-16.6,255.86,5.24,-2.89,2.05,51.3,-7.5,29.1,34.55
-957.52,-40.53,296.87,8.53,-9.27,1.04,51.3,-5.7,27.75,34.4
-947.27,-34.18,232.42,5.19,-9.47,1.92,51.45,-7.05,28.2,34.5
-960.45,-17.58,289.06,6.36,-7.72,6.34,50.55,-6.15,28.05,34.69
-959.47,-16.11,279.79,-0.34,-17.63,2.23,51.6,-6.15,29.4,34.64
-971.68,49.8,176.27,-5.63,-26.11,-4.27,51.0,-5.85,28.5,34.5
-918.46,50.78,244.63,-17.73,-34.15,-0.18,50.25,-6.15,28.65,34.64
-981.45,-3.91,222.17,-14.57,-42.11,-0.26,49.05,-6.15,31.5,34.69
-911.13,-9.28,312.01,-0.83,-52.44,1.21,48.45,-5.7,31.5,34.55
-963.38,-2.44,375.98,9.05,-65.25,3.08,47.85,-6.3,32.7,34.64
-878.91,-10.25,368.16,4.63,-72.44,1.89,46.8,-5.55,35.55,34.69
-788.09,-54.69,516.11,15.39,-60.76,-8.85,44.7,-5.85,36.9,34.55
-782.23,-59.08,561.04,15.17,-66.34,3.95,42.9,-5.85,39.6,34.64
-852.05,25.88,655.76,22.8,-55.71,-7.58,42.6,-4.8,40.35,34.64
-873.05,29.79,537.11,-4.66,-61.37,-11.85,40.05,-5.85,41.7,34.31
-694.34,-27.83,722.17,-8.76,-74.72,-19.43,37.95,-5.25,42.0,34.64
-755.86,-69.82,614.26,-13.85,-57.12,-20.8,36.6,-4.8,42.0,34.5
-704.1,-94.73,601.07,4.27,-75.89,-19.76,34.5,-6.3,44.1,34.4
-528.32,-75.2,796.87,15.0,-72.67,-14.71,32.85,-5.7,45.0,34.64
-713.87,-107.91,848.63,4.42,-67.22,-8.33,30.75,-6.45,47.4,34.64
-634.28,-54.69,793.95,0.87,-77.33,-12.39,30.0,-6.15,48.15,34.69
-567.38,-43.95,905.76,-10.8,-76.11,-13.03,27.0,-5.25,47.55,34.55
-506.35,-104.98,909.18,-13.76,-63.06,-20.36,25.35,-6.9,49.2,34.55
-573.24,-90.33,876.95,-12.85,-64.79,-9.02,24.15,-7.8,50.7,34.74
-489.26,-83.01,919.43,-12.79,-64.31,-24.78,22.65,-8.7,49.95,34.4
-433.11,-125.98,978.52,0.44,-68.16,-24.67,19.35,-8.7,49.95,34.69
-330.08,-124.02,1001.95,15.39,-64.14,-11.91,17.55,-6.45,50.55,34.74
-402.34,-51.76,941.89,13.09,-49.17,-10.34,14.85,-7.95,52.65,34.5
-421.87,-17.58,992.19,5.61,-61.57,-15.86,14.55,-5.25,50.1,34.55
-299.32,-83.5,1019.53,-0.25,-62.47,-25.33,13.5,-5.85,50.4,34.64
-244.63,-157.71,1002.44,0.4,-60.1,-22.37,11.55,-6.9,50.25,34.31
-174.32,-176.27,1018.55,0.31,-49.53,-12.5,10.35,-5.85,49.05,34.55
-210.94,-119.63,1060.55,-5.15,-33.8,-7.16,8.1,-7.5,48.9,34.64
-208.5,-63.48,1046.88,-8.39,-28.65,-12.86,8.1,-5.4,48.9,34.69
-157.71,-113.77,1019.53,-11.89,-39.78,-18.64,8.7,-7.95,49.2,34.4
-175.78,-127.44,1025.88,4.5,-34.15,-25.82,7.5,-7.35,48.0,34.69
-89.36,-142.58,1032.71,16.11,-33.14,-22.45,7.95,-6.3,47.55,34.31
-74.71,-190.43,1070.8,13.17,-26.23,-11.12,6.6,-7.95,47.4,34.31
-120.61,-148.93,989.26,9.84,-22.85,-11.84,5.55,-5.4,45.3,34.31
-55.66,-145.51,1024.9,5.92,-28.36,-10.21,4.05,-6.3,46.2,34.4
-59.08,-227.05,1039.06,3.24,-23.77,0.69,6.45,-4.8,45.9,34.4
-75.2,-159.18,1058.11,14.79,-19.04,1.4,5.1,-5.85,47.25,34.21
-4.88,-77.15,1147.95,21.0,-15.89,3.11,3.75,-5.4,45.75,34.31
-48.34,-81.54,1099.61,12.66,-5.16,4.63,4.95,-2.4,46.05,34.69
-30.27,-6.84,1037.6,5.53,-5.34,2.56,3.0,-4.5,45.15,34.64
-22.46,-40.53,1003.91,-1.2,-0.56,1.91,3.15,-2.85,44.4,34.5
-21.0,-49.8,994.14,4.05,-2.46,-0.66,4.05,-2.7,44.1,34.64
-26.86,4.88,1016.6,2.63,1.11,-2.84,4.35,-4.05,44.1,34.5
-35.16,-3.42,1038.09,-11.42,2.96,-10.27,5.25,-3.6,44.7,34.4
-19.53,-78.61,1045.9,-17.92,1.83,-10.85,4.05,-4.8,44.1,34.5
-52.25,-131.84,1049.32,-16.7,-4.13,-12.77,5.4,-3.0,45.15,34.4
-18.07,-195.8,1134.77,-8.48,-6.25,-8.41,5.4,-4.5,44.1,34.5
12.7,-248.54,1258.79,5.11,1.16,5.3,4.35,-4.5,44.85,34.5
-37.6,-139.65,1259.77,1.0,16.45,26.08,3.3,-6.6,45.15,34.64
-21.97,-152.34,1239.26,-18.05,56.52,34.31,2.4,-5.7,45.3,34.69
-47.85,-108.4,1134.28,-19.87,70.87,36.09,4.95,-4.95,46.35,34.4
-60.06,-114.26,1092.29,-27.44,83.18,34.33,6.45,-5.25,48.0,34.64
-162.11,-148.44,1049.32,-21.69,94.47,39.31,6.45,-6.3,49.35,34.55
-138.67,-131.35,1017.58,-3.36,97.61,33.84,10.65,-7.8,50.1,34.74
-203.61,-172.85,1034.67,13.63,102.8,45.86,10.5,-6.15,49.95,34.64
-322.75,-93.26,897.95,21.54,97.11,41.84,16.05,-8.85,52.2,34.74
-400.88,-48.34,870.61,5.47,101.19,34.22,16.5,-6.9,50.55,34.4
-441.89,-75.2,867.19,0.69,94.13,29.53,21.15,-5.4,50.25,34.69
-491.7,-111.82,832.03,5.72,94.64,33.15,22.35,-5.85,50.4,34.4
-541.99,-20.51,780.76,13.21,87.76,28.51,25.65,-5.55,48.3,34.64
-643.07,-29.3,765.62,7.44,92.52,29.98,27.0,-6.3,47.55,34.64
-714.36,-7.32,729.98,13.73,86.06,19.36,31.05,-4.35,46.05,34.4
-705.08,12.7,662.11,20.42,79.73,19.05,31.8,-3.6,45.3,34.4
-710.45,9.77,702.15,-0.79,65.82,9.6,34.8,-3.75,43.5,34.5
-743.65,1.95,514.16,10.67,69.53,10.7,36.45,-4.65,41.55,34.5
-778.32,56.64,602.54,-0.44,62.81,8.39,37.95,-4.8,41.4,34.64
-787.11,19.04,543.46,7.56,57.82,4.42,40.8,-3.0,40.35,34.64
-878.42,106.45,487.79,-9.13,52.24,5.88,41.1,-2.25,39.6,34.55
-835.94,30.76,520.02,3.0,56.81,-2.62,43.05,-3.6,38.85,34.64
-854.0,-10.25,471.19,-2.64,38.62,5.66,43.05,-2.85,37.05,34.64
-893.55,4.88,431.64,-2.81,40.26,10.09,45.45,-3.0,36.15,34.5
-931.64,72.75,371.09,-6.22,41.73,8.27,45.0,-3.45,36.15,34.74
-884.28,27.34,443.36,4.15,30.57,10.18,47.4,-2.85,34.65,34.5
-955.08,-38.09,403.81,-8.63,38.6,11.94,47.1,-3.75,33.0,34.64
-968.26,45.41,229.49,3.89,17.63,9.32,47.7,-1.05,32.55,34.64
-929.69,123.05,378.42,-4.49,22.65,9.83,48.45,-2.85,31.2,34.64
-916.5,86.91,229.49,-14.46,14.7,8.93,49.05,-1.05,32.55,34.69
-891.6,62.99,232.91,0.7,4.11,5.56,48.9,-0.9,31.95,34.5
-907.23,201.17,230.47,-6.19,-9.58,5.78,49.35,-2.25,31.35,34.55
-910.16,94.24,372.07,-8.34,-8.97,0.83,48.0,-1.05,32.85,34.74
-937.99,58.59,294.43,5.31,-18.28,0.18,47.4,-2.4,31.2,34.64
-844.73,44.92,438.96,22.41,-18.61,-5.03,46.65,-1.35,31.2,34.5
-989.26,159.67,312.01,10.56,-20.02,1.27,48.45,-1.05,31.5,34.55
-850.1,94.73,375.49,15.97,-35.94,-5.72,46.35,-2.4,32.25,34.4
-931.64,106.45,346.19,-4.53,-35.1,2.21,45.45,-0.9,33.0,34.5
-898.44,59.08,366.21,-8.21,-48.24,-6.92,44.1,-0.6,34.95,34.4
-879.88,76.17,450.2,29.66,-35.29,-6.4,44.1,-2.85,36.75,34.31
-850.59,73.24,514.65,12.11,-61.79,-3.01,43.05,-1.05,36.75,34.4
-838.87,61.52,515.62,-3.77,-46.68,-12.4,42.15,-0.9,37.95,34.64
-822.75,138.18,578.61,5.69,-54.75,-13.61,40.5,-0.45,40.35,34.36
-828.61,21.97,641.6,-6.99,-47.85,-18.06,40.2,-1.05,39.75,34.4
-812.99,33.69,704.1,8.23,-49.52,-18.85,39.0,-2.25,42.75,34.69
-756.35,41.99,621.09,-5.95,-51.05,-22.18,37.05,-0.6,41.55,34.5
-743.16,20.02,642.09,-5.6,-51.65,-28.21,36.15,-1.5,43.5,34.83
-677.73,0.49,777.34,9.32,-56.05,-23.97,35.25,-3.15,43.65,34.64
-732.91,-25.88,689.45,-0.06,-50.21,-22.05,33.0,-3.0,45.6,34.4
-645.02,-41.5,676.76,3.83,-68.47,-18.8,32.85,-3.6,47.1,34.74
-609.86,-31.74,775.88,0.6,-56.95,-19.15,30.0,-3.15,46.8,34.55
-659.67,6.35,712.89,-4.91,-41.44,-22.98,28.65,-2.4,46.35,34.4
-663.09,-63.48,713.38,-0.57,-65.88,-37.61,29.1,-5.85,48.0,34.5
-580.57,-85.94,827.64,-12.73,-94.69,-9.42,26.4,-4.35,48.9,34.64
-449.22,-113.77,951.66,-26.98,-82.42,-21.21,23.4,-4.5,49.05,34.69
-456.05,-97.17,910.64,6.78,-74.36,-16.55,22.2,-5.4,50.55,34.64
-410.16,-22.46,961.91,3.76,-87.6,-14.87,19.05,-4.65,49.95,34.83
-299.32,-60.55,1014.16,-2.05,-68.87,-23.55,18.15,-5.55,51.15,34.64
-348.14,-63.48,999.51,-8.5,-71.16,-21.34,15.15,-5.7,50.85,34.93
-263.18,-104.49,1030.76,-6.08,-61.6,-27.08,12.3,-4.95,49.2,34.64
-250.49,-106.45,1049.8,3.4,-54.4,-25.85,12.15,-6.3,48.6,34.5
-234.86,-136.23,1058.11,8.33,-63.54,-20.95,10.65,-5.55,48.3,34.55
-176.76,-117.68,1068.85,9.72,-42.6,-18.83,9.3,-6.3,47.25,34.4
-121.58,-115.72,1125.0,5.89,-45.37,-14.5,8.7,-6.15,45.3,34.64
-174.8,-105.47,1072.27,-4.68,-20.48,-20.76,8.55,-4.8,46.65,34.64
-190.43,-83.5,1031.25,-10.32,-20.69,-23.68,9.15,-5.4,45.75,34.5
-128.42,-121.58,1025.88,-15.94,-28.77,-25.92,9.3,-6.3,44.85,34.4
-64.45,-135.74,1093.26,-18.89,-15.48,-21.8,8.55,-6.3,45.9,34.5
-124.51,-149.41,981.45,-4.87,-16.68,-23.63,7.95,-7.35,44.1,34.55
-69.82,-93.26,962.89,-8.71,-16.99,-30.14,7.95,-8.85,44.1,34.55
-30.27,-140.14,994.14,-9.46,-25.81,-26.87,8.1,-9.0,43.35,34.5
-12.21,-302.25,1156.74,-8.9,-18.76,-14.5,7.5,-9.6,42.75,34.64
-35.16,-322.75,1289.55,-3.17,-7.95,-0.52,7.95,-9.9,43.8,34.64
-18.55,-292.97,1258.79,0.37,9.69,12.37,7.05,-11.25,45.0,34.69
-35.64,-326.66,1252.93,20.16,9.34,25.49,5.4,-9.6,45.15,34.64
27.83,-185.06,1205.57,12.85,45.27,37.24,5.7,-9.9,44.85,34.69
-62.5,-182.13,1160.16,-3.88,87.75,50.68,6.6,-7.2,46.05,34.74
-48.34,-163.57,1093.75,-7.32,92.31,46.34,8.1,-7.95,47.85,34.36
-141.11,-166.5,1009.28,-22.11,100.58,53.17,10.35,-8.1,47.25,34.64
-206.54,-142.58,991.7,-16.21,118.23,58.73,12.15,-6.3,49.65,34.64
-360.84,-133.3,891.11,-4.44,114.1,62.84,14.4,-7.95,49.5,34.74
-396.0,-62.99,911.62,13.97,100.13,55.47,18.9,-8.4,51.15,34.55
-431.64,-52.25,905.27,16.8,105.82,52.55,20.7,-7.35,49.65,34.5
-553.71,-15.14,848.63,15.08,101.05,48.17,24.15,-5.85,50.1,34.64
-517.58,-47.36,839.84,6.69,100.33,40.96,25.2,-7.05,47.55,34.64
-602.05,-20.02,765.62,8.68,89.83,30.82,28.35,-5.85,48.6,34.36
-577.15,-51.76,755.37,17.63,91.08,28.72,31.8,-4.95,46.8,34.69
-660.16,43.46,612.79,4.79,93.18,27.04,32.25,-4.8,47.25,34.83
-755.86,40.53,570.31,-0.18,88.11,21.77,36.9,-1.5,43.05,34.55
-770.02,62.01,596.68,-7.37,72.42,14.18,38.85,-3.6,42.9,34.74
-824.22,-33.2,588.87,-5.06,73.52,10.6,39.45,-1.5,39.3,34.5
-803.22,11.72,495.61,-21.28,67.95,4.66,43.35,-3.45,39.6,34.55
-936.04,-34.67,540.04,-1.11,72.09,3.17,42.6,-2.25,37.5,34.36
-904.3,91.8,329.1,-5.97,53.34,2.0,43.5,-4.35,38.85,34.31
-847.17,121.09,402.34,-7.89,54.22,2.53,46.5,-4.05,35.55,34.64
-867.68,43.46,293.95,-21.46,41.7,7.73,46.95,-4.35,35.7,34.64
-868.65,3.91,286.62,16.21,34.12,6.47,46.8,-4.8,30.9,34.74
-928.22,72.27,286.13,8.99,22.63,4.57,47.7,-3.9,31.8,34.64
-901.37,78.12,229.0,5.02,15.5,6.17,49.35,-3.75,30.9,34.69
-878.91,51.27,152.83,7.38,-9.5,2.18,47.7,-2.1,30.3,34.5
-964.36,148.93,71.78,-8.98,-24.65,2.12,47.85,-3.75,32.7,34.5
-966.31,62.99,233.89,-1.88,-35.79,-2.49,48.0,-3.15,33.3,34.4
-996.09,-0.49,262.21,25.58,-38.15,-2.8,48.45,-3.9,32.55,34.5
-874.02,97.66,424.8,13.36,-57.39,-4.49,46.65,-3.6,35.7,34.55
-865.23,56.15,513.67,-2.98,-41.31,-8.33,45.75,-1.95,36.9,34.5
-847.17,154.3,392.58,-15.18,-69.24,-6.73,45.9,-2.1,36.0,34.16
-773.93,42.97,482.91,-12.26,-73.0,-11.09,42.6,-3.75,38.25,34.4
-832.03,-30.27,501.95,-1.75,-60.38,-1.82,41.1,-3.45,43.05,34.55
-814.45,21.0,611.82,18.57,-72.64,-4.85,39.0,-4.5,40.65,34.5
-764.16,76.17,575.68,14.18,-63.03,-18.98,36.9,-4.8,42.0,34.4
-640.14,86.91,731.45,5.76,-75.05,-19.69,35.25,-2.4,44.4,34.64
-690.43,-22.46,810.06,4.63,-55.62,-23.43,33.75,-4.05,46.2,34.36
-684.08,-18.55,804.69,0.25,-69.8,-23.58,29.25,-3.15,46.35,34.55
-729.98,-2.93,755.37,-7.27,-61.27,-26.12,29.1,-4.5,48.3,34.4
-595.21,-34.67,864.26,-8.76,-78.4,-28.15,28.05,-5.25,47.55,34.64
-576.17,-47.36,822.75,-3.76,-66.08,-31.03,26.85,-5.4,48.45,34.74
-525.88,-59.08,734.37,8.23,-86.56,-27.1,25.2,-5.85,49.05,34.64
-493.16,-80.57,854.49,-4.91,-80.35,-26.26,22.35,-6.3,51.15,34.4
-434.08,-107.91,886.72,1.18,-89.21,-24.77,20.25,-7.05,51.15,34.64
-379.39,-73.73,943.85,5.09,-86.74,-24.52,15.9,-4.95,52.95,34.64
-337.4,-84.47,960.94,-6.73,-85.85,-20.64,14.4,-6.9,52.95,34.5
-273.93,-111.82,1050.78,-5.93,-77.19,-15.47,11.4,-5.55,53.85,34.64
-286.13,-94.24,1043.95,-4.55,-71.29,-24.62,9.3,-6.3,53.1,34.83
-242.19,-57.62,1105.96,-11.94,-68.27,-17.74,7.5,-7.35,54.6,34.64
-164.06,-107.91,1087.4,-11.94,-61.68,-25.4,5.4,-7.8,53.55,34.36
-162.11,-89.84,1068.85,2.17,-51.47,-22.04,3.75,-7.2,54.45,34.55
-42.97,-91.31,1087.4,0.92,-36.92,-23.21,1.35,-6.15,53.4,34.64
-74.71,-141.6,1019.53,14.69,-42.6,-15.94,1.5,-7.35,53.55,34.64
-57.13,-141.11,1000.0,6.89,-37.73,-20.51,-0.3,-7.2,54.0,34.4
-28.32,-118.65,972.66,-0.69,-48.52,-13.95,-1.2,-5.55,54.15,34.64
0.98,-152.83,1009.77,-6.82,-51.18,-10.23,-4.2,-6.45,54.0,34.69
-5.37,-100.59,1053.71,-2.4,-36.83,-12.76,-5.25,-7.2,52.35,34.64
45.9,-94.24,1118.16,-7.28,-37.11,-11.68,-5.7,-6.6,53.85,34.55
18.55,-111.33,1151.86,-14.38,-33.06,-8.92,-7.35,-6.45,53.4,34.64
33.69,-135.74,1269.53,-16.35,-12.38,-7.93,-7.95,-7.8,51.75,34.74
104.0,-196.29,1350.1,-15.49,11.4,-1.34,-6.9,-8.4,52.5,34.64
123.54,-243.65,1396.97,-19.23,13.66,2.96,-7.95,-7.35,53.1,34.5
108.89,-335.45,1330.57,-13.31,54.56,24.11,-6.45,-7.8,54.9,34.69
127.44,-285.16,1231.45,-0.24,90.84,37.68,-6.0,-9.3,52.95,34.64
95.21,-247.07,1119.14,2.63,112.51,61.53,-3.45,-9.3,54.45,34.64
-32.71,-170.9,1005.86,2.79,133.89,64.08,1.65,-9.75,52.35,34.64
-119.63,-107.42,937.01,2.91,140.73,60.6,5.55,-8.25,55.05,34.69
-254.88,-54.69,908.2,0.07,131.07,60.01,10.5,-9.0,56.1,34.5
-328.12,-72.75,935.06,1.63,121.11,56.11,13.5,-10.35,53.55,34.64
-381.84,-72.27,843.26,6.15,122.98,51.26,18.3,-8.7,52.35,34.36
-467.77,-26.86,854.0,19.63,123.08,47.51,21.0,-7.8,52.8,34.69
-522.95,-36.13,817.38,25.11,120.54,40.67,24.45,-6.3,51.75,34.74
-579.1,-18.55,745.61,24.77,97.57,31.55,27.15,-7.2,49.5,34.64
-648.44,-6.35,643.55,22.01,99.01,26.33,30.6,-4.5,48.0,34.4
-734.37,-7.81,649.41,8.66,85.74,15.27,35.25,-5.4,45.75,34.4
-716.8,29.3,525.39,4.07,69.31,10.84,35.25,-3.9,44.7,34.83
-766.11,43.46,608.4,9.02,66.55,17.18,37.8,-1.05,43.35,34.64
-788.57,-37.11,576.17,-2.89,93.58,11.83,39.75,-3.75,40.05,34.5
-841.31,80.57,451.66,7.37,59.13,6.27,41.4,-1.05,39.45,34.64
-819.34,42.97,436.52,1.46,74.82,2.0,41.55,-2.7,37.95,34.64
-896.48,61.52,467.77,3.76,60.76,1.09,45.3,-1.35,34.95,34.69
-899.41,97.66,224.12,-5.51,37.71,7.98,45.75,-3.45,34.05,34.21
-911.13,83.98,293.95,16.02,45.66,7.98,47.7,-1.05,32.55,34.64
-921.87,92.29,297.85,-2.73,27.15,2.76,47.55,-0.9,31.95,34.55
-942.87,48.34,187.99,2.98,18.27,1.21,48.6,-2.25,30.6,34.5
-918.46,99.12,199.22,13.68,0.31,3.95,49.35,-1.5,29.55,34.93
-906.25,162.11,175.29,-9.56,-4.68,6.76,47.7,-2.1,31.2,34.69
-947.75,112.79,201.66,-9.38,-16.34,0.31,48.9,-1.2,30.9,34.36
-971.68,103.52,184.57,-3.44,-27.28,-0.56,48.6,0.45,31.35,34.36
-913.09,27.83,345.7,8.01,-28.51,-9.56,46.8,-1.5,32.7,34.55
-906.74,123.54,279.3,27.57,-35.89,-8.08,46.8,-1.2,32.4,34.5
-831.05,164.55,291.02,8.93,-58.44,-3.77,46.35,-0.6,33.6,34.55
-917.97,76.66,443.36,-6.74,-44.08,-7.71,45.9,-1.8,35.25,34.64
-752.93,84.47,323.24,-4.22,-80.73,-7.84,43.35,-0.9,36.9,34.64
-843.75,63.96,341.8,-11.64,-77.05,11.44,41.55,-1.2,38.55,34.74
-895.51,42.97,521.0,-4.47,-84.2,-7.97,40.65,-2.4,39.45,34.55
-768.07,72.27,537.11,15.86,-88.59,-25.25,38.25,-1.5,42.75,34.74
-686.52,88.38,710.94,33.25,-97.09,-31.98,36.6,-2.7,44.1,34.4
-666.02,-13.67,906.74,19.03,-97.15,-27.59,32.7,-1.2,46.95,34.64
-633.3,-32.71,816.41,4.12,-90.6,-19.91,32.55,-1.8,47.1,34.64
-636.23,13.18,763.18,-19.08,-93.82,-16.92,28.95,-2.1,47.4,34.64
-559.08,-39.06,885.25,-30.08,-93.68,-19.83,26.4,-3.15,49.5,34.5
-442.38,-37.6,963.87,-16.98,-86.34,-19.28,23.1,-5.55,49.35,34.5
-427.25,-106.45,935.06,-12.27,-84.03,-22.18,18.9,-3.0,50.4,34.4
-344.73,-44.43,946.29,-0.66,-88.16,-16.37,18.15,-6.6,52.8,34.83
-376.95,-49.8,1011.72,-11.67,-66.6,-14.31,14.4,-6.15,52.65,34.64
-426.76,0.0,963.38,0.38,-67.03,-23.6,15.15,-5.4,53.4,34.4
-260.25,-0.98,953.61,-0.83,-81.22,-34.67,12.0,-6.15,53.7,34.64
-249.02,-90.33,1001.95,-7.67,-78.31,-23.85,10.05,-5.85,53.85,34.64
-190.43,-123.54,1030.76,3.65,-83.28,-25.23,6.45,-7.8,52.8,34.64
-137.21,-94.73,1050.78,-2.61,-55.4,-16.19,4.65,-5.25,54.6,34.64
-187.01,-51.27,1039.06,-4.31,-59.27,-18.0,2.25,-5.85,53.55,34.69
-94.24,-86.43,1098.63,-9.68,-60.63,-16.68,1.5,-6.3,53.1,34.64
42.97,-111.33,1091.31,-5.95,-58.87,-19.38,-1.5,-5.85,56.7,34.36
-4.39,-167.97,1096.19,-7.26,-50.82,-12.87,-1.5,-5.55,52.8,34.5
-93.26,-179.2,958.5,3.32,-44.39,-10.35,-4.35,-6.6,52.8,34.55
14.65,-110.84,983.4,9.75,-53.0,-14.31,-5.55,-6.15,52.65,34.64
85.45,-113.77,1061.04,9.02,-44.89,-7.95,-7.65,-6.45,51.9,34.36
116.21,-97.17,1191.89,4.83,-37.67,-1.31,-8.7,-6.15,51.9,34.31
73.24,-97.66,1339.84,-3.15,-17.61,-0.5,-10.05,-5.25,52.5,34.4
116.21,-76.66,1351.56,-13.95,5.71,4.03,-10.35,-5.85,52.5,34.83
154.3,-174.8,1368.16,-22.59,24.73,8.53,-10.35,-7.05,51.45,34.5
145.02,-193.36,1276.86,-21.92,63.52,15.85,-9.6,-5.85,53.1,34.5
139.16,-255.86,1237.79,-20.53,85.39,27.47,-7.65,-7.95,53.7,34.69
74.71,-243.65,1155.76,-10.57,104.11,40.7,-2.4,-9.0,54.0,34.74
25.39,-218.75,1062.99,0.5,123.78,47.22,-2.1,-7.5,54.75,34.55
-36.62,-154.3,991.21,1.29,133.34,54.19,3.0,-9.9,54.15,34.5
-170.41,-128.42,912.6,7.23,132.6,56.21,6.3,-9.75,52.65,34.64
-302.73,-60.06,917.97,1.11,132.8,56.65,11.4,-7.35,53.85,34.55
-375.98,-47.36,928.22,-0.78,130.95,42.3,15.45,-8.25,54.0,34.64
-459.47,-10.25,904.3,3.57,122.59,45.79,19.35,-8.7,52.35,34.36
-503.91,-38.09,875.98,16.91,115.14,34.34,21.75,-8.4,49.65,34.69
-559.57,-25.88,796.87,24.94,109.29,28.45,24.9,-7.35,50.1,34.64
-601.56,-16.6,749.51,19.71,106.63,18.08,28.65,-6.45,48.15,34.55
-659.18,-3.91,679.69,14.16,94.89,13.53,32.1,-4.35,47.85,34.55
-622.07,6.35,592.29,16.55,93.64,16.44,34.65,-5.7,45.0,34.21
-812.01,-9.77,541.02,-5.66,99.95,11.93,35.25,-4.35,43.95,34.74
-820.8,42.48,425.78,-3.05,74.18,0.32,39.9,-3.15,39.75,34.64
-880.86,5.86,513.67,-13.89,76.61,2.12,40.95,-3.9,40.8,34.64
-852.05,63.96,312.01,-6.71,54.69,7.16,44.1,-3.9,37.8,34.5
-868.65,-18.55,519.04,-8.46,57.35,7.46,43.5,-4.65,35.25,34.64
-871.58,-3.42,280.76,12.21,43.94,7.92,45.75,-3.0,35.55,34.5
-885.25,63.48,356.45,9.43,39.74,5.34,46.95,-2.4,33.6,34.64
-923.83,46.88,297.85,6.07,34.08,10.24,46.8,-4.05,33.45,34.69
-946.78,33.69,228.52,18.82,22.49,8.75,49.5,-2.4,31.2,34.83
-921.87,104.0,186.04,3.15,-0.76,3.43,48.9,-3.45,31.95,34.69
-935.55,156.74,125.0,-2.73,-7.66,-3.85,47.85,-3.45,31.35,34.5
-904.3,104.0,163.09,-4.51,-30.36,-6.42,47.4,-2.85,32.85,34.5
-896.0,72.27,234.86,-2.05,-31.44,-7.87,48.3,-1.95,34.05,34.5
-919.43,57.13,309.57,21.09,-48.92,-4.28,44.85,-2.85,33.3,34.5
-857.42,88.38,346.19,14.86,-55.17,-0.18,44.4,-1.5,35.85,34.5
-849.61,73.24,415.53,5.95,-64.76,-4.82,45.75,-2.25,36.45,34.69
-952.64,61.52,372.56,3.98,-61.47,5.6,42.6,-3.45,37.2,34.36
-812.5,-9.28,496.09,5.08,-89.69,-14.18,40.05,-3.0,38.55,34.36
-681.64,-20.51,698.24,2.85,-69.64,-7.83,40.2,-2.85,41.55,34.74
-847.66,63.48,587.89,-8.94,-74.71,-21.81,36.6,-2.7,43.05,34.64
-633.3,111.82,665.53,-19.46,-104.37,-18.39,34.8,-2.25,44.55,34.64
-629.39,-63.48,814.45,-25.02,-76.73,-36.52,33.0,-3.0,45.6,34.64
-641.6,-58.11,776.37,-10.95,-89.17,-26.34,30.75,-4.95,47.85,34.55
-522.95,-87.89,850.59,3.6,-89.95,-30.56,27.75,-7.05,48.0,34.5
-557.62,-36.62,839.84,-2.69,-83.56,-21.79,23.4,-5.55,49.65,34.4
-469.73,-66.41,942.38,-8.02,-99.44,-30.79,23.7,-6.9,49.2,34.64
-404.3,-99.61,977.54,-7.5,-81.56,-24.35,19.8,-5.7,51.3,34.55
-475.59,-81.05,979.98,-5.38,-65.86,-30.4,18.0,-6.15,53.4,34.5
-396.48,-101.56,884.28,-5.02,-84.85,-39.99,15.45,-4.95,52.95,34.64
-299.8,-148.93,998.54,-1.4,-94.91,-29.76,13.8,-8.7,53.4,34.64
-175.29,-139.65,1052.25,-3.6,-70.87,-33.1,10.05,-8.1,52.8,34.5
-254.39,-120.12,1022.95,5.91,-61.32,-27.16,8.55,-8.4,53.85,34.5
-207.03,-125.0,1088.38,-0.2,-70.9,-26.72,5.25,-8.25,54.45,34.5
-212.4,-119.14,1035.64,-5.76,-60.69,-25.25,5.1,-9.6,53.55,34.64
-129.39,-162.11,1008.3,2.08,-59.21,-32.19,3.0,-7.8,54.15,34.69
2.93,-182.62,1070.31,11.47,-70.62,-29.04,1.5,-7.35,54.15,34.64
1.95,-141.11,1100.1,-1.43,-42.62,-17.71,0.15,-7.05,54.6,34.5
-57.62,-155.76,1011.72,1.17,-52.63,-20.73,-2.7,-7.5,54.0,34.55
20.51,-82.03,1032.71,-0.58,-37.08,-22.38,-3.3,-7.8,53.1,34.31
33.69,-154.3,1029.79,-5.48,-42.92,-13.15,-3.6,-7.05,53.55,34.4
68.36,-160.64,1083.01,-7.75,-45.16,-13.15,-6.6,-7.2,52.95,34.4
80.08,-189.94,1176.76,-7.13,-28.97,-18.96,-7.2,-8.4,53.55,34.83
88.38,-187.5,1313.48,-10.59,-16.47,-9.05,-9.45,-7.2,53.7,34.5
138.67,-259.77,1368.65,-18.24,18.11,1.66,-8.55,-5.85,53.55,34.5
135.74,-303.71,1339.36,-23.47,16.78,11.9,-8.7,-10.05,52.65,34.5
157.23,-288.09,1266.6,-15.44,52.26,29.44,-6.6,-9.75,51.9,34.5
93.75,-278.81,1173.34,-8.55,106.93,47.62,-5.55,-10.5,53.4,34.55
51.27,-228.03,1127.93,-11.5,110.96,48.95,-1.5,-10.35,53.85,34.5
-28.32,-286.13,1045.41,-6.92,125.98,56.9,1.05,-11.55,53.7,34.5
-94.24,-198.73,1031.74,2.15,138.44,66.6,7.05,-10.5,52.95,34.31
-239.75,-199.71,966.8,8.07,137.15,64.51,9.9,-11.85,54.0,34.5
-305.66,-129.88,921.87,23.69,144.7,64.15,15.15,-11.25,51.9,34.5
-396.97,-85.45,882.81,7.04,138.09,65.38,19.95,-9.6,51.45,34.64
-516.11,-103.52,783.69,8.4,133.55,46.46,22.35,-8.85,51.45,34.4
-530.76,-47.36,779.3,23.31,119.96,46.06,28.35,-9.15,49.35,34.36
-589.36,-22.95,617.68,10.35,117.95,35.7,31.65,-6.3,47.55,34.5
-665.53,-20.51,694.34,12.5,103.61,29.78,32.85,-6.45,45.75,34.5
-725.59,14.65,508.3,11.08,87.31,25.16,36.0,-4.65,44.7,34.31
-798.34,5.37,562.99,14.29,92.88,16.66,37.8,-3.9,42.3,34.36
-897.46,-32.23,422.36,-4.73,83.5,11.59,40.2,-4.65,40.8,34.74
-874.02,51.27,441.89,7.76,65.73,14.26,41.7,-4.35,38.1,34.64
-828.12,40.53,397.46,-2.09,62.68,8.41,43.95,-3.45,35.85,34.64
-869.14,-25.39,496.09,15.86,62.43,6.05,45.6,-3.6,36.0,34.4
-912.6,47.85,220.7,3.0,40.07,4.09,46.95,-3.15,33.3,34.64
-877.44,122.56,173.34,12.21,36.08,4.78,47.4,-3.15,32.25,34.31
-893.55,102.05,192.38,3.67,16.54,4.85,49.35,-2.7,32.7,34.55
-932.62,59.57,84.47,4.4,-2.37,-1.57,48.9,-0.9,31.65,34.74
-1000.49,129.39,100.1,0.15,-20.92,-2.99,47.55,-3.0,31.95,34.5
-964.36,79.1,227.54,14.18,-31.43,-2.85,47.7,-2.85,31.8,34.74
-893.07,12.7,279.79,5.01,-45.72,-3.24,46.65,-3.6,33.3,34.64
-861.82,44.92,352.05,10.96,-52.15,-5.66,47.4,-1.8,34.65,34.69
-911.13,111.33,285.16,-0.61,-75.5,4.43,46.5,-2.25,34.8,34.93
-798.83,74.22,485.35,-4.36,-72.73,-14.18,43.8,-1.35,36.0,34.83
-850.1,58.11,512.7,1.07,-67.07,-9.02,42.15,-2.25,37.95,34.64
-819.82,44.43,500.0,-6.76,-84.27,-20.94,39.45,-3.45,40.35,34.55
-666.99,49.32,649.41,8.5,-86.02,-27.42,37.8,-2.4,43.35,34.69
-761.23,9.28,835.94,12.88,-85.83,-25.44,37.05,-3.6,44.7,34.4
-657.71,55.66,670.41,-7.99,-88.97,-28.73,32.7,-4.05,46.65,34.64
-631.84,58.11,814.94,-23.47,-94.57,-38.34,31.05,-5.4,46.8,34.93
-560.06,-106.45,805.66,-18.5,-85.8,-46.92,29.55,-4.5,47.25,34.64
-481.93,-120.12,815.43,12.93,-97.08,-28.85,26.7,-6.3,48.3,34.5
-479.0,-125.0,846.19,8.5,-95.08,-32.23,23.7,-5.4,51.3,34.55
-500.98,-115.72,897.95,16.55,-89.98,-26.08,22.2,-7.95,52.65,34.64
-368.16,-84.96,1071.78,20.6,-90.03,-30.5,18.45,-4.8,53.55,34.5
-387.21,-21.97,1001.46,6.28,-79.56,-27.43,15.3,-5.25,54.15,34.74
-317.87,-94.73,1071.78,-22.64,-89.01,-29.37,12.6,-5.7,55.05,34.5
-270.02,-131.35,995.61,-13.69,-68.27,-30.12,11.4,-7.05,55.2,34.64
-222.17,-158.2,976.56,-6.87,-68.93,-21.0,10.05,-8.4,53.85,34.4
-156.74,-136.72,1023.93,11.85,-66.6,-19.36,6.3,-6.45,54.75,34.64
-199.22,-57.13,1076.66,10.88,-50.7,-11.63,4.5,-5.4,53.4,34.5
-152.34,-32.71,1096.68,0.34,-57.47,-21.94,1.35,-6.9,54.45,34.5
-50.29,-82.52,1073.24,1.35,-61.97,-31.73,1.5,-5.85,54.9,34.55
0.98,-94.24,1102.05,-16.49,-44.3,-34.56,-2.1,-4.95,53.7,34.4
-22.46,-146.0,1102.54,-18.12,-34.87,-30.4,-1.05,-6.9,54.45,34.88
-2.93,-133.79,1115.72,-18.95,-37.61,-30.08,-3.6,-7.05,53.55,34.55
46.39,-207.03,1277.34,-13.88,-14.19,-23.18,-4.65,-6.3,53.55,34.69
46.88,-314.94,1330.57,-14.98,9.74,-11.29,-3.75,-7.95,55.05,34.64
52.73,-385.74,1292.97,-14.16,21.44,4.73,-3.6,-8.4,54.9,34.55
69.82,-364.75,1277.83,-12.47,47.38,36.75,-4.2,-8.25,54.45,34.55
7.32,-289.06,1160.64,-10.23,98.83,56.07,-1.35,-9.75,53.4,34.64
-66.41,-205.08,1089.84,-12.78,108.02,55.93,2.25,-8.4,52.8,34.64
-106.45,-153.32,1048.83,-13.94,123.47,63.26,5.7,-9.6,55.2,34.74
-234.37,-122.07,993.65,-10.49,132.95,61.24,6.9,-10.95,52.8,34.5
-281.25,-145.51,973.14,-5.67,127.56,50.71,12.9,-10.35,53.55,34.69
-323.73,-174.8,951.66,7.63,122.86,58.71,17.4,-10.35,51.75,34.55
-444.34,-143.55,920.41,11.59,127.21,57.37,22.65,-10.05,51.9,34.64
-467.77,-107.42,845.7,30.8,117.85,53.34,23.4,-8.1,50.7,34.64
-634.28,-61.52,725.59,19.92,115.66,39.56,26.85,-7.2,47.85,34.74
-602.54,13.67,656.25,13.37,99.1,35.79,30.3,-5.7,47.1,34.64
-683.11,-80.08,634.77,-15.11,92.11,24.99,31.05,-5.4,45.75,34.74
-698.73,-21.97,580.57,-0.27,87.89,23.05,36.75,-5.4,43.95,34.55
-812.5,-49.32,605.96,7.13,91.57,31.48,37.05,-4.65,42.9,34.5
-854.98,38.09,445.8,-16.04,77.42,16.37,40.5,-4.5,38.55,34.16
-966.31,51.27,459.47,7.02,70.82,18.16,42.45,-4.35,38.85,34.5
-850.59,9.77,488.28,-14.81,67.05,5.66,44.7,-3.75,37.95,34.5
-866.21,-42.97,365.23,21.35,56.6,12.13,46.35,-2.85,35.25,34.5
-853.52,21.0,330.08,0.58,61.24,20.36,46.95,-2.1,34.65,34.31
-908.69,99.61,276.37,-0.72,50.07,23.01,48.3,-2.7,31.95,34.5
-925.78,-19.53,448.24,1.28,52.18,20.82,48.45,-2.1,30.45,34.31
-936.04,206.05,60.55,-10.59,24.11,14.03,50.85,-2.1,29.7,34.64
-901.37,272.95,279.79,-17.64,14.69,7.58,50.55,-1.35,30.15,34.69
-938.96,103.52,60.06,-3.67,21.34,10.62,50.85,-1.05,29.1,34.55
-949.22,93.75,67.87,-11.6,-13.07,2.11,50.4,-1.95,30.0,34.64
-988.28,82.03,202.15,13.05,-15.03,0.35,49.05,-1.35,29.7,34.64
-963.87,137.21,163.57,9.69,-22.19,-10.08,49.65,-2.25,28.5,34.69
-917.97,166.02,267.58,1.95,-43.57,-8.08,47.85,-1.5,31.95,34.5
-794.92,4.88,304.69,15.39,-40.74,-19.49,48.3,-0.9,31.95,34.69
-922.36,160.64,103.52,6.69,-67.84,-6.7,48.75,-1.8,33.3,34.64
-827.15,73.73,279.3,0.59,-88.92,-12.28,44.55,-3.6,36.3,34.69
-958.01,10.74,416.02,26.98,-69.02,-7.77,45.3,-1.8,36.3,34.64
-926.27,100.59,477.54,12.27,-92.9,-14.38,43.5,-2.1,37.35,34.4
-791.5,158.69,592.77,-1.92,-103.74,-33.24,39.15,-0.6,39.15,34.4
-595.21,3.42,727.54,-15.44,-84.96,-39.17,36.9,-2.7,41.7,34.5
-754.88,-149.41,765.62,14.25,-81.11,-32.89,36.75,-2.4,43.95,34.4
-591.31,-140.62,823.24,6.05,-83.15,-27.73,33.3,-3.75,45.9,34.4
-650.39,-40.04,830.57,14.53,-62.44,-16.72,32.7,-4.5,47.55,34.93
-614.26,37.6,781.74,-3.76,-73.27,-29.03,32.1,-3.6,48.15,34.55
-488.28,24.9,856.93,-17.67,-88.47,-28.63,27.6,-4.95,48.45,34.64
-451.17,-100.1,878.42,-18.85,-80.34,-32.88,24.75,-4.95,50.85,34.64
-542.97,-141.11,932.62,-0.56,-85.77,-28.25,22.95,-6.15,50.85,34.64
-451.17,-152.83,860.35,4.48,-86.2,-26.69,22.05,-7.05,51.75,34.64
-461.43,-62.5,942.38,6.11,-87.98,-21.6,16.95,-6.9,51.6,34.4
-326.17,-168.95,1029.79,0.53,-81.96,-28.24,16.2,-6.15,52.35,34.5
-318.36,-53.71,933.11,4.96,-56.03,-31.89,12.9,-6.3,53.1,34.64
-304.69,-144.53,943.36,-30.98,-87.56,-25.77,11.4,-5.85,55.2,34.21
-210.94,-291.5,1090.33,-9.82,-89.6,-23.79,8.4,-6.15,55.5,34.74
-188.96,-149.9,1046.39,-3.79,-80.07,-11.8,5.1,-8.1,54.6,34.55
-96.68,-110.35,1148.44,-11.4,-71.85,-13.56,4.35,-8.4,52.8,34.4
-104.98,-105.96,1120.61,-0.69,-56.31,-15.46,-0.15,-9.9,53.1,34.64
-20.02,-91.31,1158.2,-4.81,-47.46,-27.05,-1.05,-10.05,54.9,34.36
-67.87,-119.63,1096.19,-2.18,-37.87,-24.88,-3.6,-8.1,54.15,34.31
38.09,-140.62,1137.21,-8.54,-28.85,-23.69,-3.45,-8.7,54.45,34.64
37.11,-221.68,1166.5,-15.29,-14.93,-22.17,-3.45,-10.5,54.0,34.4
68.85,-286.13,1198.24,-15.08,-8.05,-11.05,-4.35,-7.8,54.6,34.5
64.94,-347.66,1242.19,-9.98,7.4,6.53,-3.75,-9.75,54.75,34.4
18.55,-339.84,1299.32,5.61,31.53,25.08,-2.55,-9.9,54.15,34.64
51.27,-296.87,1341.31,5.05,77.33,37.25,-3.45,-8.7,52.65,34.55
-46.88,-256.84,1238.77,3.14,93.91,42.31,0.45,-10.65,54.6,34.64
-46.88,-205.08,1128.42,-7.5,128.06,55.12,3.75,-10.5,53.7,34.4
-146.0,-183.59,1040.53,-5.14,135.94,62.2,6.9,-9.15,53.85,34.36
-211.43,-199.71,965.82,11.61,137.95,61.43,11.55,-10.8,53.7,34.55
-297.36,-106.45,869.14,28.04,139.53,65.69,16.05,-10.35,53.55,34.31
-474.12,-61.04,854.98,26.91,137.74,62.24,20.4,-7.2,50.55,34.5
-495.61,-21.48,824.71,13.69,117.11,48.93,23.85,-6.6,50.4,34.4
-556.15,4.88,761.23,23.52,122.99,48.27,27.9,-3.9,49.95,34.64
-651.37,-34.18,744.14,1.85,108.16,26.85,31.35,-3.15,47.4,34.64
-604.98,62.5,576.66,5.96,102.22,27.53,32.85,-3.9,46.05,34.5
-689.45,50.29,622.07,2.53,96.97,25.07,34.65,-2.85,43.65,34.5
-810.06,37.11,520.51,-1.08,89.18,17.45,39.15,-1.35,41.85,34.64
-841.31,113.77,429.2,3.8,66.15,11.14,40.65,-3.15,40.2,34.74
-793.95,74.71,504.39,-8.95,82.79,1.51,42.15,-3.0,39.3,34.55
-875.49,0.98,431.64,2.35,66.9,7.3,43.35,-3.0,36.45,34.4
-862.3,39.06,361.33,-7.08,57.04,6.89,43.8,-2.4,36.75,34.74
-921.87,7.81,371.09,7.31,62.08,2.59,44.7,-3.45,33.75,34.64
-911.13,99.61,226.07,7.92,36.65,6.18,46.5,-2.7,32.4,34.64
-926.76,43.95,312.01,-11.81,34.97,5.51,49.65,-0.9,31.35,34.4
-1001.46,91.8,178.71,-7.1,26.73,3.97,48.75,-0.6,31.8,34.55
-953.12,138.67,148.93,0.33,6.87,6.92,49.5,-1.05,30.75,34.64
-916.5,154.3,229.49,17.42,19.75,4.04,48.9,-1.2,30.0,34.64
-951.17,146.97,136.72,-16.11,-9.4,5.89,48.75,-1.8,29.7,34.69
-868.65,90.82,183.11,0.44,-13.95,-0.97,48.6,-1.95,30.3,34.74
-902.34,25.88,309.08,7.41,-27.54,-2.77,49.35,-3.75,31.65,34.31
-1003.42,82.03,257.81,25.65,-23.67,-1.15,49.05,-1.35,30.75,34.4
-903.32,164.55,258.79,1.03,-50.18,-7.92,46.65,-2.4,32.55,34.69
-947.75,104.49,306.15,-8.27,-58.61,-11.96,47.1,-0.15,33.75,34.5
-899.9,98.14,310.55,-4.81,-75.72,-4.22,45.3,-3.6,34.2,34.55
-804.69,29.79,439.94,4.16,-72.02,-7.6,44.4,-2.7,37.5,34.4
-807.13,92.29,425.78,3.4,-72.97,-4.69,41.7,-1.35,38.1,34.5
-751.46,83.98,500.0,23.42,-86.15,-13.38,40.95,-1.8,40.8,34.74
-716.8,0.0,690.43,21.52,-69.26,-19.44,37.05,-2.4,43.35,34.74
-703.12,20.02,718.26,10.74,-80.79,-28.76,36.6,-0.9,43.8,34.4
-718.75,39.55,826.66,15.38,-74.92,-34.15,35.55,-1.2,44.1,34.5
-586.43,63.48,771.48,4.46,-81.67,-40.47,32.85,-1.8,45.3,34.64
-669.92,-11.23,907.23,-20.55,-77.14,-36.68,30.15,-2.7,46.2,34.4
-656.25,-33.2,712.89,-23.56,-82.61,-48.37,29.25,-3.9,48.45,34.4
-464.36,-82.52,806.64,-4.31,-107.03,-37.78,26.4,-5.7,50.25,34.69
-460.94,-134.77,895.51,-13.72,-86.2,-33.34,23.85,-5.25,50.7,34.55
-455.57,-175.78,876.95,2.73,-86.07,-27.35,20.85,-6.9,51.6,34.5
-433.59,-118.65,1023.44,7.24,-87.59,-16.1,18.75,-5.4,52.35,34.5
-381.35,-84.96,1042.97,-19.4,-72.68,-28.15,14.85,-6.15,52.35,34.74
-416.99,-115.72,994.63,-12.99,-62.19,-32.93,15.6,-6.6,54.6,34.4
-277.34,-167.97,1052.73,-6.56,-79.31,-29.73,12.0,-8.25,54.45,34.64
-254.88,-202.64,1053.71,-2.32,-62.1,-25.35,9.15,-7.2,53.7,34.69
-258.3,-158.69,1009.77,16.46,-56.73,-17.32,7.05,-8.7,54.75,34.64
-92.77,-64.45,1065.92,-0.64,-46.24,-21.22,7.2,-8.4,54.15,34.69
-195.8,-119.14,987.79,-8.35,-51.68,-21.34,4.35,-7.05,53.85,34.55
-109.37,-111.82,999.51,-3.76,-56.73,-25.56,3.3,-7.35,53.1,34.69
33.2,-193.36,1100.59,-1.31,-64.15,-26.08,1.8,-6.6,54.6,34.74
-90.82,-140.14,1006.35,10.44,-49.9,-13.3,-0.45,-8.1,53.85,34.36
-61.04,-145.51,996.09,2.98,-46.69,-16.43,-3.45,-6.9,54.0,34.55
-60.06,-177.25,1074.22,-0.44,-51.94,-7.57,-2.7,-6.9,54.45,34.64
30.27,-199.71,1208.5,-5.08,-45.85,-14.05,-3.0,-7.8,54.6,34.64
83.5,-255.86,1306.15,-11.58,-34.43,-8.82,-7.2,-8.4,53.1,34.5
111.82,-237.3,1364.75,-19.26,-3.08,7.1,-6.6,-9.75,54.0,34.5
132.32,-299.8,1341.8,-28.4,24.9,18.29,-6.45,-9.9,52.8,34.4
110.35,-290.53,1352.54,-27.54,70.33,34.62,-6.15,-8.1,53.85,34.69
74.71,-291.5,1218.26,-12.66,110.15,50.81,-3.3,-12.15,53.85,34.74
37.6,-311.52,1140.14,-2.7,129.98,58.82,-0.15,-12.75,54.15,34.83
-40.04,-240.23,1071.78,-0.63,153.53,72.09,4.35,-11.7,53.85,34.74
-109.86,-153.81,1008.79,7.22,161.11,72.51,9.0,-10.35,54.15,34.74
-226.07,-135.25,915.53,8.89,150.66,70.88,13.2,-11.4,53.1,34.69
-393.07,-93.26,854.98,11.7,158.25,77.18,20.85,-9.3,51.6,34.64
-580.08,-42.48,728.03,20.85,151.63,63.5,22.8,-8.4,52.5,34.69
-588.38,-18.07,796.39,22.28,124.14,46.32,29.1,-7.35,48.6,34.64
-541.5,5.86,637.7,27.28,115.53,37.37,29.55,-6.3,46.65,34.69
-652.83,-34.67,685.55,4.43,98.47,35.62,33.6,-4.35,44.7,34.55
-719.24,11.23,457.52,9.02,92.46,20.21,35.25,-3.9,44.7,34.31
-786.13,85.94,438.48,1.89,81.77,10.21,38.85,-5.7,42.3,34.64
-834.47,-5.37,496.58,2.66,86.23,9.66,40.95,-3.9,40.2,34.4
-827.64,28.81,407.23,10.55,72.44,7.51,41.85,-4.05,38.25,34.69
-894.53,83.01,315.43,9.23,63.21,9.5,44.4,-3.75,36.9,34.64
-842.77,-30.27,508.79,4.57,61.85,6.28,45.3,-2.85,34.95,34.64
-893.07,41.99,280.76,22.32,61.51,3.97,49.65,-1.5,32.7,34.55
-896.0,87.4,286.13,-10.46,45.07,11.53,47.85,-2.7,32.4,34.69
-899.9,91.31,127.93,-7.76,40.08,11.78,47.7,-2.1,30.45,34.64
-915.04,6.84,170.41,7.88,19.72,17.73,49.35,-1.95,29.55,34.4
-994.14,113.28,125.98,26.05,16.89,11.93,49.35,-0.9,29.25,34.64
-990.23,239.26,209.96,-0.7,7.58,6.81,49.8,-0.6,28.05,34.74
-967.77,182.62,91.31,-27.73,-1.08,6.95,50.7,0.15,27.45,34.74
-904.3,35.16,159.18,-30.88,-21.61,-1.39,49.35,-0.45,28.95,34.74
-930.66,82.03,182.62,7.76,-12.42,-2.19,49.65,-0.15,29.55,34.64
-887.7,139.16,249.02,27.81,-32.1,-3.43,47.1,-1.95,30.3,34.88
-958.98,169.43,246.09,23.82,-35.59,-4.48,48.9,-1.5,30.6,34.74
-989.75,166.5,171.39,11.92,-57.91,-2.97,47.7,-0.6,30.75,34.55
-859.86,28.32,310.55,32.31,-75.49,-11.92,46.8,1.95,34.05,34.36
-871.58,68.36,228.03,20.14,-85.14,-1.77,45.6,-0.3,33.6,34.31
-774.9,97.66,478.03,30.37,-100.55,-8.26,42.45,0.3,37.05,34.36
-767.58,51.27,598.14,-3.31,-95.54,-13.62,39.75,1.95,39.3,34.64
-706.54,116.7,543.46,-22.35,-109.37,-21.47,37.8,1.05,40.5,34.64
-684.57,-6.35,687.99,-42.24,-109.26,-32.63,34.95,0.0,44.7,34.64
-595.21,-77.64,852.54,-24.66,-124.79,-21.18,32.85,-1.35,46.05,34.5
-608.4,-47.36,783.69,-24.79,-105.72,-20.47,28.8,-3.45,48.0,34.74
-581.54,-49.8,850.59,-18.85,-111.92,-17.93,26.25,-4.5,50.1,34.36
-373.05,-63.96,1026.37,-20.04,-112.97,-17.11,23.7,-4.35,49.5,34.5
-500.0,-1.46,953.12,-12.91,-93.86,-18.63,19.8,-5.4,51.3,34.74
-357.91,-62.99,953.12,-2.72,-128.47,-26.26,14.55,-5.55,52.5,34.74
-328.61,-80.08,953.61,-8.5,-106.56,-15.52,12.15,-7.05,52.8,34.74
-228.52,-75.2,954.1,-6.8,-124.75,-34.43,9.0,-5.85,52.8,34.64
-9.28,-214.36,1117.68,-14.49,-113.31,-8.13,6.45,-7.05,55.95,34.5
-132.32,-187.5,1050.78,-2.7,-75.55,-7.47,2.1,-7.95,54.45,34.64
-5.86,-122.07,1164.06,0.06,-79.22,1.26,-0.3,-6.9,53.7,34.64
-52.73,-146.97,1134.28,-11.55,-64.33,1.37,-2.25,-7.35,53.55,34.64
-86.43,-75.68,1061.52,-1.86,-53.96,-9.08,-4.65,-8.4,52.8,34.64
19.04,-103.03,1080.57,-6.83,-64.04,-12.71,-6.9,-8.85,52.2,34.83
70.31,-146.97,1042.48,-7.85,-65.54,-7.13,-9.0,-7.05,52.8,34.83
74.22,-128.91,1091.8,3.5,-46.35,-9.63,-12.45,-6.6,51.15,34.93
97.17,-146.0,1117.19,10.21,-42.28,-3.95,-12.0,-8.7,53.7,34.55
112.79,-119.63,1089.36,16.82,-31.09,0.85,-14.1,-7.5,51.6,34.5
143.55,-104.98,1041.99,15.97,-25.65,3.68,-15.0,-8.85,51.45,34.36
206.54,-81.54,964.84,18.91,-53.69,-4.07,-14.55,-5.55,51.45,34.74
331.05,-80.08,994.63,26.68,-58.84,-6.77,-19.05,-6.45,49.5,34.69
182.62,-2.93,988.77,25.94,-30.27,-6.82,-18.45,-5.55,48.0,34.55
179.2,16.11,1068.36,8.6,-32.23,-29.85,-19.8,-3.6,48.15,34.5
334.47,27.83,1058.59,21.69,-58.58,-31.08,-19.5,-4.5,47.55,34.55
370.61,46.88,1010.74,4.66,-2.11,-12.88,-21.15,-3.6,47.4,34.69
314.94,52.25,967.29,-7.63,6.22,-10.21,-22.65,-1.8,48.15,34.36
225.1,31.74,1174.8,-10.78,4.64,-10.85,-22.35,-1.95,47.25,34.4
405.76,49.8,910.64,-33.25,-44.19,-12.31,-22.8,-2.7,47.25,34.64
288.57,26.86,1025.39,-43.21,7.97,-0.98,-23.1,-2.25,46.95,34.74
262.7,-82.52,934.57,-30.95,-10.5,-4.59,-23.85,-5.55,46.95,34.74
304.69,-82.03,911.62,-54.27,1.31,9.66,-24.0,-5.7,46.8,34.31
210.94,-218.26,894.04,-59.93,29.44,13.85,-23.85,-6.6,46.65,34.74
387.21,-184.08,923.83,-27.6,-12.1,-0.08,-23.4,-9.15,46.95,34.74
429.69,-250.98,1011.72,-25.12,-5.63,7.66,-23.4,-10.65,47.55,34.83
256.84,-162.11,875.98,-22.74,-0.07,7.75,-25.05,-10.8,48.15,34.69
367.19,-257.81,1056.64,-17.02,-16.05,3.63,-24.0,-13.05,47.1,34.74
322.27,-201.66,914.55,-25.27,-1.59,5.98,-26.4,-13.35,47.85,34.93
304.2,-222.17,891.6,-18.88,-12.28,8.22,-24.75,-13.8,48.9,34.5
353.52,-239.75,914.55,-6.74,-9.93,5.21,-26.25,-13.95,47.55,34.88
363.28,-251.95,969.24,-9.6,-10.63,7.48,-26.4,-13.8,47.4,34.55
371.58,-262.21,933.11,-7.73,-6.22,4.63,-26.25,-16.5,48.6,34.5
347.17,-260.25,903.81,-7.73,-5.18,7.71,-26.4,-15.15,48.45,34.83
377.93,-257.32,917.48,-5.05,-0.56,5.09,-26.7,-15.0,48.0,34.64
381.84,-264.65,944.82,-7.64,3.87,5.89,-27.3,-18.3,49.35,34.74
332.03,-266.11,925.78,-10.39,0.55,3.43,-26.7,-15.3,49.35,34.5
320.31,-271.0,907.23,-7.33,0.44,-0.69,-27.75,-18.3,47.55,34.69
338.38,-296.39,907.71,-5.94,2.74,1.25,-27.15,-18.75,47.4,34.5
355.47,-278.81,925.78,-8.31,3.22,-0.32,-27.3,-17.25,49.05,34.4
360.84,-303.71,920.9,-11.37,3.27,3.58,-27.9,-18.15,48.45,34.5
343.75,-175.78,927.73,-27.39,7.59,4.96,-27.15,-17.4,50.25,34.5
300.78,-302.25,844.24,-0.6,-2.43,-3.26,-26.7,-18.3,49.05,34.55
370.12,-326.66,911.62,4.76,-4.02,-2.85,-25.35,-18.15,49.2,34.64
388.18,-294.43,953.12,-3.98,5.04,2.83,-25.05,-18.75,48.15,34.55
312.01,-311.04,898.93,-2.91,3.09,-1.38,-25.35,-18.45,47.1,34.5
354.98,-321.78,915.04,-1.58,3.6,-0.14,-26.7,-19.05,50.1,34.36
341.31,-312.5,916.02,-0.96,0.04,-2.18,-25.95,-19.05,50.1,34.74
331.05,-300.29,916.99,1.41,2.12,-1.63,-27.9,-19.5,49.5,34.55
353.03,-300.78,920.41,-0.49,1.21,0.96,-26.1,-19.2,50.25,34.5
347.66,-295.9,916.99,-2.49,1.25,2.79,-25.95,-19.65,49.35,34.5
327.15,-295.41,913.57,2.71,-0.53,0.38,-25.65,-19.65,49.35,34.64
337.89,-313.48,917.97,3.31,2.98,1.08,-27.15,-18.75,49.2,34.64
325.2,-262.7,923.83,2.0,-0.62,0.79,-25.95,-20.4,48.6,34.64
351.56,-312.5,920.41,0.23,0.39,1.26,-25.8,-19.2,48.15,34.69
345.21,-290.04,905.27,-0.68,0.2,-2.6,-26.85,-19.5,50.25,34.64
339.36,-297.85,916.99,4.59,-1.97,-0.17,-26.4,-17.7,50.85,34.69
349.12,-312.01,919.92,4.59,-0.18,-2.47,-25.95,-18.3,49.35,34.64
328.61,-279.79,944.34,3.05,1.55,-1.32,-27.3,-17.85,49.05,34.64
330.57,-291.5,921.87,-0.67,-2.37,-0.64,-24.3,-16.95,49.5,34.64
342.77,-282.23,916.02,0.56,-0.04,-1.97,-26.25,-17.85,49.05,34.5
355.96,-300.29,938.48,2.72,-4.07,-2.97,-27.15,-19.2,50.25,34.55
352.05,-291.5,934.57,-2.27,3.66,0.58,-26.1,-17.7,49.2,34.64
335.94,-275.88,925.29,-2.47,4.47,1.78,-26.7,-18.3,50.7,34.5
322.75,-291.02,914.55,-1.02,2.49,2.62,-25.95,-17.25,50.4,34.31
312.99,-297.36,931.15,2.09,0.63,1.24,-28.2,-19.2,49.2,34.64
337.4,-284.18,928.71,1.73,1.08,-3.11,-26.1,-18.45,48.9,34.64
331.05,-273.93,943.85,4.01,1.23,-0.15,-25.8,-17.4,50.85,34.64
327.64,-255.86,937.01,-0.14,-3.96,2.71,-25.65,-19.35,49.05,34.5
345.7,-288.09,912.11,2.08,1.01,-0.86,-25.95,-17.85,49.65,34.5
324.22,-285.16,920.9,1.75,0.73,1.24,-26.1,-18.45,50.55,34.83
336.43,-284.18,932.13,1.16,-3.71,0.27,-27.3,-18.3,48.6,34.55
338.38,-269.04,927.25,3.79,-5.24,1.53,-25.05,-17.7,49.5,34.5
328.61,-262.7,928.22,4.31,-2.05,0.27,-26.85,-18.45,48.45,34.5
338.38,-265.62,930.66,1.18,-2.42,1.41,-27.75,-17.85,49.65,34.5
350.1,-273.93,932.62,2.19,-6.88,-2.55,-27.15,-18.75,49.5,34.64
334.47,-268.07,926.27,-2.24,-3.9,-0.84,-25.95,-16.8,49.65,34.64
355.96,-273.44,921.39,-0.53,-3.15,-2.28,-27.6,-18.15,48.45,34.31
360.84,-276.37,909.67,3.01,-2.5,-0.79,-27.15,-19.2,48.9,34.16
349.12,-272.95,922.85,1.34,-5.25,-1.12,-27.6,-16.95,50.25,34.64
375.98,-276.86,928.22,-1.04,-1.98,-0.99,-27.15,-17.4,50.55,34.64
354.49,-264.65,924.32,-0.95,0.08,1.21,-27.6,-15.9,50.25,34.69
339.36,-255.37,943.85,-4.56,2.27,1.14,-26.4,-16.65,49.95,34.69
363.28,-277.83,928.22,-4.1,0.75,1.82,-26.4,-17.4,49.95,34.64
344.24,-282.23,908.2,-2.18,0.27,3.11,-26.7,-18.6,49.05,34.55
345.7,-271.48,914.55,-1.11,-3.13,0.57,-27.0,-16.5,49.05,34.5
360.84,-299.8,911.62,1.54,-1.56,-1.22,-27.0,-19.05,49.05,34.55
343.75,-287.11,918.95,3.59,-2.07,-2.54,-28.35,-16.8,49.35,34.4
349.12,-262.21,907.71,1.98,-6.27,-2.08,-28.65,-15.9,49.5,34.5
346.19,-236.82,950.2,2.41,-5.05,-3.9,-28.8,-16.5,48.6,34.64
366.7,-265.14,920.9,3.63,-5.03,-3.24,-27.0,-16.8,49.35,34.31
377.93,-228.52,934.57,3.39,-3.98,1.24,-27.75,-17.85,49.65,34.36
375.49,-260.25,925.29,1.26,-3.12,-1.22,-29.7,-17.7,48.15,34.4
363.77,-274.41,926.27,0.56,-0.15,0.54,-28.8,-17.25,48.0,34.4
357.42,-254.39,925.29,-1.08,-3.69,0.45,-28.65,-16.95,49.2,34.69
359.37,-251.95,917.48,1.5,1.07,1.46,-27.9,-16.95,48.45,34.5
372.07,-248.54,925.78,-3.33,-1.74,-0.27,-26.85,-17.7,47.85,34.55
364.75,-265.14,930.66,-1.79,0.36,-1.51,-28.05,-17.55,49.05,34.64
361.33,-267.09,930.66,-0.92,-1.64,-1.69,-28.05,-17.55,48.3,34.69
357.91,-263.67,922.36,0.95,-3.55,-0.31,-27.6,-16.95,49.2,34.4
363.28,-266.11,916.5,-0.25,-0.83,2.23,-25.95,-17.85,48.6,34.64
358.4,-269.04,905.76,0.5,1.09,1.1,-28.05,-16.8,48.6,34.4
371.09,-248.05,903.32,2.02,-0.4,-1.05,-28.8,-18.6,48.3,34.36
386.23,-258.3,922.85,2.02,-2.11,-0.4,-28.65,-16.65,49.2,34.4
356.93,-265.62,922.85,1.47,2.4,3.02,-27.3,-16.8,49.05,34.5
374.02,-260.25,928.71,1.65,0.01,2.44,-29.7,-16.95,48.9,34.36
376.95,-252.93,913.57,-0.71,0.7,-1.66,-28.65,-15.6,46.35,34.4
370.61,-243.65,923.83,2.34,-2.0,0.78,-28.2,-15.6,50.25,34.93
365.72,-247.56,920.41,0.9,-1.46,2.87,-28.95,-16.95,48.15,34.69
375.49,-253.91,930.66,-1.65,0.16,-0.85,-30.15,-17.25,49.35,34.64
378.42,-255.86,917.48,0.02,0.66,-1.41,-29.25,-17.4,48.45,34.64
358.4,-250.0,912.11,0.02,-2.95,-0.05,-29.25,-16.65,48.9,34.74
361.82,-258.79,929.2,2.04,-2.48,0.75,-28.05,-15.75,49.65,34.55
374.51,-252.44,923.83,0.47,-1.11,-0.47,-27.15,-16.95,48.9,34.5
351.56,-252.93,916.99,0.25,0.88,0.66,-28.05,-15.75,48.3,34.5
377.93,-250.49,934.57,1.04,-0.87,-2.06,-29.55,-16.8,47.55,34.4
365.23,-260.74,916.02,1.21,-0.86,-1.63,-28.05,-16.5,49.05,34.4
384.77,-235.35,921.39,0.27,-1.27,0.71,-29.25,-16.95,46.8,34.69
367.19,-252.44,921.39,2.34,-1.98,2.05,-27.75,-16.5,48.3,34.64
371.09,-245.61,918.46,1.25,-1.95,0.7,-28.35,-16.8,49.05,34.64
372.56,-245.61,915.53,0.32,0.66,0.66,-27.9,-16.95,46.35,34.55
355.47,-243.16,924.32,2.48,-0.34,-4.15,-27.0,-15.3,47.55,34.4
385.25,-252.44,942.87,0.77,0.89,-0.68,-29.25,-17.4,47.4,34.64
380.86,-245.12,940.43,-2.78,1.32,5.79,-29.25,-16.95,47.85,34.55
365.23,-246.58,922.36,-0.56,1.44,0.92,-27.9,-16.95,48.9,34.4
365.72,-243.16,917.48,0.01,-0.73,-0.66,-29.25,-16.65,48.45,34.5
376.95,-266.11,923.83,0.84,2.05,-0.15,-28.35,-16.5,49.05,34.55
355.47,-236.82,911.62,-0.6,-0.9,-0.96,-28.35,-16.5,47.55,34.5
372.56,-244.14,943.36,-0.71,-0.47,0.49,-27.9,-16.2,49.2,34.64
377.93,-248.05,929.2,-4.62,-2.41,0.57,-28.35,-16.8,47.25,34.69
386.72,-258.79,909.18,-1.05,1.37,0.11,-27.6,-16.95,48.15,34.5
363.77,-251.46,912.6,0.27,2.23,-0.16,-28.65,-17.4,47.85,34.4
364.26,-249.51,924.8,-1.22,-1.56,1.27,-29.55,-16.8,48.3,34.31
359.86,-258.79,909.18,-0.04,-0.27,-0.06,-29.25,-18.15,49.5,34.4
365.23,-250.0,917.48,-2.27,-1.11,0.11,-28.35,-16.5,48.6,34.4
389.65,-262.21,926.27,-1.77,-6.1,-0.95,-28.8,-16.8,47.25,34.31
380.86,-278.81,932.13,-1.68,-2.67,1.41,-29.7,-16.95,49.2,34.36
369.14,-269.04,920.9,-1.54,1.08,1.38,-29.1,-16.5,45.6,34.5
376.95,-235.84,926.27,0.4,-0.82,-2.02,-28.2,-18.45,48.45,34.36
368.16,-239.75,920.9,-4.01,-2.37,3.1,-30.0,-16.2,47.85,34.88
362.3,-270.51,916.5,-2.12,0.92,3.79,-29.25,-16.95,49.95,34.83
363.28,-266.6,923.83,-1.71,0.45,3.37,-29.7,-19.2,48.45,34.64
332.52,-264.65,899.9,-3.33,1.65,-0.36,-28.8,-17.55,49.05,34.93
377.44,-267.58,918.95,1.12,0.66,0.4,-28.8,-17.85,49.65,34.55
375.98,-267.09,917.48,0.1,0.37,1.05,-28.95,-17.7,47.85,34.4
360.35,-259.77,922.85,1.98,-2.71,1.69,-28.2,-18.15,48.9,34.64
383.3,-282.71,909.67,-1.31,-1.04,-1.47,-28.95,-18.15,48.15,34.4
350.1,-261.72,911.62,0.83,-1.43,-0.53,-28.35,-16.5,49.35,34.5
370.12,-262.7,919.43,2.28,0.43,-0.94,-27.6,-18.45,48.9,34.64
