user_id,session_id,time,accx,accy,accz,gyrx,gyry,gyrz
b848b144-29b6-4f35-a494-52d2340d8eb2,14dd262c-168d-4c15-9c82-e61e89f22e8b,0,231.93,-59.08,972.66,2.1,12.67,16.62
b848b144-29b6-4f35-a494-52d2340d8eb2,14dd262c-168d-4c15-9c82-e61e89f22e8b,1,132.81,-7.32,948.73,5.06,13.55,14.21
b848b144-29b6-4f35-a494-52d2340d8eb2,14dd262c-168d-4c15-9c82-e61e89f22e8b,2,105.96,7.81,984.86,7.73,8.98,13.07
b848b144-29b6-4f35-a494-52d2340d8eb2,14dd262c-168d-4c15-9c82-e61e89f22e8b,3,87.4,37.11,1038.09,10.89,9.31,5.69
b848b144-29b6-4f35-a494-52d2340d8eb2,14dd262c-168d-4c15-9c82-e61e89f22e8b,4,100.59,12.21,1069.82,7.06,8.56,-2.27
b848b144-29b6-4f35-a494-52d2340d8eb2,14dd262c-168d-4c15-9c82-e61e89f22e8b,5,62.5,-25.88,1070.8,8.62,3.98,-5.54
b848b144-29b6-4f35-a494-52d2340d8eb2,14dd262c-168d-4c15-9c82-e61e89f22e8b,6,116.21,-72.27,1027.34,6.94,5.11,-0.47
b848b144-29b6-4f35-a494-52d2340d8eb2,14dd262c-168d-4c15-9c82-e61e89f22e8b,7,139.65,-73.24,1009.77,4.6,8.43,8.46
b848b144-29b6-4f35-a494-52d2340d8eb2,14dd262c-168d-4c15-9c82-e61e89f22e8b,8,95.21,-20.02,1004.39,-2.18,11.42,12.37
b848b144-29b6-4f35-a494-52d2340d8eb2,14dd262c-168d-4c15-9c82-e61e89f22e8b,9,85.94,-21,985.84,-12.53,6.9,13.34
b848b144-29b6-4f35-a494-52d2340d8eb2,14dd262c-168d-4c15-9c82-e61e89f22e8b,10,106.45,-33.2,996.09,-11.75,1.98,10.55
b848b144-29b6-4f35-a494-52d2340d8eb2,14dd262c-168d-4c15-9c82-e61e89f22e8b,11,117.19,-52.73,1033.69,-4.2,3.34,3.98
b848b144-29b6-4f35-a494-52d2340d8eb2,14dd262c-168d-4c15-9c82-e61e89f22e8b,12,121.58,-37.6,1023.44,-3.64,-2.46,2.96
b848b144-29b6-4f35-a494-52d2340d8eb2,14dd262c-168d-4c15-9c82-e61e89f22e8b,13,133.79,-58.59,1021.48,-6.15,-1.16,0.76
b848b144-29b6-4f35-a494-52d2340d8eb2,14dd262c-168d-4c15-9c82-e61e89f22e8b,14,141.11,-74.71,1020.02,-6.5,0.94,-3.47
b848b144-29b6-4f35-a494-52d2340d8eb2,14dd262c-168d-4c15-9c82-e61e89f22e8b,15,123.54,-120.12,1035.64,-4.9,-4.4,-1.14
b848b144-29b6-4f35-a494-52d2340d8eb2,14dd262c-168d-4c15-9c82-e61e89f22e8b,16,117.19,-111.33,1016.6,-6.36,-0.47,8.15
b848b144-29b6-4f35-a494-52d2340d8eb2,14dd262c-168d-4c15-9c82-e61e89f22e8b,17,82.03,-94.24,1033.2,-7.36,-2.58,6.62
b848b144-29b6-4f35-a494-52d2340d8eb2,14dd262c-168d-4c15-9c82-e61e89f22e8b,18,107.91,-94.73,1044.43,-4.92,0.92,7.05
b848b144-29b6-4f35-a494-52d2340d8eb2,14dd262c-168d-4c15-9c82-e61e89f22e8b,19,147.46,-91.31,1031.25,0.82,0.49,5.15
b848b144-29b6-4f35-a494-52d2340d8eb2,14dd262c-168d-4c15-9c82-e61e89f22e8b,20,129.88,-75.68,1023.93,5.98,5.47,1.72
b848b144-29b6-4f35-a494-52d2340d8eb2,14dd262c-168d-4c15-9c82-e61e89f22e8b,21,104,-91.31,1037.11,7.32,5.14,1.24
b848b144-29b6-4f35-a494-52d2340d8eb2,14dd262c-168d-4c15-9c82-e61e89f22e8b,22,119.14,-72.27,1025.39,5.45,3.7,5.55
b848b144-29b6-4f35-a494-52d2340d8eb2,14dd262c-168d-4c15-9c82-e61e89f22e8b,23,112.79,-69.82,1022.95,2.39,5.07,6.18
b848b144-29b6-4f35-a494-52d2340d8eb2,14dd262c-168d-4c15-9c82-e61e89f22e8b,24,98.63,-92.77,1029.79,-2.53,6.63,7.3
b848b144-29b6-4f35-a494-52d2340d8eb2,14dd262c-168d-4c15-9c82-e61e89f22e8b,25,91.8,-60.55,1016.11,-1.24,8.76,10.31
b848b144-29b6-4f35-a494-52d2340d8eb2,14dd262c-168d-4c15-9c82-e61e89f22e8b,26,93.26,-58.59,1025.39,-2.6,5.41,9.95
b848b144-29b6-4f35-a494-52d2340d8eb2,14dd262c-168d-4c15-9c82-e61e89f22e8b,27,87.4,-55.18,999.02,-0.12,3.11,3.53
b848b144-29b6-4f35-a494-52d2340d8eb2,14dd262c-168d-4c15-9c82-e61e89f22e8b,28,73.24,-58.59,1023.44,2.54,3.82,3.97
b848b144-29b6-4f35-a494-52d2340d8eb2,14dd262c-168d-4c15-9c82-e61e89f22e8b,29,87.4,-49.32,1006.84,4.83,5.05,3.35
b848b144-29b6-4f35-a494-52d2340d8eb2,14dd262c-168d-4c15-9c82-e61e89f22e8b,30,68.85,-67.87,1018.07,4.8,1.22,-1.6
b848b144-29b6-4f35-a494-52d2340d8eb2,14dd262c-168d-4c15-9c82-e61e89f22e8b,31,61.52,-76.17,1012.21,4.11,-2.3,0.76
b848b144-29b6-4f35-a494-52d2340d8eb2,14dd262c-168d-4c15-9c82-e61e89f22e8b,32,64.45,-81.05,1022.46,3.04,0.7,-1.29
b848b144-29b6-4f35-a494-52d2340d8eb2,14dd262c-168d-4c15-9c82-e61e89f22e8b,33,85.45,-76.17,1016.6,-2.6,-4.82,2.23
b848b144-29b6-4f35-a494-52d2340d8eb2,14dd262c-168d-4c15-9c82-e61e89f22e8b,34,80.57,-72.27,1020.02,-5.62,-6.15,2.38
b848b144-29b6-4f35-a494-52d2340d8eb2,14dd262c-168d-4c15-9c82-e61e89f22e8b,35,99.12,-61.04,1022.95,-3.57,-3.59,0.91
b848b144-29b6-4f35-a494-52d2340d8eb2,14dd262c-168d-4c15-9c82-e61e89f22e8b,36,83.98,-64.45,1024.9,-4.64,-6.47,1.66
b848b144-29b6-4f35-a494-52d2340d8eb2,14dd262c-168d-4c15-9c82-e61e89f22e8b,37,84.47,-75.2,1030.76,-2.15,-4.96,0.17
b848b144-29b6-4f35-a494-52d2340d8eb2,14dd262c-168d-4c15-9c82-e61e89f22e8b,38,94.73,-79.59,1024.41,-1.41,-2.22,-0.91
b848b144-29b6-4f35-a494-52d2340d8eb2,14dd262c-168d-4c15-9c82-e61e89f22e8b,39,100.1,-80.57,1026.37,2.27,-2.18,-2.7
b848b144-29b6-4f35-a494-52d2340d8eb2,14dd262c-168d-4c15-9c82-e61e89f22e8b,40,100.1,-85.94,1022.46,3.85,-4.47,-0.94
b848b144-29b6-4f35-a494-52d2340d8eb2,14dd262c-168d-4c15-9c82-e61e89f22e8b,41,101.56,-90.33,1022.95,1.17,-5.92,0.6
b848b144-29b6-4f35-a494-52d2340d8eb2,14dd262c-168d-4c15-9c82-e61e89f22e8b,42,110.35,-72.27,1022.46,-0.05,-1.76,-1.21
b848b144-29b6-4f35-a494-52d2340d8eb2,14dd262c-168d-4c15-9c82-e61e89f22e8b,43,113.28,-79.59,1028.81,0.26,-1.66,0.33
b848b144-29b6-4f35-a494-52d2340d8eb2,14dd262c-168d-4c15-9c82-e61e89f22e8b,44,104,-67.87,1025.39,-0.17,-3.82,4.8
b848b144-29b6-4f35-a494-52d2340d8eb2,14dd262c-168d-4c15-9c82-e61e89f22e8b,45,116.21,-67.38,1021.48,-1.19,-1.42,3.31
b848b144-29b6-4f35-a494-52d2340d8eb2,14dd262c-168d-4c15-9c82-e61e89f22e8b,46,124.51,-62.5,1029.3,2.1,-4.05,4.27
b848b144-29b6-4f35-a494-52d2340d8eb2,14dd262c-168d-4c15-9c82-e61e89f22e8b,47,115.72,-58.59,1048.83,1.27,-1.15,-0.51
b848b144-29b6-4f35-a494-52d2340d8eb2,14dd262c-168d-4c15-9c82-e61e89f22e8b,48,125.49,-60.55,1019.04,3.4,-1.27,-1.82
b848b144-29b6-4f35-a494-52d2340d8eb2,14dd262c-168d-4c15-9c82-e61e89f22e8b,49,104.49,-68.85,1022.95,2.59,1.9,-4.79
b848b144-29b6-4f35-a494-52d2340d8eb2,14dd262c-168d-4c15-9c82-e61e89f22e8b,50,120.61,-73.24,1009.77,-0.37,-2.21,-1.6
b848b144-29b6-4f35-a494-52d2340d8eb2,14dd262c-168d-4c15-9c82-e61e89f22e8b,51,101.56,-73.24,1006.35,2.31,-1.9,-0.02
b848b144-29b6-4f35-a494-52d2340d8eb2,14dd262c-168d-4c15-9c82-e61e89f22e8b,52,90.82,-68.85,1007.32,1.44,-2.98,-0.12
b848b144-29b6-4f35-a494-52d2340d8eb2,14dd262c-168d-4c15-9c82-e61e89f22e8b,53,119.14,-68.36,1024.41,0.73,-7.09,-1.59
b848b144-29b6-4f35-a494-52d2340d8eb2,14dd262c-168d-4c15-9c82-e61e89f22e8b,54,105.47,-58.59,1033.2,-0.35,-1.3,0.93
b848b144-29b6-4f35-a494-52d2340d8eb2,14dd262c-168d-4c15-9c82-e61e89f22e8b,55,102.05,-71.78,1033.69,-1.38,-3.53,1.62
b848b144-29b6-4f35-a494-52d2340d8eb2,14dd262c-168d-4c15-9c82-e61e89f22e8b,56,125.49,-80.57,1032.23,-0.32,-0.11,1.79
b848b144-29b6-4f35-a494-52d2340d8eb2,14dd262c-168d-4c15-9c82-e61e89f22e8b,57,115.23,-62.99,1024.41,0.37,-0.55,-0.95
b848b144-29b6-4f35-a494-52d2340d8eb2,14dd262c-168d-4c15-9c82-e61e89f22e8b,58,117.68,-69.34,1027.83,-1.83,0.11,2.15
b848b144-29b6-4f35-a494-52d2340d8eb2,14dd262c-168d-4c15-9c82-e61e89f22e8b,59,111.82,-60.06,1008.3,-1.25,-2.19,-0.69
b848b144-29b6-4f35-a494-52d2340d8eb2,14dd262c-168d-4c15-9c82-e61e89f22e8b,60,117.68,-59.08,1021.97,0.11,-0.51,-1.14
b848b144-29b6-4f35-a494-52d2340d8eb2,14dd262c-168d-4c15-9c82-e61e89f22e8b,61,107.42,-69.34,1005.37,2.86,-0.53,0.67
b848b144-29b6-4f35-a494-52d2340d8eb2,14dd262c-168d-4c15-9c82-e61e89f22e8b,62,117.19,-65.43,1006.84,2.4,-4.21,-1.85
b848b144-29b6-4f35-a494-52d2340d8eb2,14dd262c-168d-4c15-9c82-e61e89f22e8b,63,132.81,-80.57,1021.48,4.52,-0.73,-2.28
b848b144-29b6-4f35-a494-52d2340d8eb2,14dd262c-168d-4c15-9c82-e61e89f22e8b,64,114.26,-73.24,1035.16,3.5,-1.23,1.32
b848b144-29b6-4f35-a494-52d2340d8eb2,14dd262c-168d-4c15-9c82-e61e89f22e8b,65,124.51,-62.5,1015.62,0.6,-4.13,-1.24
b848b144-29b6-4f35-a494-52d2340d8eb2,14dd262c-168d-4c15-9c82-e61e89f22e8b,66,105.96,-60.55,1036.13,0.34,-4.63,1.54
b848b144-29b6-4f35-a494-52d2340d8eb2,14dd262c-168d-4c15-9c82-e61e89f22e8b,67,115.23,-59.08,1028.32,1.45,-0.08,2.65
b848b144-29b6-4f35-a494-52d2340d8eb2,14dd262c-168d-4c15-9c82-e61e89f22e8b,68,121.09,-56.15,1017.58,1.74,-1.85,-1.55
b848b144-29b6-4f35-a494-52d2340d8eb2,14dd262c-168d-4c15-9c82-e61e89f22e8b,69,113.77,-65.92,1022.46,1.55,-1.81,1.77
b848b144-29b6-4f35-a494-52d2340d8eb2,14dd262c-168d-4c15-9c82-e61e89f22e8b,70,137.21,-50.29,1024.41,1.43,-3.31,-0.82
b848b144-29b6-4f35-a494-52d2340d8eb2,14dd262c-168d-4c15-9c82-e61e89f22e8b,71,125,-54.2,1028.81,-0.6,-2.25,1.55
b848b144-29b6-4f35-a494-52d2340d8eb2,14dd262c-168d-4c15-9c82-e61e89f22e8b,72,131.35,-56.15,1025.39,-0.77,0.14,1.33
b848b144-29b6-4f35-a494-52d2340d8eb2,14dd262c-168d-4c15-9c82-e61e89f22e8b,73,119.14,-64.94,1040.04,0.37,1.81,-0.4
b848b144-29b6-4f35-a494-52d2340d8eb2,14dd262c-168d-4c15-9c82-e61e89f22e8b,74,122.56,-62.5,1022.46,1.03,-0.49,-0.1
b848b144-29b6-4f35-a494-52d2340d8eb2,14dd262c-168d-4c15-9c82-e61e89f22e8b,75,119.63,-64.45,1019.04,0.3,-0.89,0.95
b848b144-29b6-4f35-a494-52d2340d8eb2,14dd262c-168d-4c15-9c82-e61e89f22e8b,76,139.65,-49.32,1028.32,-0.64,-0.02,2.73
b848b144-29b6-4f35-a494-52d2340d8eb2,14dd262c-168d-4c15-9c82-e61e89f22e8b,77,102.05,-43.95,1030.76,-1.85,-2.05,0.33
b848b144-29b6-4f35-a494-52d2340d8eb2,14dd262c-168d-4c15-9c82-e61e89f22e8b,78,130.37,-62.99,1019.53,-0.91,-1.69,0.53
b848b144-29b6-4f35-a494-52d2340d8eb2,14dd262c-168d-4c15-9c82-e61e89f22e8b,79,131.84,-66.89,1021.48,-1.15,-3.72,-0.17
b848b144-29b6-4f35-a494-52d2340d8eb2,14dd262c-168d-4c15-9c82-e61e89f22e8b,80,125.49,-62.01,1014.65,-0.24,-0.63,0.85
b848b144-29b6-4f35-a494-52d2340d8eb2,14dd262c-168d-4c15-9c82-e61e89f22e8b,81,126.46,-53.71,1017.58,-0.9,-2.47,-0.6
b848b144-29b6-4f35-a494-52d2340d8eb2,14dd262c-168d-4c15-9c82-e61e89f22e8b,82,126.95,-66.41,1024.41,-0.12,-0.9,0.28
b848b144-29b6-4f35-a494-52d2340d8eb2,14dd262c-168d-4c15-9c82-e61e89f22e8b,83,110.84,-76.17,1006.35,-0.89,-0.63,0.09
b848b144-29b6-4f35-a494-52d2340d8eb2,14dd262c-168d-4c15-9c82-e61e89f22e8b,84,123.54,-54.69,1019.53,0.86,0.16,2.95
b848b144-29b6-4f35-a494-52d2340d8eb2,14dd262c-168d-4c15-9c82-e61e89f22e8b,85,119.14,-53.71,1001.95,2.85,-1.44,0.97
b848b144-29b6-4f35-a494-52d2340d8eb2,14dd262c-168d-4c15-9c82-e61e89f22e8b,86,153.32,-60.55,1010.74,0.81,-2.08,0.57
b848b144-29b6-4f35-a494-52d2340d8eb2,14dd262c-168d-4c15-9c82-e61e89f22e8b,87,159.18,-62.01,1003.42,-1.4,-4.15,0.29
b848b144-29b6-4f35-a494-52d2340d8eb2,14dd262c-168d-4c15-9c82-e61e89f22e8b,88,120.12,-43.46,1033.2,-0.84,-1.79,0.31
b848b144-29b6-4f35-a494-52d2340d8eb2,14dd262c-168d-4c15-9c82-e61e89f22e8b,89,132.32,-57.62,1031.74,0.52,-2.27,-5.91
b848b144-29b6-4f35-a494-52d2340d8eb2,14dd262c-168d-4c15-9c82-e61e89f22e8b,90,119.63,-70.8,1019.53,6.53,-3.49,-8.89
b848b144-29b6-4f35-a494-52d2340d8eb2,14dd262c-168d-4c15-9c82-e61e89f22e8b,91,143.07,-64.94,992.19,10.83,-6.64,-10.73
b848b144-29b6-4f35-a494-52d2340d8eb2,14dd262c-168d-4c15-9c82-e61e89f22e8b,92,144.04,-27.34,1005.86,6.06,-3.95,-7.44
b848b144-29b6-4f35-a494-52d2340d8eb2,14dd262c-168d-4c15-9c82-e61e89f22e8b,93,185.06,-77.15,1013.67,-3.6,-5.24,-1.62
b848b144-29b6-4f35-a494-52d2340d8eb2,14dd262c-168d-4c15-9c82-e61e89f22e8b,94,179.2,-67.87,1039.06,-3.16,-3.33,2.45
b848b144-29b6-4f35-a494-52d2340d8eb2,14dd262c-168d-4c15-9c82-e61e89f22e8b,95,153.32,-66.41,1030.27,-0.95,-0.11,0.14
b848b144-29b6-4f35-a494-52d2340d8eb2,14dd262c-168d-4c15-9c82-e61e89f22e8b,96,116.21,-41.02,1041.02,2.19,5.03,6.51
b848b144-29b6-4f35-a494-52d2340d8eb2,14dd262c-168d-4c15-9c82-e61e89f22e8b,97,122.56,-20.51,1008.79,3.6,2.08,1.88
b848b144-29b6-4f35-a494-52d2340d8eb2,14dd262c-168d-4c15-9c82-e61e89f22e8b,98,127.93,-49.32,991.7,3.79,2.17,1.56
b848b144-29b6-4f35-a494-52d2340d8eb2,14dd262c-168d-4c15-9c82-e61e89f22e8b,99,136.72,-41.5,1001.95,3.4,1.27,-0.4
b848b144-29b6-4f35-a494-52d2340d8eb2,14dd262c-168d-4c15-9c82-e61e89f22e8b,100,103.03,-32.71,1015.62,5.45,-4.64,2.39
b848b144-29b6-4f35-a494-52d2340d8eb2,14dd262c-168d-4c15-9c82-e61e89f22e8b,101,161.13,-18.07,1023.93,3.27,-3.9,1.68
b848b144-29b6-4f35-a494-52d2340d8eb2,14dd262c-168d-4c15-9c82-e61e89f22e8b,102,167.48,-32.23,1011.72,-2.46,-3.1,-0.25
b848b144-29b6-4f35-a494-52d2340d8eb2,14dd262c-168d-4c15-9c82-e61e89f22e8b,103,170.41,-47.85,1024.9,-6.93,-3.21,2.04
b848b144-29b6-4f35-a494-52d2340d8eb2,14dd262c-168d-4c15-9c82-e61e89f22e8b,104,151.37,-55.18,1026.86,-4.36,-3.16,-0.24
b848b144-29b6-4f35-a494-52d2340d8eb2,14dd262c-168d-4c15-9c82-e61e89f22e8b,105,171.39,-64.94,1036.62,-0.01,2.21,4.38
b848b144-29b6-4f35-a494-52d2340d8eb2,14dd262c-168d-4c15-9c82-e61e89f22e8b,106,162.6,-36.62,1033.2,-4.32,0.33,3.72
b848b144-29b6-4f35-a494-52d2340d8eb2,14dd262c-168d-4c15-9c82-e61e89f22e8b,107,157.23,-55.66,1023.44,-4.9,3.76,-1.08
b848b144-29b6-4f35-a494-52d2340d8eb2,14dd262c-168d-4c15-9c82-e61e89f22e8b,108,146.48,-71.78,1012.21,-0.57,2.4,-2.73
b848b144-29b6-4f35-a494-52d2340d8eb2,14dd262c-168d-4c15-9c82-e61e89f22e8b,109,144.53,-78.12,1007.32,7.16,-0.78,-0.02
b848b144-29b6-4f35-a494-52d2340d8eb2,14dd262c-168d-4c15-9c82-e61e89f22e8b,110,123.54,-74.22,1011.23,9.3,0.85,0.06
b848b144-29b6-4f35-a494-52d2340d8eb2,14dd262c-168d-4c15-9c82-e61e89f22e8b,111,141.6,-72.75,1003.91,7.29,0.44,2.72
b848b144-29b6-4f35-a494-52d2340d8eb2,14dd262c-168d-4c15-9c82-e61e89f22e8b,112,145.51,-69.34,999.51,3.39,2.08,5.88
b848b144-29b6-4f35-a494-52d2340d8eb2,14dd262c-168d-4c15-9c82-e61e89f22e8b,113,115.23,-28.81,1032.23,1.37,-0.89,8.11
b848b144-29b6-4f35-a494-52d2340d8eb2,14dd262c-168d-4c15-9c82-e61e89f22e8b,114,142.09,-14.16,1019.53,1.38,-1.82,9.73
b848b144-29b6-4f35-a494-52d2340d8eb2,14dd262c-168d-4c15-9c82-e61e89f22e8b,115,148.44,-21,1030.76,0.72,1.48,8.52
b848b144-29b6-4f35-a494-52d2340d8eb2,14dd262c-168d-4c15-9c82-e61e89f22e8b,116,167.48,3.42,1013.67,3.56,1.35,5.06
b848b144-29b6-4f35-a494-52d2340d8eb2,14dd262c-168d-4c15-9c82-e61e89f22e8b,117,167.97,17.58,1006.84,3.02,-0.95,1.44
b848b144-29b6-4f35-a494-52d2340d8eb2,14dd262c-168d-4c15-9c82-e61e89f22e8b,118,130.37,-4.88,1020.02,2.54,2.36,-1.9
b848b144-29b6-4f35-a494-52d2340d8eb2,14dd262c-168d-4c15-9c82-e61e89f22e8b,119,137.7,-5.86,1018.07,1.82,-1,-2.95
b848b144-29b6-4f35-a494-52d2340d8eb2,14dd262c-168d-4c15-9c82-e61e89f22e8b,120,163.57,-26.37,1002.44,-3.64,-0.53,-2.63
b848b144-29b6-4f35-a494-52d2340d8eb2,14dd262c-168d-4c15-9c82-e61e89f22e8b,121,158.2,-24.41,1015.62,-3.9,2.16,-4.71
b848b144-29b6-4f35-a494-52d2340d8eb2,14dd262c-168d-4c15-9c82-e61e89f22e8b,122,133.3,-38.09,1030.76,-3.33,-2.35,-1.82
b848b144-29b6-4f35-a494-52d2340d8eb2,14dd262c-168d-4c15-9c82-e61e89f22e8b,123,144.04,-36.62,1020.51,-2.88,0.69,-4.45
b848b144-29b6-4f35-a494-52d2340d8eb2,14dd262c-168d-4c15-9c82-e61e89f22e8b,124,134.77,-58.11,1026.37,-0.6,1.15,-2.16
b848b144-29b6-4f35-a494-52d2340d8eb2,14dd262c-168d-4c15-9c82-e61e89f22e8b,125,150.39,-71.78,1014.16,1.25,-2.3,0.3
b848b144-29b6-4f35-a494-52d2340d8eb2,14dd262c-168d-4c15-9c82-e61e89f22e8b,126,142.58,-54.2,1019.53,3.89,-0.82,-2.4
b848b144-29b6-4f35-a494-52d2340d8eb2,14dd262c-168d-4c15-9c82-e61e89f22e8b,127,155.27,-39.06,1030.27,5.62,-0.05,-2.5
b848b144-29b6-4f35-a494-52d2340d8eb2,14dd262c-168d-4c15-9c82-e61e89f22e8b,128,151.86,-27.34,1028.32,2.85,-1.07,-0.47
b848b144-29b6-4f35-a494-52d2340d8eb2,14dd262c-168d-4c15-9c82-e61e89f22e8b,129,135.25,-37.6,1031.74,-0.7,0.46,-0.14
b848b144-29b6-4f35-a494-52d2340d8eb2,14dd262c-168d-4c15-9c82-e61e89f22e8b,130,145.02,-27.34,1046.88,-0.24,3.03,0.03
b848b144-29b6-4f35-a494-52d2340d8eb2,14dd262c-168d-4c15-9c82-e61e89f22e8b,131,150.39,-27.83,1077.64,0.48,9.08,-1.73
b848b144-29b6-4f35-a494-52d2340d8eb2,14dd262c-168d-4c15-9c82-e61e89f22e8b,132,166.5,-55.66,1047.36,-1.85,14.37,-2.18
b848b144-29b6-4f35-a494-52d2340d8eb2,14dd262c-168d-4c15-9c82-e61e89f22e8b,133,176.76,-55.66,1042.97,0.97,16.26,-0.95
b848b144-29b6-4f35-a494-52d2340d8eb2,14dd262c-168d-4c15-9c82-e61e89f22e8b,134,124.02,-24.41,1069.82,-2.05,20.79,5.13
b848b144-29b6-4f35-a494-52d2340d8eb2,14dd262c-168d-4c15-9c82-e61e89f22e8b,135,160.16,-41.02,1075.2,-7.76,24.3,6.95
b848b144-29b6-4f35-a494-52d2340d8eb2,14dd262c-168d-4c15-9c82-e61e89f22e8b,136,145.51,-71.78,1104,-6.57,34.77,11.68
b848b144-29b6-4f35-a494-52d2340d8eb2,14dd262c-168d-4c15-9c82-e61e89f22e8b,137,80.08,-77.64,1091.8,1.37,42.21,13.56
b848b144-29b6-4f35-a494-52d2340d8eb2,14dd262c-168d-4c15-9c82-e61e89f22e8b,138,54.2,-41.99,1100.59,-3.4,48.68,9.76
b848b144-29b6-4f35-a494-52d2340d8eb2,14dd262c-168d-4c15-9c82-e61e89f22e8b,139,-8.79,-58.11,1080.57,-2.53,57.31,13.57
b848b144-29b6-4f35-a494-52d2340d8eb2,14dd262c-168d-4c15-9c82-e61e89f22e8b,140,-1.46,-81.05,1097.17,8.31,60.64,13.16
b848b144-29b6-4f35-a494-52d2340d8eb2,14dd262c-168d-4c15-9c82-e61e89f22e8b,141,-25.39,-24.41,1046.39,-7.56,76.87,48.92
b848b144-29b6-4f35-a494-52d2340d8eb2,14dd262c-168d-4c15-9c82-e61e89f22e8b,142,-83.5,-54.2,1062.01,0.68,74.12,17.66
b848b144-29b6-4f35-a494-52d2340d8eb2,14dd262c-168d-4c15-9c82-e61e89f22e8b,143,-162.6,-29.79,1040.04,-3.54,77.13,20.2
b848b144-29b6-4f35-a494-52d2340d8eb2,14dd262c-168d-4c15-9c82-e61e89f22e8b,144,-153.81,-22.46,1022.46,0.11,82.08,20.19
b848b144-29b6-4f35-a494-52d2340d8eb2,14dd262c-168d-4c15-9c82-e61e89f22e8b,145,-274.9,-30.27,1028.32,3.68,90.54,20.47
b848b144-29b6-4f35-a494-52d2340d8eb2,14dd262c-168d-4c15-9c82-e61e89f22e8b,146,-263.67,-0.98,990.72,-5.95,91.54,19.6
b848b144-29b6-4f35-a494-52d2340d8eb2,14dd262c-168d-4c15-9c82-e61e89f22e8b,147,-362.79,-3.42,970.7,-6.23,95.36,22.89
b848b144-29b6-4f35-a494-52d2340d8eb2,14dd262c-168d-4c15-9c82-e61e89f22e8b,148,-401.37,-5.37,918.95,-0.89,92.61,15.4
b848b144-29b6-4f35-a494-52d2340d8eb2,14dd262c-168d-4c15-9c82-e61e89f22e8b,149,-452.64,-6.35,897.46,-2.14,88.97,14.56
b848b144-29b6-4f35-a494-52d2340d8eb2,14dd262c-168d-4c15-9c82-e61e89f22e8b,150,-493.16,-5.37,880.86,10.82,87.14,11.79
b848b144-29b6-4f35-a494-52d2340d8eb2,14dd262c-168d-4c15-9c82-e61e89f22e8b,151,-527.34,36.13,812.99,5.5,87.96,9.4
b848b144-29b6-4f35-a494-52d2340d8eb2,14dd262c-168d-4c15-9c82-e61e89f22e8b,152,-608.4,-27.83,833.01,8.08,83.37,10.63
b848b144-29b6-4f35-a494-52d2340d8eb2,14dd262c-168d-4c15-9c82-e61e89f22e8b,153,-695.31,50.78,711.43,6.87,76.09,9.83
b848b144-29b6-4f35-a494-52d2340d8eb2,14dd262c-168d-4c15-9c82-e61e89f22e8b,154,-701.66,8.3,741.21,3.38,75.77,2.66
b848b144-29b6-4f35-a494-52d2340d8eb2,14dd262c-168d-4c15-9c82-e61e89f22e8b,155,-677.73,4.88,725.1,5.5,74.5,3.09
b848b144-29b6-4f35-a494-52d2340d8eb2,14dd262c-168d-4c15-9c82-e61e89f22e8b,156,-745.12,24.41,627.44,24.26,79.87,-8.57
b848b144-29b6-4f35-a494-52d2340d8eb2,14dd262c-168d-4c15-9c82-e61e89f22e8b,157,-736.82,-17.58,676.76,18.82,80.43,-4.73
b848b144-29b6-4f35-a494-52d2340d8eb2,14dd262c-168d-4c15-9c82-e61e89f22e8b,158,-753.91,72.27,572.75,3.5,65.24,1.28
b848b144-29b6-4f35-a494-52d2340d8eb2,14dd262c-168d-4c15-9c82-e61e89f22e8b,159,-778.32,-11.72,503.91,8.82,61.07,-3.85
b848b144-29b6-4f35-a494-52d2340d8eb2,14dd262c-168d-4c15-9c82-e61e89f22e8b,160,-816.89,66.89,412.6,1.21,52.72,0.75
b848b144-29b6-4f35-a494-52d2340d8eb2,14dd262c-168d-4c15-9c82-e61e89f22e8b,161,-872.07,0.98,510.25,13.27,51.09,-5.34
b848b144-29b6-4f35-a494-52d2340d8eb2,14dd262c-168d-4c15-9c82-e61e89f22e8b,162,-929.2,13.67,470.7,8.8,48.15,8.01
b848b144-29b6-4f35-a494-52d2340d8eb2,14dd262c-168d-4c15-9c82-e61e89f22e8b,163,-920.41,26.86,376.46,12.56,47.05,1.43
b848b144-29b6-4f35-a494-52d2340d8eb2,14dd262c-168d-4c15-9c82-e61e89f22e8b,164,-925.78,74.71,384.77,-4.82,34.5,-2.02
b848b144-29b6-4f35-a494-52d2340d8eb2,14dd262c-168d-4c15-9c82-e61e89f22e8b,165,-919.92,35.64,399.41,-13.31,28.73,1.47
b848b144-29b6-4f35-a494-52d2340d8eb2,14dd262c-168d-4c15-9c82-e61e89f22e8b,166,-909.18,21.48,344.73,-15.48,21.78,3.12
b848b144-29b6-4f35-a494-52d2340d8eb2,14dd262c-168d-4c15-9c82-e61e89f22e8b,167,-908.2,5.37,327.64,2.76,26.65,2.76
b848b144-29b6-4f35-a494-52d2340d8eb2,14dd262c-168d-4c15-9c82-e61e89f22e8b,168,-935.06,87.4,324.71,-2.55,13.49,2.7
b848b144-29b6-4f35-a494-52d2340d8eb2,14dd262c-168d-4c15-9c82-e61e89f22e8b,169,-916.5,39.55,331.05,5.04,7.05,3.34
b848b144-29b6-4f35-a494-52d2340d8eb2,14dd262c-168d-4c15-9c82-e61e89f22e8b,170,-935.55,53.71,250.49,4.07,-0.7,7.6
b848b144-29b6-4f35-a494-52d2340d8eb2,14dd262c-168d-4c15-9c82-e61e89f22e8b,171,-939.94,54.2,291.02,12.57,-6.54,0.67
b848b144-29b6-4f35-a494-52d2340d8eb2,14dd262c-168d-4c15-9c82-e61e89f22e8b,172,-927.25,33.69,333.01,6.18,-14.85,-1.05
b848b144-29b6-4f35-a494-52d2340d8eb2,14dd262c-168d-4c15-9c82-e61e89f22e8b,173,-934.57,44.92,243.65,11.27,-22.77,0
b848b144-29b6-4f35-a494-52d2340d8eb2,14dd262c-168d-4c15-9c82-e61e89f22e8b,174,-891.11,111.33,328.12,0.35,-35.61,-5.38
b848b144-29b6-4f35-a494-52d2340d8eb2,14dd262c-168d-4c15-9c82-e61e89f22e8b,175,-923.34,93.26,361.33,-5.65,-44.37,-4.58
b848b144-29b6-4f35-a494-52d2340d8eb2,14dd262c-168d-4c15-9c82-e61e89f22e8b,176,-837.4,-15.63,471.19,12.95,-49.66,-3.5
b848b144-29b6-4f35-a494-52d2340d8eb2,14dd262c-168d-4c15-9c82-e61e89f22e8b,177,-901.86,53.22,351.56,-10.14,-59.56,7.4
b848b144-29b6-4f35-a494-52d2340d8eb2,14dd262c-168d-4c15-9c82-e61e89f22e8b,178,-883.3,88.38,506.35,-25.65,-67.34,-0.29
b848b144-29b6-4f35-a494-52d2340d8eb2,14dd262c-168d-4c15-9c82-e61e89f22e8b,179,-930.66,18.55,475.1,-20.18,-71.02,-2.64
b848b144-29b6-4f35-a494-52d2340d8eb2,14dd262c-168d-4c15-9c82-e61e89f22e8b,180,-807.13,8.79,558.11,-8.56,-76.33,-6.52
b848b144-29b6-4f35-a494-52d2340d8eb2,14dd262c-168d-4c15-9c82-e61e89f22e8b,181,-731.93,31.74,596.19,-3.95,-75.97,-9.95
b848b144-29b6-4f35-a494-52d2340d8eb2,14dd262c-168d-4c15-9c82-e61e89f22e8b,182,-715.33,57.13,667.48,4.51,-83.79,-10.58
b848b144-29b6-4f35-a494-52d2340d8eb2,14dd262c-168d-4c15-9c82-e61e89f22e8b,183,-718.26,22.46,745.12,7.07,-75.08,-19.48
b848b144-29b6-4f35-a494-52d2340d8eb2,14dd262c-168d-4c15-9c82-e61e89f22e8b,184,-652.34,-15.63,841.8,19.27,-68.05,-19.37
b848b144-29b6-4f35-a494-52d2340d8eb2,14dd262c-168d-4c15-9c82-e61e89f22e8b,185,-634.28,22.46,767.58,1.93,-75.85,-10.69
b848b144-29b6-4f35-a494-52d2340d8eb2,14dd262c-168d-4c15-9c82-e61e89f22e8b,186,-561.52,-16.11,897.46,-3.9,-67.38,-12.6
b848b144-29b6-4f35-a494-52d2340d8eb2,14dd262c-168d-4c15-9c82-e61e89f22e8b,187,-601.56,-20.51,866.7,-8.82,-64.24,-14.8
b848b144-29b6-4f35-a494-52d2340d8eb2,14dd262c-168d-4c15-9c82-e61e89f22e8b,188,-551.76,-21.97,879.88,-7.53,-69.47,-18
b848b144-29b6-4f35-a494-52d2340d8eb2,14dd262c-168d-4c15-9c82-e61e89f22e8b,189,-409.18,-83.5,937.99,-8.9,-65.5,-11.34
b848b144-29b6-4f35-a494-52d2340d8eb2,14dd262c-168d-4c15-9c82-e61e89f22e8b,190,-512.21,-83.01,908.69,5.1,-54.48,-4.01
b848b144-29b6-4f35-a494-52d2340d8eb2,14dd262c-168d-4c15-9c82-e61e89f22e8b,191,-470.7,-39.06,895.51,15.55,-57.94,-7.7
b848b144-29b6-4f35-a494-52d2340d8eb2,14dd262c-168d-4c15-9c82-e61e89f22e8b,192,-361.82,-41.02,958.98,4.15,-59.98,-3.52
b848b144-29b6-4f35-a494-52d2340d8eb2,14dd262c-168d-4c15-9c82-e61e89f22e8b,193,-426.76,-29.3,938.96,10.6,-55.84,-4.33
b848b144-29b6-4f35-a494-52d2340d8eb2,14dd262c-168d-4c15-9c82-e61e89f22e8b,194,-297.36,-23.93,933.11,5.28,-66.02,-0.19
b848b144-29b6-4f35-a494-52d2340d8eb2,14dd262c-168d-4c15-9c82-e61e89f22e8b,195,-292.48,-4.88,952.64,2.47,-65.35,-7.38
b848b144-29b6-4f35-a494-52d2340d8eb2,14dd262c-168d-4c15-9c82-e61e89f22e8b,196,-250.98,-45.41,996.58,9.4,-69.8,-8.54
b848b144-29b6-4f35-a494-52d2340d8eb2,14dd262c-168d-4c15-9c82-e61e89f22e8b,197,-240.23,22.46,1019.04,6.69,-64.47,-5.37
b848b144-29b6-4f35-a494-52d2340d8eb2,14dd262c-168d-4c15-9c82-e61e89f22e8b,198,-187.5,17.58,1074.22,-1.05,-62.95,-6
b848b144-29b6-4f35-a494-52d2340d8eb2,14dd262c-168d-4c15-9c82-e61e89f22e8b,199,-176.76,-0.98,1059.57,1.34,-59.64,-15.36
b848b144-29b6-4f35-a494-52d2340d8eb2,14dd262c-168d-4c15-9c82-e61e89f22e8b,200,-56.15,-13.18,1065.92,0.42,-56.65,-13.34
b848b144-29b6-4f35-a494-52d2340d8eb2,14dd262c-168d-4c15-9c82-e61e89f22e8b,201,-97.66,-32.23,1055.66,-1.17,-49.58,-10.44
b848b144-29b6-4f35-a494-52d2340d8eb2,14dd262c-168d-4c15-9c82-e61e89f22e8b,202,-46.88,-22.46,1051.27,8.94,-51.52,-7.65
b848b144-29b6-4f35-a494-52d2340d8eb2,14dd262c-168d-4c15-9c82-e61e89f22e8b,203,32.71,-1.46,1051.27,3.58,-44.98,-7.93
b848b144-29b6-4f35-a494-52d2340d8eb2,14dd262c-168d-4c15-9c82-e61e89f22e8b,204,28.32,-24.41,1042.97,5.8,-38.37,-4.95
b848b144-29b6-4f35-a494-52d2340d8eb2,14dd262c-168d-4c15-9c82-e61e89f22e8b,205,26.86,-16.6,1044.43,0.8,-40.9,0.73
b848b144-29b6-4f35-a494-52d2340d8eb2,14dd262c-168d-4c15-9c82-e61e89f22e8b,206,62.5,-8.3,1066.41,-3.22,-35.76,-6.35
b848b144-29b6-4f35-a494-52d2340d8eb2,14dd262c-168d-4c15-9c82-e61e89f22e8b,207,85.94,-26.37,1076.66,-2.79,-33,-7.9
b848b144-29b6-4f35-a494-52d2340d8eb2,14dd262c-168d-4c15-9c82-e61e89f22e8b,208,87.4,-29.79,1048.34,-5.83,-25.73,-4.56
b848b144-29b6-4f35-a494-52d2340d8eb2,14dd262c-168d-4c15-9c82-e61e89f22e8b,209,88.38,-29.79,1030.27,-4.62,-23.9,-3.24
b848b144-29b6-4f35-a494-52d2340d8eb2,14dd262c-168d-4c15-9c82-e61e89f22e8b,210,139.65,-12.21,1062.5,-1.19,-22.02,0.08
b848b144-29b6-4f35-a494-52d2340d8eb2,14dd262c-168d-4c15-9c82-e61e89f22e8b,211,106.93,4.88,1021.48,-0.03,-16.6,0.55
b848b144-29b6-4f35-a494-52d2340d8eb2,14dd262c-168d-4c15-9c82-e61e89f22e8b,212,171.39,25.88,1039.55,-2.07,-17.7,-5.6
b848b144-29b6-4f35-a494-52d2340d8eb2,14dd262c-168d-4c15-9c82-e61e89f22e8b,213,176.76,3.91,1044.92,-5.12,-12.98,-2.37
b848b144-29b6-4f35-a494-52d2340d8eb2,14dd262c-168d-4c15-9c82-e61e89f22e8b,214,168.46,6.84,1063.96,-7.82,-11.82,-5.72
b848b144-29b6-4f35-a494-52d2340d8eb2,14dd262c-168d-4c15-9c82-e61e89f22e8b,215,178.71,-29.3,1066.41,-9.89,-2.25,-6.31
b848b144-29b6-4f35-a494-52d2340d8eb2,14dd262c-168d-4c15-9c82-e61e89f22e8b,216,177.73,-60.55,1107.42,-5.85,-1.58,-4.26
b848b144-29b6-4f35-a494-52d2340d8eb2,14dd262c-168d-4c15-9c82-e61e89f22e8b,217,217.77,-108.4,1144.53,-7.09,10.73,2.31
b848b144-29b6-4f35-a494-52d2340d8eb2,14dd262c-168d-4c15-9c82-e61e89f22e8b,218,192.87,-96.68,1130.37,-2.49,25.53,7.98
b848b144-29b6-4f35-a494-52d2340d8eb2,14dd262c-168d-4c15-9c82-e61e89f22e8b,219,201.17,-83.01,1136.72,-11.92,42.87,16.81
b848b144-29b6-4f35-a494-52d2340d8eb2,14dd262c-168d-4c15-9c82-e61e89f22e8b,220,147.95,-56.15,1108.4,-7.27,52.02,17.81
b848b144-29b6-4f35-a494-52d2340d8eb2,14dd262c-168d-4c15-9c82-e61e89f22e8b,221,120.61,-74.22,1126.46,-10.58,61.76,21.53
b848b144-29b6-4f35-a494-52d2340d8eb2,14dd262c-168d-4c15-9c82-e61e89f22e8b,222,106.45,-99.12,1108.4,-2.69,74.76,28.73
b848b144-29b6-4f35-a494-52d2340d8eb2,14dd262c-168d-4c15-9c82-e61e89f22e8b,223,57.13,-76.66,1120.12,-1.94,88.83,28.41
b848b144-29b6-4f35-a494-52d2340d8eb2,14dd262c-168d-4c15-9c82-e61e89f22e8b,224,-26.86,-72.27,1085.45,-0.62,100.12,28.98
b848b144-29b6-4f35-a494-52d2340d8eb2,14dd262c-168d-4c15-9c82-e61e89f22e8b,225,-108.4,-68.85,1034.18,-0.17,110.42,30.82
b848b144-29b6-4f35-a494-52d2340d8eb2,14dd262c-168d-4c15-9c82-e61e89f22e8b,226,-134.77,-64.94,1015.14,-1.98,106.49,31.27
b848b144-29b6-4f35-a494-52d2340d8eb2,14dd262c-168d-4c15-9c82-e61e89f22e8b,227,-249.51,-10.25,985.35,-7.81,111.66,31.05
b848b144-29b6-4f35-a494-52d2340d8eb2,14dd262c-168d-4c15-9c82-e61e89f22e8b,228,-299.32,-31.25,976.07,4.88,107.61,25.03
b848b144-29b6-4f35-a494-52d2340d8eb2,14dd262c-168d-4c15-9c82-e61e89f22e8b,229,-318.36,-38.09,930.66,5.2,111.92,24.26
b848b144-29b6-4f35-a494-52d2340d8eb2,14dd262c-168d-4c15-9c82-e61e89f22e8b,230,-428.22,13.67,797.85,14.34,111.22,18.74
b848b144-29b6-4f35-a494-52d2340d8eb2,14dd262c-168d-4c15-9c82-e61e89f22e8b,231,-414.55,-29.79,912.6,23.32,114.71,14.38
b848b144-29b6-4f35-a494-52d2340d8eb2,14dd262c-168d-4c15-9c82-e61e89f22e8b,232,-625.49,9.28,787.11,17.95,117.23,10.35
b848b144-29b6-4f35-a494-52d2340d8eb2,14dd262c-168d-4c15-9c82-e61e89f22e8b,233,-672.85,86.91,722.66,8.29,94.21,6.38
b848b144-29b6-4f35-a494-52d2340d8eb2,14dd262c-168d-4c15-9c82-e61e89f22e8b,234,-704.59,10.25,671.87,1.8,98.49,1.05
b848b144-29b6-4f35-a494-52d2340d8eb2,14dd262c-168d-4c15-9c82-e61e89f22e8b,235,-764.65,21.97,617.68,11.97,82.85,0.67
b848b144-29b6-4f35-a494-52d2340d8eb2,14dd262c-168d-4c15-9c82-e61e89f22e8b,236,-696.78,-27.83,648.44,22.33,80.14,-4.09
b848b144-29b6-4f35-a494-52d2340d8eb2,14dd262c-168d-4c15-9c82-e61e89f22e8b,237,-787.6,68.85,510.74,5.47,73.38,2.92
b848b144-29b6-4f35-a494-52d2340d8eb2,14dd262c-168d-4c15-9c82-e61e89f22e8b,238,-826.66,11.23,584.47,7.5,70.66,0.92
b848b144-29b6-4f35-a494-52d2340d8eb2,14dd262c-168d-4c15-9c82-e61e89f22e8b,239,-808.11,12.21,570.31,-1.47,67.94,1.27
b848b144-29b6-4f35-a494-52d2340d8eb2,14dd262c-168d-4c15-9c82-e61e89f22e8b,240,-859.37,99.12,407.23,-5.18,43.77,13.41
b848b144-29b6-4f35-a494-52d2340d8eb2,14dd262c-168d-4c15-9c82-e61e89f22e8b,241,-821.29,-93.75,659.67,18.51,59.54,3.09
b848b144-29b6-4f35-a494-52d2340d8eb2,14dd262c-168d-4c15-9c82-e61e89f22e8b,242,-1005.37,43.95,270.51,0.4,51.51,10.6
b848b144-29b6-4f35-a494-52d2340d8eb2,14dd262c-168d-4c15-9c82-e61e89f22e8b,243,-891.11,85.94,371.58,3.81,35.81,2.5
b848b144-29b6-4f35-a494-52d2340d8eb2,14dd262c-168d-4c15-9c82-e61e89f22e8b,244,-948.24,-33.2,449.22,5.6,48.99,5.11
b848b144-29b6-4f35-a494-52d2340d8eb2,14dd262c-168d-4c15-9c82-e61e89f22e8b,245,-953.61,51.27,236.82,0.26,22.79,12.07
b848b144-29b6-4f35-a494-52d2340d8eb2,14dd262c-168d-4c15-9c82-e61e89f22e8b,246,-927.25,45.41,297.36,5.11,37.01,7.73
b848b144-29b6-4f35-a494-52d2340d8eb2,14dd262c-168d-4c15-9c82-e61e89f22e8b,247,-942.87,141.6,167.48,-9.31,8.17,8.73
b848b144-29b6-4f35-a494-52d2340d8eb2,14dd262c-168d-4c15-9c82-e61e89f22e8b,248,-903.81,79.59,242.68,-8.42,-4.46,4.3
b848b144-29b6-4f35-a494-52d2340d8eb2,14dd262c-168d-4c15-9c82-e61e89f22e8b,249,-942.87,105.47,154.3,-12.79,-20.64,4.97
b848b144-29b6-4f35-a494-52d2340d8eb2,14dd262c-168d-4c15-9c82-e61e89f22e8b,250,-933.59,114.26,272.95,-10.77,-38.11,-1.4
b848b144-29b6-4f35-a494-52d2340d8eb2,14dd262c-168d-4c15-9c82-e61e89f22e8b,251,-911.62,40.04,290.04,24.24,-38.79,-2.34
b848b144-29b6-4f35-a494-52d2340d8eb2,14dd262c-168d-4c15-9c82-e61e89f22e8b,252,-849.61,140.62,256.84,3.01,-68.65,1.58
b848b144-29b6-4f35-a494-52d2340d8eb2,14dd262c-168d-4c15-9c82-e61e89f22e8b,253,-791.02,36.13,500.49,4.18,-55.38,-3.41
b848b144-29b6-4f35-a494-52d2340d8eb2,14dd262c-168d-4c15-9c82-e61e89f22e8b,254,-850.1,143.55,315.92,5.54,-80.21,2.37
b848b144-29b6-4f35-a494-52d2340d8eb2,14dd262c-168d-4c15-9c82-e61e89f22e8b,255,-859.37,133.79,502.93,-34.6,-86.69,1.5
b848b144-29b6-4f35-a494-52d2340d8eb2,14dd262c-168d-4c15-9c82-e61e89f22e8b,256,-881.84,24.9,648.44,-21.36,-74.7,-17.95
b848b144-29b6-4f35-a494-52d2340d8eb2,14dd262c-168d-4c15-9c82-e61e89f22e8b,257,-770.02,17.09,725.59,6.5,-79.28,-15.95
b848b144-29b6-4f35-a494-52d2340d8eb2,14dd262c-168d-4c15-9c82-e61e89f22e8b,258,-738.28,17.09,756.35,14.25,-67.97,-19.79
b848b144-29b6-4f35-a494-52d2340d8eb2,14dd262c-168d-4c15-9c82-e61e89f22e8b,259,-714.36,50.78,679.2,24.82,-63.05,-16.27
b848b144-29b6-4f35-a494-52d2340d8eb2,14dd262c-168d-4c15-9c82-e61e89f22e8b,260,-668.46,92.77,659.18,0.01,-80.33,-7.73
b848b144-29b6-4f35-a494-52d2340d8eb2,14dd262c-168d-4c15-9c82-e61e89f22e8b,261,-644.04,30.27,753.91,-11.08,-82.22,-21.27
b848b144-29b6-4f35-a494-52d2340d8eb2,14dd262c-168d-4c15-9c82-e61e89f22e8b,262,-563.48,-1.95,803.22,-12.63,-86.04,-17.18
b848b144-29b6-4f35-a494-52d2340d8eb2,14dd262c-168d-4c15-9c82-e61e89f22e8b,263,-570.8,-51.27,842.77,-4.4,-79.47,-24.91
b848b144-29b6-4f35-a494-52d2340d8eb2,14dd262c-168d-4c15-9c82-e61e89f22e8b,264,-503.42,-58.11,854.98,19.02,-85.97,-13.24
b848b144-29b6-4f35-a494-52d2340d8eb2,14dd262c-168d-4c15-9c82-e61e89f22e8b,265,-468.75,-57.62,941.89,4,-78.88,-4.4
b848b144-29b6-4f35-a494-52d2340d8eb2,14dd262c-168d-4c15-9c82-e61e89f22e8b,266,-506.35,-34.67,954.1,13.76,-72.13,-9.87
b848b144-29b6-4f35-a494-52d2340d8eb2,14dd262c-168d-4c15-9c82-e61e89f22e8b,267,-428.22,22.95,920.41,10.74,-77.57,-3.15
b848b144-29b6-4f35-a494-52d2340d8eb2,14dd262c-168d-4c15-9c82-e61e89f22e8b,268,-326.66,73.24,987.79,-16.13,-84.67,-2.97
b848b144-29b6-4f35-a494-52d2340d8eb2,14dd262c-168d-4c15-9c82-e61e89f22e8b,269,-327.15,-31.74,955.57,-7.98,-73.32,-14.21
b848b144-29b6-4f35-a494-52d2340d8eb2,14dd262c-168d-4c15-9c82-e61e89f22e8b,270,-260.25,-15.14,988.28,0.4,-74.28,-5.25
b848b144-29b6-4f35-a494-52d2340d8eb2,14dd262c-168d-4c15-9c82-e61e89f22e8b,271,-198.73,-6.35,1029.79,6.72,-59.57,-8.95
b848b144-29b6-4f35-a494-52d2340d8eb2,14dd262c-168d-4c15-9c82-e61e89f22e8b,272,-253.91,-15.14,1052.25,6.6,-65.6,0.64
b848b144-29b6-4f35-a494-52d2340d8eb2,14dd262c-168d-4c15-9c82-e61e89f22e8b,273,-151.86,18.55,1076.66,2.89,-48.81,-8.32
b848b144-29b6-4f35-a494-52d2340d8eb2,14dd262c-168d-4c15-9c82-e61e89f22e8b,274,-179.69,27.83,987.3,7.79,-57.23,-3.62
b848b144-29b6-4f35-a494-52d2340d8eb2,14dd262c-168d-4c15-9c82-e61e89f22e8b,275,-59.08,7.81,1006.35,1.52,-67.05,-2.9
b848b144-29b6-4f35-a494-52d2340d8eb2,14dd262c-168d-4c15-9c82-e61e89f22e8b,276,17.58,-9.77,1054.2,-0.02,-57.75,-0.21
b848b144-29b6-4f35-a494-52d2340d8eb2,14dd262c-168d-4c15-9c82-e61e89f22e8b,277,-13.67,-39.55,1056.64,5.4,-47.89,0.67
b848b144-29b6-4f35-a494-52d2340d8eb2,14dd262c-168d-4c15-9c82-e61e89f22e8b,278,18.07,38.57,1065.92,5.97,-46.5,0.06
b848b144-29b6-4f35-a494-52d2340d8eb2,14dd262c-168d-4c15-9c82-e61e89f22e8b,279,75.2,31.25,1095.7,0.08,-41.54,0.27
b848b144-29b6-4f35-a494-52d2340d8eb2,14dd262c-168d-4c15-9c82-e61e89f22e8b,280,48.83,63.96,1062.99,-2.87,-32.29,1.23
b848b144-29b6-4f35-a494-52d2340d8eb2,14dd262c-168d-4c15-9c82-e61e89f22e8b,281,76.66,50.29,1034.18,-0.77,-33.11,-3.26
b848b144-29b6-4f35-a494-52d2340d8eb2,14dd262c-168d-4c15-9c82-e61e89f22e8b,282,83.01,14.16,1047.36,2.18,-34.29,-7.4
b848b144-29b6-4f35-a494-52d2340d8eb2,14dd262c-168d-4c15-9c82-e61e89f22e8b,283,133.79,11.72,1058.11,8.52,-30.46,-3.48
b848b144-29b6-4f35-a494-52d2340d8eb2,14dd262c-168d-4c15-9c82-e61e89f22e8b,284,175.29,33.69,1108.89,6.03,-25.7,-0.42
b848b144-29b6-4f35-a494-52d2340d8eb2,14dd262c-168d-4c15-9c82-e61e89f22e8b,285,104.98,31.25,1071.78,-0.85,-19.46,-2.16
b848b144-29b6-4f35-a494-52d2340d8eb2,14dd262c-168d-4c15-9c82-e61e89f22e8b,286,186.04,22.46,1088.87,-2.58,-12.93,-4.24
b848b144-29b6-4f35-a494-52d2340d8eb2,14dd262c-168d-4c15-9c82-e61e89f22e8b,287,167.48,19.04,1074.22,-2.66,-2.12,1.31
b848b144-29b6-4f35-a494-52d2340d8eb2,14dd262c-168d-4c15-9c82-e61e89f22e8b,288,149.9,3.91,1022.46,2.02,-0.41,2.46
b848b144-29b6-4f35-a494-52d2340d8eb2,14dd262c-168d-4c15-9c82-e61e89f22e8b,289,175.29,33.2,1030.76,-0.56,2.58,0.44
b848b144-29b6-4f35-a494-52d2340d8eb2,14dd262c-168d-4c15-9c82-e61e89f22e8b,290,142.58,36.13,993.65,-0.05,2.41,1.95
b848b144-29b6-4f35-a494-52d2340d8eb2,14dd262c-168d-4c15-9c82-e61e89f22e8b,291,159.18,34.67,990.23,-0.88,1.01,1.23
b848b144-29b6-4f35-a494-52d2340d8eb2,14dd262c-168d-4c15-9c82-e61e89f22e8b,292,138.18,29.3,1010.25,-1.01,-2.18,1.4
b848b144-29b6-4f35-a494-52d2340d8eb2,14dd262c-168d-4c15-9c82-e61e89f22e8b,293,141.6,5.86,1024.9,-1.84,-4.74,-1.17
b848b144-29b6-4f35-a494-52d2340d8eb2,14dd262c-168d-4c15-9c82-e61e89f22e8b,294,172.85,3.91,1036.13,3.7,-3.08,-2
b848b144-29b6-4f35-a494-52d2340d8eb2,14dd262c-168d-4c15-9c82-e61e89f22e8b,295,208.98,9.28,1040.04,-2.65,2.15,2.44
b848b144-29b6-4f35-a494-52d2340d8eb2,14dd262c-168d-4c15-9c82-e61e89f22e8b,296,172.85,2.44,1048.34,-3.64,8.29,2.89
b848b144-29b6-4f35-a494-52d2340d8eb2,14dd262c-168d-4c15-9c82-e61e89f22e8b,297,180.66,27.34,1092.77,-6.49,12.63,2.93
b848b144-29b6-4f35-a494-52d2340d8eb2,14dd262c-168d-4c15-9c82-e61e89f22e8b,298,152.34,-36.62,1132.32,-5.4,23.72,10.85
b848b144-29b6-4f35-a494-52d2340d8eb2,14dd262c-168d-4c15-9c82-e61e89f22e8b,299,120.61,-26.86,1108.4,-2.26,29.82,11.59
b848b144-29b6-4f35-a494-52d2340d8eb2,14dd262c-168d-4c15-9c82-e61e89f22e8b,300,134.77,-5.86,1125.49,1.13,39.98,15.08
b848b144-29b6-4f35-a494-52d2340d8eb2,14dd262c-168d-4c15-9c82-e61e89f22e8b,301,140.14,-27.34,1088.87,3.24,50.18,19.61
b848b144-29b6-4f35-a494-52d2340d8eb2,14dd262c-168d-4c15-9c82-e61e89f22e8b,302,83.5,20.02,1069.34,-3.57,61.11,19.96
b848b144-29b6-4f35-a494-52d2340d8eb2,14dd262c-168d-4c15-9c82-e61e89f22e8b,303,93.75,24.9,1066.41,-9.59,66.81,17.55
b848b144-29b6-4f35-a494-52d2340d8eb2,14dd262c-168d-4c15-9c82-e61e89f22e8b,304,24.9,7.81,1103.52,-12.95,78.49,18.08
b848b144-29b6-4f35-a494-52d2340d8eb2,14dd262c-168d-4c15-9c82-e61e89f22e8b,305,-45.41,-23.44,1105.47,-7.05,87.47,12.68
b848b144-29b6-4f35-a494-52d2340d8eb2,14dd262c-168d-4c15-9c82-e61e89f22e8b,306,-58.11,-34.67,1089.36,-8.84,96.63,23.81
b848b144-29b6-4f35-a494-52d2340d8eb2,14dd262c-168d-4c15-9c82-e61e89f22e8b,307,-149.9,-16.11,1060.55,-2.27,103.81,22.07
b848b144-29b6-4f35-a494-52d2340d8eb2,14dd262c-168d-4c15-9c82-e61e89f22e8b,308,-234.86,2.93,1033.69,-1.51,105.26,21.37
b848b144-29b6-4f35-a494-52d2340d8eb2,14dd262c-168d-4c15-9c82-e61e89f22e8b,309,-245.12,17.58,1010.74,-1.98,109.67,15.42
b848b144-29b6-4f35-a494-52d2340d8eb2,14dd262c-168d-4c15-9c82-e61e89f22e8b,310,-305.18,3.42,961.43,4.26,112.76,14.84
b848b144-29b6-4f35-a494-52d2340d8eb2,14dd262c-168d-4c15-9c82-e61e89f22e8b,311,-437.99,10.25,926.27,16.15,114.77,8.4
b848b144-29b6-4f35-a494-52d2340d8eb2,14dd262c-168d-4c15-9c82-e61e89f22e8b,312,-435.55,35.64,839.36,10.73,115.01,13.05
b848b144-29b6-4f35-a494-52d2340d8eb2,14dd262c-168d-4c15-9c82-e61e89f22e8b,313,-508.3,41.5,830.08,5.92,119.09,9.29
b848b144-29b6-4f35-a494-52d2340d8eb2,14dd262c-168d-4c15-9c82-e61e89f22e8b,314,-634.28,-0.49,772.95,13.24,122.45,10.4
b848b144-29b6-4f35-a494-52d2340d8eb2,14dd262c-168d-4c15-9c82-e61e89f22e8b,315,-686.52,77.15,628.42,-2.27,108.76,10.47
b848b144-29b6-4f35-a494-52d2340d8eb2,14dd262c-168d-4c15-9c82-e61e89f22e8b,316,-721.68,-27.34,625.49,9.44,109.27,2.82
b848b144-29b6-4f35-a494-52d2340d8eb2,14dd262c-168d-4c15-9c82-e61e89f22e8b,317,-834.47,140.14,515.14,-6.05,91.34,8.47
b848b144-29b6-4f35-a494-52d2340d8eb2,14dd262c-168d-4c15-9c82-e61e89f22e8b,318,-763.67,42.97,534.67,4.02,80.63,-7.47
b848b144-29b6-4f35-a494-52d2340d8eb2,14dd262c-168d-4c15-9c82-e61e89f22e8b,319,-820.8,62.99,509.28,16.69,66.81,-2.6
b848b144-29b6-4f35-a494-52d2340d8eb2,14dd262c-168d-4c15-9c82-e61e89f22e8b,320,-853.52,32.71,536.13,4.61,58.86,-6.36
b848b144-29b6-4f35-a494-52d2340d8eb2,14dd262c-168d-4c15-9c82-e61e89f22e8b,321,-848.63,-21.48,533.69,17.42,59.37,-4.13
b848b144-29b6-4f35-a494-52d2340d8eb2,14dd262c-168d-4c15-9c82-e61e89f22e8b,322,-965.33,37.11,388.18,3.89,55.99,2.47
b848b144-29b6-4f35-a494-52d2340d8eb2,14dd262c-168d-4c15-9c82-e61e89f22e8b,323,-931.64,39.06,313.96,-3.05,50.05,4.76
b848b144-29b6-4f35-a494-52d2340d8eb2,14dd262c-168d-4c15-9c82-e61e89f22e8b,324,-916.99,44.92,350.59,18.4,49.66,4.93
b848b144-29b6-4f35-a494-52d2340d8eb2,14dd262c-168d-4c15-9c82-e61e89f22e8b,325,-900.39,58.11,267.58,7.02,32.98,6.02
b848b144-29b6-4f35-a494-52d2340d8eb2,14dd262c-168d-4c15-9c82-e61e89f22e8b,326,-902.83,139.16,227.54,-10.32,23.77,6.36
b848b144-29b6-4f35-a494-52d2340d8eb2,14dd262c-168d-4c15-9c82-e61e89f22e8b,327,-909.67,149.41,156.25,-14.89,4.7,2.08
b848b144-29b6-4f35-a494-52d2340d8eb2,14dd262c-168d-4c15-9c82-e61e89f22e8b,328,-933.11,63.48,135.74,-11.4,-15.44,4.65
b848b144-29b6-4f35-a494-52d2340d8eb2,14dd262c-168d-4c15-9c82-e61e89f22e8b,329,-957.03,97.17,182.13,-10.04,-36.05,7.66
b848b144-29b6-4f35-a494-52d2340d8eb2,14dd262c-168d-4c15-9c82-e61e89f22e8b,330,-914.55,75.2,279.3,-0.75,-45.88,5.61
b848b144-29b6-4f35-a494-52d2340d8eb2,14dd262c-168d-4c15-9c82-e61e89f22e8b,331,-896,54.69,325.68,15.85,-52.01,3.71
b848b144-29b6-4f35-a494-52d2340d8eb2,14dd262c-168d-4c15-9c82-e61e89f22e8b,332,-892.09,91.31,325.2,-7.14,-73.54,7.37
b848b144-29b6-4f35-a494-52d2340d8eb2,14dd262c-168d-4c15-9c82-e61e89f22e8b,333,-827.64,102.54,416.5,-5.37,-72.37,2.28
b848b144-29b6-4f35-a494-52d2340d8eb2,14dd262c-168d-4c15-9c82-e61e89f22e8b,334,-865.23,146.48,396.48,-10.4,-97.26,2.99
b848b144-29b6-4f35-a494-52d2340d8eb2,14dd262c-168d-4c15-9c82-e61e89f22e8b,335,-872.56,99.12,551.76,-6,-99.06,-17.79
b848b144-29b6-4f35-a494-52d2340d8eb2,14dd262c-168d-4c15-9c82-e61e89f22e8b,336,-684.08,163.09,685.55,3.27,-116.56,-15.27
b848b144-29b6-4f35-a494-52d2340d8eb2,14dd262c-168d-4c15-9c82-e61e89f22e8b,337,-647.46,82.52,712.89,-21.58,-116.42,-11.95
b848b144-29b6-4f35-a494-52d2340d8eb2,14dd262c-168d-4c15-9c82-e61e89f22e8b,338,-566.41,-41.02,880.86,-8.22,-88.08,-16.92
b848b144-29b6-4f35-a494-52d2340d8eb2,14dd262c-168d-4c15-9c82-e61e89f22e8b,339,-627.93,17.58,793.95,5.37,-92.1,-1.68
b848b144-29b6-4f35-a494-52d2340d8eb2,14dd262c-168d-4c15-9c82-e61e89f22e8b,340,-655.76,64.94,795.41,1.97,-85.73,-4.86
b848b144-29b6-4f35-a494-52d2340d8eb2,14dd262c-168d-4c15-9c82-e61e89f22e8b,341,-513.18,66.89,900.39,-3.88,-91.64,-5.59
b848b144-29b6-4f35-a494-52d2340d8eb2,14dd262c-168d-4c15-9c82-e61e89f22e8b,342,-474.61,-6.35,924.32,-10.6,-91.27,-4.16
b848b144-29b6-4f35-a494-52d2340d8eb2,14dd262c-168d-4c15-9c82-e61e89f22e8b,343,-469.73,78.12,844.73,6.1,-91.18,-7.56
b848b144-29b6-4f35-a494-52d2340d8eb2,14dd262c-168d-4c15-9c82-e61e89f22e8b,344,-300.78,48.83,958.5,-15.4,-92.47,-8.4
b848b144-29b6-4f35-a494-52d2340d8eb2,14dd262c-168d-4c15-9c82-e61e89f22e8b,345,-302.73,6.84,1020.02,4.2,-77.76,-26.11
b848b144-29b6-4f35-a494-52d2340d8eb2,14dd262c-168d-4c15-9c82-e61e89f22e8b,346,-324.71,72.75,945.31,23.06,-81.77,-15.08
b848b144-29b6-4f35-a494-52d2340d8eb2,14dd262c-168d-4c15-9c82-e61e89f22e8b,347,-166.5,44.92,980.96,12.26,-94.38,-20.9
b848b144-29b6-4f35-a494-52d2340d8eb2,14dd262c-168d-4c15-9c82-e61e89f22e8b,348,-184.08,-12.7,1011.23,11.51,-85.95,-20.01
b848b144-29b6-4f35-a494-52d2340d8eb2,14dd262c-168d-4c15-9c82-e61e89f22e8b,349,-179.2,24.9,1002.44,21.5,-90.38,-16.57
b848b144-29b6-4f35-a494-52d2340d8eb2,14dd262c-168d-4c15-9c82-e61e89f22e8b,350,-156.74,125,1086.91,-11.73,-84.69,-11.45
b848b144-29b6-4f35-a494-52d2340d8eb2,14dd262c-168d-4c15-9c82-e61e89f22e8b,351,0,-3.91,1103.52,-4.37,-80.54,-12.47
b848b144-29b6-4f35-a494-52d2340d8eb2,14dd262c-168d-4c15-9c82-e61e89f22e8b,352,91.31,-30.76,1156.25,-7.89,-64.52,-6.95
b848b144-29b6-4f35-a494-52d2340d8eb2,14dd262c-168d-4c15-9c82-e61e89f22e8b,353,10.25,9.28,1072.27,8.64,-43.45,-2.88
b848b144-29b6-4f35-a494-52d2340d8eb2,14dd262c-168d-4c15-9c82-e61e89f22e8b,354,84.96,49.32,1042.48,7.19,-47.21,-3.86
b848b144-29b6-4f35-a494-52d2340d8eb2,14dd262c-168d-4c15-9c82-e61e89f22e8b,355,136.72,56.15,1075.2,8.39,-41.95,3.63
b848b144-29b6-4f35-a494-52d2340d8eb2,14dd262c-168d-4c15-9c82-e61e89f22e8b,356,48.34,25.39,1041.5,3.56,-32.65,-0.34
b848b144-29b6-4f35-a494-52d2340d8eb2,14dd262c-168d-4c15-9c82-e61e89f22e8b,357,97.66,86.91,1015.62,11.04,-44.94,-2.93
b848b144-29b6-4f35-a494-52d2340d8eb2,14dd262c-168d-4c15-9c82-e61e89f22e8b,358,198.73,82.03,1024.41,4.52,-39.99,-0.37
b848b144-29b6-4f35-a494-52d2340d8eb2,14dd262c-168d-4c15-9c82-e61e89f22e8b,359,147.46,41.5,1026.86,4.3,-30.95,-0.35
b848b144-29b6-4f35-a494-52d2340d8eb2,14dd262c-168d-4c15-9c82-e61e89f22e8b,360,215.33,95.7,1046.88,0.43,-25.4,-4.74
b848b144-29b6-4f35-a494-52d2340d8eb2,14dd262c-168d-4c15-9c82-e61e89f22e8b,361,210.45,96.68,1050.29,-7.41,-22.79,-2.15
b848b144-29b6-4f35-a494-52d2340d8eb2,14dd262c-168d-4c15-9c82-e61e89f22e8b,362,220.21,56.64,1037.11,-8.04,-23.31,-2.73
b848b144-29b6-4f35-a494-52d2340d8eb2,14dd262c-168d-4c15-9c82-e61e89f22e8b,363,249.02,51.27,1058.59,-5.55,-10.9,1.83
b848b144-29b6-4f35-a494-52d2340d8eb2,14dd262c-168d-4c15-9c82-e61e89f22e8b,364,243.16,54.69,1074.71,-5.27,-4.38,0.74
b848b144-29b6-4f35-a494-52d2340d8eb2,14dd262c-168d-4c15-9c82-e61e89f22e8b,365,233.4,45.9,1057.13,-4.45,-1.15,-0.43
b848b144-29b6-4f35-a494-52d2340d8eb2,14dd262c-168d-4c15-9c82-e61e89f22e8b,366,223.14,42.97,1042.97,-3.46,7.86,-0.66
b848b144-29b6-4f35-a494-52d2340d8eb2,14dd262c-168d-4c15-9c82-e61e89f22e8b,367,198.73,33.69,1002.44,-0.75,9.92,0.64
b848b144-29b6-4f35-a494-52d2340d8eb2,14dd262c-168d-4c15-9c82-e61e89f22e8b,368,211.91,42.48,979.98,3.82,3.53,-1.15
b848b144-29b6-4f35-a494-52d2340d8eb2,14dd262c-168d-4c15-9c82-e61e89f22e8b,369,206.54,50.78,968.75,-3.32,3.62,0.31
b848b144-29b6-4f35-a494-52d2340d8eb2,14dd262c-168d-4c15-9c82-e61e89f22e8b,370,184.08,35.16,962.89,0.28,-0.1,-1.62
b848b144-29b6-4f35-a494-52d2340d8eb2,14dd262c-168d-4c15-9c82-e61e89f22e8b,371,195.8,36.13,992.68,1.74,-4.22,-2.18
b848b144-29b6-4f35-a494-52d2340d8eb2,14dd262c-168d-4c15-9c82-e61e89f22e8b,372,216.31,54.2,1001.46,-0.98,-5.77,1.42
b848b144-29b6-4f35-a494-52d2340d8eb2,14dd262c-168d-4c15-9c82-e61e89f22e8b,373,207.52,45.9,1011.72,-0.31,-1.81,-1.67
b848b144-29b6-4f35-a494-52d2340d8eb2,14dd262c-168d-4c15-9c82-e61e89f22e8b,374,213.87,56.15,1013.67,-1.99,-3.24,-2.55
b848b144-29b6-4f35-a494-52d2340d8eb2,14dd262c-168d-4c15-9c82-e61e89f22e8b,375,206.54,23.93,1000.98,-1.02,0.09,0.16
b848b144-29b6-4f35-a494-52d2340d8eb2,14dd262c-168d-4c15-9c82-e61e89f22e8b,376,229.49,32.71,1020.51,1.53,0.5,4.23
b848b144-29b6-4f35-a494-52d2340d8eb2,14dd262c-168d-4c15-9c82-e61e89f22e8b,377,207.52,43.95,993.16,2.92,1.67,2.37
b848b144-29b6-4f35-a494-52d2340d8eb2,14dd262c-168d-4c15-9c82-e61e89f22e8b,378,229.98,76.66,1011.23,2.5,-1.02,0.15
b848b144-29b6-4f35-a494-52d2340d8eb2,14dd262c-168d-4c15-9c82-e61e89f22e8b,379,224.12,43.95,1018.55,-0.32,1.23,2.06
b848b144-29b6-4f35-a494-52d2340d8eb2,14dd262c-168d-4c15-9c82-e61e89f22e8b,380,201.66,56.64,1010.74,-2.19,-0.45,-0.9
b848b144-29b6-4f35-a494-52d2340d8eb2,14dd262c-168d-4c15-9c82-e61e89f22e8b,381,192.87,55.66,1026.37,-1.66,4.86,-0.02
b848b144-29b6-4f35-a494-52d2340d8eb2,14dd262c-168d-4c15-9c82-e61e89f22e8b,382,216.31,42.97,1020.51,-5.47,6.37,1.07
b848b144-29b6-4f35-a494-52d2340d8eb2,14dd262c-168d-4c15-9c82-e61e89f22e8b,383,168.95,25.88,1027.83,-4.57,8.74,-1.64
b848b144-29b6-4f35-a494-52d2340d8eb2,14dd262c-168d-4c15-9c82-e61e89f22e8b,384,199.22,56.15,1006.84,-1.6,7.9,0.73
b848b144-29b6-4f35-a494-52d2340d8eb2,14dd262c-168d-4c15-9c82-e61e89f22e8b,385,217.77,32.71,1041.99,-5.7,15.36,0.94
b848b144-29b6-4f35-a494-52d2340d8eb2,14dd262c-168d-4c15-9c82-e61e89f22e8b,386,176.76,16.6,1055.66,-6.16,21.73,5.34
b848b144-29b6-4f35-a494-52d2340d8eb2,14dd262c-168d-4c15-9c82-e61e89f22e8b,387,146.97,32.23,1067.38,-6.23,25.21,4.67
b848b144-29b6-4f35-a494-52d2340d8eb2,14dd262c-168d-4c15-9c82-e61e89f22e8b,388,183.59,31.25,1095.21,-7.49,29.65,3.69
b848b144-29b6-4f35-a494-52d2340d8eb2,14dd262c-168d-4c15-9c82-e61e89f22e8b,389,194.34,37.11,1097.17,-10.13,38.65,2.94
b848b144-29b6-4f35-a494-52d2340d8eb2,14dd262c-168d-4c15-9c82-e61e89f22e8b,390,157.71,-3.91,1104.98,-6.57,53.69,3.58
b848b144-29b6-4f35-a494-52d2340d8eb2,14dd262c-168d-4c15-9c82-e61e89f22e8b,391,100.1,-8.79,1081.54,-8.32,65.9,5.69
b848b144-29b6-4f35-a494-52d2340d8eb2,14dd262c-168d-4c15-9c82-e61e89f22e8b,392,73.73,-22.46,1081.05,-6.23,68.93,8.53
b848b144-29b6-4f35-a494-52d2340d8eb2,14dd262c-168d-4c15-9c82-e61e89f22e8b,393,25.88,-29.3,1066.41,-4.57,79.11,11.04
b848b144-29b6-4f35-a494-52d2340d8eb2,14dd262c-168d-4c15-9c82-e61e89f22e8b,394,-66.41,-50.29,1046.39,0.05,86.61,15.71
b848b144-29b6-4f35-a494-52d2340d8eb2,14dd262c-168d-4c15-9c82-e61e89f22e8b,395,-71.78,16.6,1106.45,1.08,87.26,17.9
b848b144-29b6-4f35-a494-52d2340d8eb2,14dd262c-168d-4c15-9c82-e61e89f22e8b,396,-150.88,-41.02,1044.92,5.52,102.4,22.16
b848b144-29b6-4f35-a494-52d2340d8eb2,14dd262c-168d-4c15-9c82-e61e89f22e8b,397,-266.11,44.92,1021.97,-6.17,94.85,20.03
b848b144-29b6-4f35-a494-52d2340d8eb2,14dd262c-168d-4c15-9c82-e61e89f22e8b,398,-231.45,-4.39,1057.62,2.43,105.06,13.24
b848b144-29b6-4f35-a494-52d2340d8eb2,14dd262c-168d-4c15-9c82-e61e89f22e8b,399,-334.47,88.38,981.93,-1.95,111.22,16.83
b848b144-29b6-4f35-a494-52d2340d8eb2,14dd262c-168d-4c15-9c82-e61e89f22e8b,400,-359.86,38.57,943.36,4.55,111.36,9.37
b848b144-29b6-4f35-a494-52d2340d8eb2,14dd262c-168d-4c15-9c82-e61e89f22e8b,401,-431.64,38.09,888.18,2.72,111.92,10.8
b848b144-29b6-4f35-a494-52d2340d8eb2,14dd262c-168d-4c15-9c82-e61e89f22e8b,402,-505.86,17.09,871.58,21.32,120.53,9.09
b848b144-29b6-4f35-a494-52d2340d8eb2,14dd262c-168d-4c15-9c82-e61e89f22e8b,403,-613.28,79.59,721.19,16.02,118.66,7.78
b848b144-29b6-4f35-a494-52d2340d8eb2,14dd262c-168d-4c15-9c82-e61e89f22e8b,404,-662.11,83.5,732.42,17.66,102.47,-1.66
b848b144-29b6-4f35-a494-52d2340d8eb2,14dd262c-168d-4c15-9c82-e61e89f22e8b,405,-735.84,101.56,646.97,9.25,98.48,-0.61
b848b144-29b6-4f35-a494-52d2340d8eb2,14dd262c-168d-4c15-9c82-e61e89f22e8b,406,-756.84,94.73,664.06,6,82.87,-2.18
b848b144-29b6-4f35-a494-52d2340d8eb2,14dd262c-168d-4c15-9c82-e61e89f22e8b,407,-782.71,25.39,652.83,12.18,88.66,-3.22
b848b144-29b6-4f35-a494-52d2340d8eb2,14dd262c-168d-4c15-9c82-e61e89f22e8b,408,-827.15,39.06,479,18.81,75.08,-5.58
b848b144-29b6-4f35-a494-52d2340d8eb2,14dd262c-168d-4c15-9c82-e61e89f22e8b,409,-793.95,16.6,550.78,36.08,77.34,-6.75
b848b144-29b6-4f35-a494-52d2340d8eb2,14dd262c-168d-4c15-9c82-e61e89f22e8b,410,-824.71,39.06,370.12,38.08,71.54,-4.97
b848b144-29b6-4f35-a494-52d2340d8eb2,14dd262c-168d-4c15-9c82-e61e89f22e8b,411,-887.21,46.88,331.05,30.56,53.02,0.6
b848b144-29b6-4f35-a494-52d2340d8eb2,14dd262c-168d-4c15-9c82-e61e89f22e8b,412,-892.09,94.73,282.71,30.67,45.05,-0.3
b848b144-29b6-4f35-a494-52d2340d8eb2,14dd262c-168d-4c15-9c82-e61e89f22e8b,413,-887.21,22.46,331.54,39.5,35.26,-2.69
b848b144-29b6-4f35-a494-52d2340d8eb2,14dd262c-168d-4c15-9c82-e61e89f22e8b,414,-978.03,83.5,249.02,51.89,24.36,-4.28
b848b144-29b6-4f35-a494-52d2340d8eb2,14dd262c-168d-4c15-9c82-e61e89f22e8b,415,-872.07,202.64,163.09,23.94,7.12,-2.34
b848b144-29b6-4f35-a494-52d2340d8eb2,14dd262c-168d-4c15-9c82-e61e89f22e8b,416,-891.11,241.21,229.49,9.99,-13.98,-8.82
b848b144-29b6-4f35-a494-52d2340d8eb2,14dd262c-168d-4c15-9c82-e61e89f22e8b,417,-886.23,118.16,323.73,26.47,-19.08,-7.91
b848b144-29b6-4f35-a494-52d2340d8eb2,14dd262c-168d-4c15-9c82-e61e89f22e8b,418,-891.6,188.96,204.59,44.19,-33.92,-5.8
b848b144-29b6-4f35-a494-52d2340d8eb2,14dd262c-168d-4c15-9c82-e61e89f22e8b,419,-948.73,286.13,384.28,47.27,-46.46,-20.05
b848b144-29b6-4f35-a494-52d2340d8eb2,14dd262c-168d-4c15-9c82-e61e89f22e8b,420,-931.15,272.95,462.4,42.06,-52.09,-33.04
b848b144-29b6-4f35-a494-52d2340d8eb2,14dd262c-168d-4c15-9c82-e61e89f22e8b,421,-845.7,298.34,459.96,40.73,-70.99,-46.89
b848b144-29b6-4f35-a494-52d2340d8eb2,14dd262c-168d-4c15-9c82-e61e89f22e8b,422,-736.82,141.11,495.61,52.92,-65.69,-51.6
b848b144-29b6-4f35-a494-52d2340d8eb2,14dd262c-168d-4c15-9c82-e61e89f22e8b,423,-784.67,156.25,466.8,50.63,-82.47,-43.71
b848b144-29b6-4f35-a494-52d2340d8eb2,14dd262c-168d-4c15-9c82-e61e89f22e8b,424,-713.87,95.21,528.32,43.53,-77.77,-48.45
b848b144-29b6-4f35-a494-52d2340d8eb2,14dd262c-168d-4c15-9c82-e61e89f22e8b,425,-804.2,126.95,472.66,22.39,-101.74,-47.34
b848b144-29b6-4f35-a494-52d2340d8eb2,14dd262c-168d-4c15-9c82-e61e89f22e8b,426,-743.16,29.79,705.08,23.68,-111.3,-52.24
b848b144-29b6-4f35-a494-52d2340d8eb2,14dd262c-168d-4c15-9c82-e61e89f22e8b,427,-754.39,-4.39,669.43,-1.15,-100.78,-57.04
b848b144-29b6-4f35-a494-52d2340d8eb2,14dd262c-168d-4c15-9c82-e61e89f22e8b,428,-608.4,47.85,676.27,-0.56,-123.38,-52.93
b848b144-29b6-4f35-a494-52d2340d8eb2,14dd262c-168d-4c15-9c82-e61e89f22e8b,429,-487.3,-115.23,914.06,-22.63,-109.47,-52.98
b848b144-29b6-4f35-a494-52d2340d8eb2,14dd262c-168d-4c15-9c82-e61e89f22e8b,430,-663.09,-94.24,850.1,14.55,-91.79,-51.44
b848b144-29b6-4f35-a494-52d2340d8eb2,14dd262c-168d-4c15-9c82-e61e89f22e8b,431,-369.14,-20.02,812.5,28.85,-122.82,-47.28
b848b144-29b6-4f35-a494-52d2340d8eb2,14dd262c-168d-4c15-9c82-e61e89f22e8b,432,-309.08,-29.3,1070.31,6.41,-100.02,-49.97
b848b144-29b6-4f35-a494-52d2340d8eb2,14dd262c-168d-4c15-9c82-e61e89f22e8b,433,-441.41,30.76,939.94,24.86,-88.46,-54.64
b848b144-29b6-4f35-a494-52d2340d8eb2,14dd262c-168d-4c15-9c82-e61e89f22e8b,434,-401.37,100.1,966.8,9.18,-107.66,-61.86
b848b144-29b6-4f35-a494-52d2340d8eb2,14dd262c-168d-4c15-9c82-e61e89f22e8b,435,-94.24,58.11,1013.18,9.94,-121.5,-75.78
b848b144-29b6-4f35-a494-52d2340d8eb2,14dd262c-168d-4c15-9c82-e61e89f22e8b,436,-71.78,85.94,981.45,2.62,-103.72,-83.24
b848b144-29b6-4f35-a494-52d2340d8eb2,14dd262c-168d-4c15-9c82-e61e89f22e8b,437,-26.86,-19.53,1049.32,-8.9,-90.09,-83.85
b848b144-29b6-4f35-a494-52d2340d8eb2,14dd262c-168d-4c15-9c82-e61e89f22e8b,438,120.61,-116.7,1095.21,-7.15,-79.95,-84.66
b848b144-29b6-4f35-a494-52d2340d8eb2,14dd262c-168d-4c15-9c82-e61e89f22e8b,439,9.28,-270.02,1025.39,9.57,-77.46,-70.63
b848b144-29b6-4f35-a494-52d2340d8eb2,14dd262c-168d-4c15-9c82-e61e89f22e8b,440,50.78,-189.94,1039.06,8.44,-85.47,-48.95
b848b144-29b6-4f35-a494-52d2340d8eb2,14dd262c-168d-4c15-9c82-e61e89f22e8b,441,146.97,-208.98,1124.51,-21.32,-67.34,-39.26
b848b144-29b6-4f35-a494-52d2340d8eb2,14dd262c-168d-4c15-9c82-e61e89f22e8b,442,243.65,-154.79,1125.98,-28.14,-50.17,-31.21
b848b144-29b6-4f35-a494-52d2340d8eb2,14dd262c-168d-4c15-9c82-e61e89f22e8b,443,229.98,-255.37,1178.71,-21.01,-39.61,-29.47
b848b144-29b6-4f35-a494-52d2340d8eb2,14dd262c-168d-4c15-9c82-e61e89f22e8b,444,218.75,-172.36,1110.35,-8.22,-26.82,-25.02
b848b144-29b6-4f35-a494-52d2340d8eb2,14dd262c-168d-4c15-9c82-e61e89f22e8b,445,123.05,-128.91,1041.99,-13.46,-22.76,-25.61
b848b144-29b6-4f35-a494-52d2340d8eb2,14dd262c-168d-4c15-9c82-e61e89f22e8b,446,234.86,-139.16,985.35,-2.72,-28.64,-24.13
b848b144-29b6-4f35-a494-52d2340d8eb2,14dd262c-168d-4c15-9c82-e61e89f22e8b,447,203.12,-47.36,941.89,-2.22,-28.71,-25.87
b848b144-29b6-4f35-a494-52d2340d8eb2,14dd262c-168d-4c15-9c82-e61e89f22e8b,448,157.71,-102.54,910.16,6.05,-32.35,-26.91
b848b144-29b6-4f35-a494-52d2340d8eb2,14dd262c-168d-4c15-9c82-e61e89f22e8b,449,244.63,-59.08,936.04,2.18,-28.41,-32.18
b848b144-29b6-4f35-a494-52d2340d8eb2,14dd262c-168d-4c15-9c82-e61e89f22e8b,450,349.61,-212.4,1049.8,4.93,-65.73,-25.25
b848b144-29b6-4f35-a494-52d2340d8eb2,14dd262c-168d-4c15-9c82-e61e89f22e8b,451,323.73,4.88,1111.82,-22.66,-25.67,-15.81
b848b144-29b6-4f35-a494-52d2340d8eb2,14dd262c-168d-4c15-9c82-e61e89f22e8b,452,286.62,-199.71,1108.4,-0.09,-21.26,-20.24
b848b144-29b6-4f35-a494-52d2340d8eb2,14dd262c-168d-4c15-9c82-e61e89f22e8b,453,318.36,-189.94,980.47,11.15,-8.36,-17.33
b848b144-29b6-4f35-a494-52d2340d8eb2,14dd262c-168d-4c15-9c82-e61e89f22e8b,454,308.59,-199.71,938.48,11.45,-3.69,1.27
b848b144-29b6-4f35-a494-52d2340d8eb2,14dd262c-168d-4c15-9c82-e61e89f22e8b,455,335.94,-243.16,998.54,9.14,-7.66,12.14
b848b144-29b6-4f35-a494-52d2340d8eb2,14dd262c-168d-4c15-9c82-e61e89f22e8b,456,366.7,-144.04,1056.64,16.66,-4.35,11.06
b848b144-29b6-4f35-a494-52d2340d8eb2,14dd262c-168d-4c15-9c82-e61e89f22e8b,457,366.21,19.04,1062.99,0.2,9.84,13.18
b848b144-29b6-4f35-a494-52d2340d8eb2,14dd262c-168d-4c15-9c82-e61e89f22e8b,458,385.74,-57.62,1044.43,-16.99,23.72,26.44
b848b144-29b6-4f35-a494-52d2340d8eb2,14dd262c-168d-4c15-9c82-e61e89f22e8b,459,376.46,-248.05,1095.7,-4.72,35.11,34.24
b848b144-29b6-4f35-a494-52d2340d8eb2,14dd262c-168d-4c15-9c82-e61e89f22e8b,460,382.81,-298.83,1132.81,-10.58,54.47,60.61
b848b144-29b6-4f35-a494-52d2340d8eb2,14dd262c-168d-4c15-9c82-e61e89f22e8b,461,343.75,-202.15,1133.79,-9.78,77.23,66.63
b848b144-29b6-4f35-a494-52d2340d8eb2,14dd262c-168d-4c15-9c82-e61e89f22e8b,462,321.78,-187.5,1078.61,-33.29,81.24,87.53
b848b144-29b6-4f35-a494-52d2340d8eb2,14dd262c-168d-4c15-9c82-e61e89f22e8b,463,199.22,-272.95,1121.58,-36.07,104.51,90.37
b848b144-29b6-4f35-a494-52d2340d8eb2,14dd262c-168d-4c15-9c82-e61e89f22e8b,464,240.23,-149.9,1035.16,-19.2,112.11,95.05
b848b144-29b6-4f35-a494-52d2340d8eb2,14dd262c-168d-4c15-9c82-e61e89f22e8b,465,72.27,-234.86,1052.25,-26.43,121.69,93.42
b848b144-29b6-4f35-a494-52d2340d8eb2,14dd262c-168d-4c15-9c82-e61e89f22e8b,466,-21,-244.14,994.14,-4.47,129.37,95.13
b848b144-29b6-4f35-a494-52d2340d8eb2,14dd262c-168d-4c15-9c82-e61e89f22e8b,467,-96.19,-171.87,943.85,-18.7,124.68,105.05
b848b144-29b6-4f35-a494-52d2340d8eb2,14dd262c-168d-4c15-9c82-e61e89f22e8b,468,-379.88,-190.43,889.65,-25.59,127.92,93.63
b848b144-29b6-4f35-a494-52d2340d8eb2,14dd262c-168d-4c15-9c82-e61e89f22e8b,469,-229.98,-134.28,877.44,-13.58,99.46,94.27
b848b144-29b6-4f35-a494-52d2340d8eb2,14dd262c-168d-4c15-9c82-e61e89f22e8b,470,-420.41,-127.93,858.89,-30.92,101.05,96.28
b848b144-29b6-4f35-a494-52d2340d8eb2,14dd262c-168d-4c15-9c82-e61e89f22e8b,471,-486.33,-143.55,778.32,-16.19,108.1,94.62
b848b144-29b6-4f35-a494-52d2340d8eb2,14dd262c-168d-4c15-9c82-e61e89f22e8b,472,-509.28,-46.39,815.92,-8.92,95.89,78.29
b848b144-29b6-4f35-a494-52d2340d8eb2,14dd262c-168d-4c15-9c82-e61e89f22e8b,473,-516.11,2.44,804.2,7.38,99.46,70.97
b848b144-29b6-4f35-a494-52d2340d8eb2,14dd262c-168d-4c15-9c82-e61e89f22e8b,474,-590.33,25.88,790.53,-9.74,98.11,62.02
b848b144-29b6-4f35-a494-52d2340d8eb2,14dd262c-168d-4c15-9c82-e61e89f22e8b,475,-723.14,21.97,726.07,-44.8,93.84,55.34
b848b144-29b6-4f35-a494-52d2340d8eb2,14dd262c-168d-4c15-9c82-e61e89f22e8b,476,-703.12,-16.11,616.21,-12.89,79.98,42.32
b848b144-29b6-4f35-a494-52d2340d8eb2,14dd262c-168d-4c15-9c82-e61e89f22e8b,477,-786.62,-3.42,576.17,-17.99,77.85,43.77
b848b144-29b6-4f35-a494-52d2340d8eb2,14dd262c-168d-4c15-9c82-e61e89f22e8b,478,-885.74,-54.69,562.01,-9.59,77.07,38.38
b848b144-29b6-4f35-a494-52d2340d8eb2,14dd262c-168d-4c15-9c82-e61e89f22e8b,479,-804.69,40.04,556.15,-22.36,62.49,32.92
b848b144-29b6-4f35-a494-52d2340d8eb2,14dd262c-168d-4c15-9c82-e61e89f22e8b,480,-919.92,25.88,555.18,-25.06,70.14,30.95
b848b144-29b6-4f35-a494-52d2340d8eb2,14dd262c-168d-4c15-9c82-e61e89f22e8b,481,-807.13,-63.96,495.12,-21.76,58.32,30.81
b848b144-29b6-4f35-a494-52d2340d8eb2,14dd262c-168d-4c15-9c82-e61e89f22e8b,482,-940.43,24.9,324.22,-31.5,52.5,23.6
b848b144-29b6-4f35-a494-52d2340d8eb2,14dd262c-168d-4c15-9c82-e61e89f22e8b,483,-879.88,90.82,326.66,-30,31.98,28.24
b848b144-29b6-4f35-a494-52d2340d8eb2,14dd262c-168d-4c15-9c82-e61e89f22e8b,484,-816.41,18.07,392.58,-42.23,31.33,29.12
b848b144-29b6-4f35-a494-52d2340d8eb2,14dd262c-168d-4c15-9c82-e61e89f22e8b,485,-929.69,56.15,286.13,-40.62,23.09,26.51
b848b144-29b6-4f35-a494-52d2340d8eb2,14dd262c-168d-4c15-9c82-e61e89f22e8b,486,-893.07,104.49,213.87,-41.79,9.44,22.13
b848b144-29b6-4f35-a494-52d2340d8eb2,14dd262c-168d-4c15-9c82-e61e89f22e8b,487,-969.73,81.05,351.07,-42.26,-0.26,22.05
b848b144-29b6-4f35-a494-52d2340d8eb2,14dd262c-168d-4c15-9c82-e61e89f22e8b,488,-917.48,3.42,290.53,-34.42,-10.54,18.56
b848b144-29b6-4f35-a494-52d2340d8eb2,14dd262c-168d-4c15-9c82-e61e89f22e8b,489,-929.69,8.3,384.77,-12.19,-11.18,20.59
b848b144-29b6-4f35-a494-52d2340d8eb2,14dd262c-168d-4c15-9c82-e61e89f22e8b,490,-916.5,64.45,364.26,-15.2,-7.5,17.42
b848b144-29b6-4f35-a494-52d2340d8eb2,14dd262c-168d-4c15-9c82-e61e89f22e8b,491,-938.48,139.65,293.46,-32.84,-33.02,16.53
b848b144-29b6-4f35-a494-52d2340d8eb2,14dd262c-168d-4c15-9c82-e61e89f22e8b,492,-898.93,-8.3,394.04,-27.53,-24.66,14.31
b848b144-29b6-4f35-a494-52d2340d8eb2,14dd262c-168d-4c15-9c82-e61e89f22e8b,493,-845.7,78.61,268.07,-24.27,-53.36,21.88
b848b144-29b6-4f35-a494-52d2340d8eb2,14dd262c-168d-4c15-9c82-e61e89f22e8b,494,-859.37,22.46,454.59,-15.98,-46.52,16.12
b848b144-29b6-4f35-a494-52d2340d8eb2,14dd262c-168d-4c15-9c82-e61e89f22e8b,495,-958.5,107.42,376.95,-19.87,-62.61,12.4
b848b144-29b6-4f35-a494-52d2340d8eb2,14dd262c-168d-4c15-9c82-e61e89f22e8b,496,-828.12,133.3,437.99,-29.32,-82.51,6.85
b848b144-29b6-4f35-a494-52d2340d8eb2,14dd262c-168d-4c15-9c82-e61e89f22e8b,497,-834.47,1.46,598.63,-10.67,-80.71,2.98
b848b144-29b6-4f35-a494-52d2340d8eb2,14dd262c-168d-4c15-9c82-e61e89f22e8b,498,-759.28,64.45,459.96,-7.83,-96.27,-0.66
b848b144-29b6-4f35-a494-52d2340d8eb2,14dd262c-168d-4c15-9c82-e61e89f22e8b,499,-684.08,86.43,696.78,9.12,-94.47,-9.28
b848b144-29b6-4f35-a494-52d2340d8eb2,14dd262c-168d-4c15-9c82-e61e89f22e8b,500,-669.92,80.08,732.42,1.34,-103.82,-9.66
b848b144-29b6-4f35-a494-52d2340d8eb2,14dd262c-168d-4c15-9c82-e61e89f22e8b,501,-652.34,78.61,745.61,14.66,-109.98,-19.82
b848b144-29b6-4f35-a494-52d2340d8eb2,14dd262c-168d-4c15-9c82-e61e89f22e8b,502,-567.38,129.88,836.43,13.64,-117.73,-17.14
b848b144-29b6-4f35-a494-52d2340d8eb2,14dd262c-168d-4c15-9c82-e61e89f22e8b,503,-464.36,58.59,806.15,-4.41,-120.49,-19.28
b848b144-29b6-4f35-a494-52d2340d8eb2,14dd262c-168d-4c15-9c82-e61e89f22e8b,504,-355.96,11.23,955.08,3.61,-111.18,-10.86
b848b144-29b6-4f35-a494-52d2340d8eb2,14dd262c-168d-4c15-9c82-e61e89f22e8b,505,-306.15,-10.74,1025.88,1.17,-106.53,-12.68
b848b144-29b6-4f35-a494-52d2340d8eb2,14dd262c-168d-4c15-9c82-e61e89f22e8b,506,-364.26,23.44,985.84,15.67,-92.21,-10.57
b848b144-29b6-4f35-a494-52d2340d8eb2,14dd262c-168d-4c15-9c82-e61e89f22e8b,507,-286.62,46.39,1005.86,3.28,-107.92,-5.21
b848b144-29b6-4f35-a494-52d2340d8eb2,14dd262c-168d-4c15-9c82-e61e89f22e8b,508,-187.5,12.21,1048.83,-4.66,-89.19,-11.14
b848b144-29b6-4f35-a494-52d2340d8eb2,14dd262c-168d-4c15-9c82-e61e89f22e8b,509,-122.07,8.79,1045.41,5.44,-88.93,-9.62
b848b144-29b6-4f35-a494-52d2340d8eb2,14dd262c-168d-4c15-9c82-e61e89f22e8b,510,-73.24,7.81,1057.62,-10.01,-75.51,-6.55
b848b144-29b6-4f35-a494-52d2340d8eb2,14dd262c-168d-4c15-9c82-e61e89f22e8b,511,-95.7,-49.32,1049.32,0.16,-80.14,0.11
b848b144-29b6-4f35-a494-52d2340d8eb2,14dd262c-168d-4c15-9c82-e61e89f22e8b,512,43.95,12.7,1034.18,-1.24,-76.98,3.69
b848b144-29b6-4f35-a494-52d2340d8eb2,14dd262c-168d-4c15-9c82-e61e89f22e8b,513,13.67,9.77,1109.38,3.62,-59.49,-0.05
b848b144-29b6-4f35-a494-52d2340d8eb2,14dd262c-168d-4c15-9c82-e61e89f22e8b,514,-1.46,116.7,1034.67,2.19,-61.04,-18.89
b848b144-29b6-4f35-a494-52d2340d8eb2,14dd262c-168d-4c15-9c82-e61e89f22e8b,515,80.57,21.97,1069.34,-6.34,-61.15,-8
b848b144-29b6-4f35-a494-52d2340d8eb2,14dd262c-168d-4c15-9c82-e61e89f22e8b,516,174.32,13.67,1046.39,3.06,-63.4,-12.06
b848b144-29b6-4f35-a494-52d2340d8eb2,14dd262c-168d-4c15-9c82-e61e89f22e8b,517,257.32,24.9,1035.64,-4.14,-51.71,-0.36
b848b144-29b6-4f35-a494-52d2340d8eb2,14dd262c-168d-4c15-9c82-e61e89f22e8b,518,81.05,-62.99,954.59,2.44,-56.9,-3.16
b848b144-29b6-4f35-a494-52d2340d8eb2,14dd262c-168d-4c15-9c82-e61e89f22e8b,519,281.25,16.6,1029.3,-0.07,-43.91,6.17
b848b144-29b6-4f35-a494-52d2340d8eb2,14dd262c-168d-4c15-9c82-e61e89f22e8b,520,298.34,34.67,1062.99,0,-37.76,7.73
b848b144-29b6-4f35-a494-52d2340d8eb2,14dd262c-168d-4c15-9c82-e61e89f22e8b,521,237.3,65.43,1150.88,-2.12,-23.72,5.6
b848b144-29b6-4f35-a494-52d2340d8eb2,14dd262c-168d-4c15-9c82-e61e89f22e8b,522,274.9,90.33,1183.11,-5.64,-12.03,-3.52
b848b144-29b6-4f35-a494-52d2340d8eb2,14dd262c-168d-4c15-9c82-e61e89f22e8b,523,319.34,79.1,1166.02,-7.27,3.96,-10.33
b848b144-29b6-4f35-a494-52d2340d8eb2,14dd262c-168d-4c15-9c82-e61e89f22e8b,524,315.43,34.67,1176.27,-18.73,23.99,-12.79
b848b144-29b6-4f35-a494-52d2340d8eb2,14dd262c-168d-4c15-9c82-e61e89f22e8b,525,330.57,-22.46,1152.83,-15.16,42.73,-5.3
b848b144-29b6-4f35-a494-52d2340d8eb2,14dd262c-168d-4c15-9c82-e61e89f22e8b,526,298.83,-57.62,1204.1,-20.64,67.93,0.76
b848b144-29b6-4f35-a494-52d2340d8eb2,14dd262c-168d-4c15-9c82-e61e89f22e8b,527,267.09,-95.21,1199.22,-8.82,88.82,1.8
b848b144-29b6-4f35-a494-52d2340d8eb2,14dd262c-168d-4c15-9c82-e61e89f22e8b,528,207.03,-71.78,1102.54,-13.89,119.07,24.46
b848b144-29b6-4f35-a494-52d2340d8eb2,14dd262c-168d-4c15-9c82-e61e89f22e8b,529,64.45,-48.83,1113.28,-7.07,133.99,20.01
b848b144-29b6-4f35-a494-52d2340d8eb2,14dd262c-168d-4c15-9c82-e61e89f22e8b,530,-15.14,-72.75,1052.25,-13.6,136.92,26.99
b848b144-29b6-4f35-a494-52d2340d8eb2,14dd262c-168d-4c15-9c82-e61e89f22e8b,531,-87.89,-45.41,1034.18,-8.37,132.63,26.59
b848b144-29b6-4f35-a494-52d2340d8eb2,14dd262c-168d-4c15-9c82-e61e89f22e8b,532,-153.32,-44.43,994.63,-11.51,130.77,23.72
b848b144-29b6-4f35-a494-52d2340d8eb2,14dd262c-168d-4c15-9c82-e61e89f22e8b,533,-232.91,-39.55,947.27,-0.69,131.63,32.8
b848b144-29b6-4f35-a494-52d2340d8eb2,14dd262c-168d-4c15-9c82-e61e89f22e8b,534,-296.39,-7.32,938.96,1.91,136.16,28.68
b848b144-29b6-4f35-a494-52d2340d8eb2,14dd262c-168d-4c15-9c82-e61e89f22e8b,535,-415.04,14.65,866.7,13.82,138.38,13.23
b848b144-29b6-4f35-a494-52d2340d8eb2,14dd262c-168d-4c15-9c82-e61e89f22e8b,536,-513.67,30.76,815.92,11.9,128.39,16.94
b848b144-29b6-4f35-a494-52d2340d8eb2,14dd262c-168d-4c15-9c82-e61e89f22e8b,537,-489.75,-36.62,775.88,23.45,118.23,6.98
b848b144-29b6-4f35-a494-52d2340d8eb2,14dd262c-168d-4c15-9c82-e61e89f22e8b,538,-627.44,61.04,702.15,-1.8,117.61,12.67
b848b144-29b6-4f35-a494-52d2340d8eb2,14dd262c-168d-4c15-9c82-e61e89f22e8b,539,-629.88,30.76,652.34,14.48,116,6.87
b848b144-29b6-4f35-a494-52d2340d8eb2,14dd262c-168d-4c15-9c82-e61e89f22e8b,540,-793.46,78.12,590.82,-1.34,94.58,9.21
b848b144-29b6-4f35-a494-52d2340d8eb2,14dd262c-168d-4c15-9c82-e61e89f22e8b,541,-854,66.89,475.1,0.89,90.1,11.73
b848b144-29b6-4f35-a494-52d2340d8eb2,14dd262c-168d-4c15-9c82-e61e89f22e8b,542,-896.97,67.38,458.01,13.7,73.71,-2.69
b848b144-29b6-4f35-a494-52d2340d8eb2,14dd262c-168d-4c15-9c82-e61e89f22e8b,543,-869.14,61.04,529.3,24.83,72.82,-3.82
b848b144-29b6-4f35-a494-52d2340d8eb2,14dd262c-168d-4c15-9c82-e61e89f22e8b,544,-866.7,72.27,450.2,1.4,59.11,-3.11
b848b144-29b6-4f35-a494-52d2340d8eb2,14dd262c-168d-4c15-9c82-e61e89f22e8b,545,-875,-1.95,488.28,12.6,60.18,-2.46
b848b144-29b6-4f35-a494-52d2340d8eb2,14dd262c-168d-4c15-9c82-e61e89f22e8b,546,-939.94,74.22,379.88,-7.44,53.79,-1.44
b848b144-29b6-4f35-a494-52d2340d8eb2,14dd262c-168d-4c15-9c82-e61e89f22e8b,547,-872.07,40.53,369.63,5.77,44.03,0.6
b848b144-29b6-4f35-a494-52d2340d8eb2,14dd262c-168d-4c15-9c82-e61e89f22e8b,548,-875.49,-22.95,509.77,5.85,60.6,3.11
b848b144-29b6-4f35-a494-52d2340d8eb2,14dd262c-168d-4c15-9c82-e61e89f22e8b,549,-971.19,99.61,252.93,-20.31,38.11,5.13
b848b144-29b6-4f35-a494-52d2340d8eb2,14dd262c-168d-4c15-9c82-e61e89f22e8b,550,-917.48,63.48,187.01,-1.89,34.66,3.28
b848b144-29b6-4f35-a494-52d2340d8eb2,14dd262c-168d-4c15-9c82-e61e89f22e8b,551,-921.87,-29.3,227.54,10.3,25.04,0.32
b848b144-29b6-4f35-a494-52d2340d8eb2,14dd262c-168d-4c15-9c82-e61e89f22e8b,552,-901.86,87.4,139.16,0.63,9.65,7.6
b848b144-29b6-4f35-a494-52d2340d8eb2,14dd262c-168d-4c15-9c82-e61e89f22e8b,553,-905.76,122.56,149.9,-1.75,-8.25,4.51
b848b144-29b6-4f35-a494-52d2340d8eb2,14dd262c-168d-4c15-9c82-e61e89f22e8b,554,-912.11,88.38,241.7,-17.33,-24.53,6.44
b848b144-29b6-4f35-a494-52d2340d8eb2,14dd262c-168d-4c15-9c82-e61e89f22e8b,555,-970.21,51.27,204.59,-17.84,-34.06,4.97
b848b144-29b6-4f35-a494-52d2340d8eb2,14dd262c-168d-4c15-9c82-e61e89f22e8b,556,-897.46,108.89,209.96,-6.66,-44.39,2.68
b848b144-29b6-4f35-a494-52d2340d8eb2,14dd262c-168d-4c15-9c82-e61e89f22e8b,557,-929.2,80.57,331.05,12.29,-57.98,3.54
b848b144-29b6-4f35-a494-52d2340d8eb2,14dd262c-168d-4c15-9c82-e61e89f22e8b,558,-848.63,132.81,258.79,1.77,-73.34,5.97
b848b144-29b6-4f35-a494-52d2340d8eb2,14dd262c-168d-4c15-9c82-e61e89f22e8b,559,-909.67,117.68,323.73,7.34,-79.54,3.44
b848b144-29b6-4f35-a494-52d2340d8eb2,14dd262c-168d-4c15-9c82-e61e89f22e8b,560,-766.11,102.05,428.22,-10.14,-100.21,6.06
b848b144-29b6-4f35-a494-52d2340d8eb2,14dd262c-168d-4c15-9c82-e61e89f22e8b,561,-798.83,7.32,567.38,2.63,-86.79,0.74
b848b144-29b6-4f35-a494-52d2340d8eb2,14dd262c-168d-4c15-9c82-e61e89f22e8b,562,-917.48,116.21,495.12,4.24,-104.9,1.17
b848b144-29b6-4f35-a494-52d2340d8eb2,14dd262c-168d-4c15-9c82-e61e89f22e8b,563,-712.4,80.08,678.22,-7.74,-118.34,-10.17
b848b144-29b6-4f35-a494-52d2340d8eb2,14dd262c-168d-4c15-9c82-e61e89f22e8b,564,-760.25,56.15,750.49,-1.16,-116.72,-14.98
b848b144-29b6-4f35-a494-52d2340d8eb2,14dd262c-168d-4c15-9c82-e61e89f22e8b,565,-582.52,68.85,785.64,-4.06,-120.8,-10.94
b848b144-29b6-4f35-a494-52d2340d8eb2,14dd262c-168d-4c15-9c82-e61e89f22e8b,566,-481.93,68.36,880.86,5.89,-118.44,-8.05
b848b144-29b6-4f35-a494-52d2340d8eb2,14dd262c-168d-4c15-9c82-e61e89f22e8b,567,-473.14,56.64,886.72,-2.73,-113.17,-7.47
b848b144-29b6-4f35-a494-52d2340d8eb2,14dd262c-168d-4c15-9c82-e61e89f22e8b,568,-491.7,19.53,912.11,-11.68,-113.11,-7.79
b848b144-29b6-4f35-a494-52d2340d8eb2,14dd262c-168d-4c15-9c82-e61e89f22e8b,569,-389.16,61.52,949.22,-0.47,-119.58,-15.63
b848b144-29b6-4f35-a494-52d2340d8eb2,14dd262c-168d-4c15-9c82-e61e89f22e8b,570,-207.03,49.32,953.61,-1.47,-117.93,-17.3
b848b144-29b6-4f35-a494-52d2340d8eb2,14dd262c-168d-4c15-9c82-e61e89f22e8b,571,-270.02,-37.11,1021.97,4.25,-122.31,-15.1
b848b144-29b6-4f35-a494-52d2340d8eb2,14dd262c-168d-4c15-9c82-e61e89f22e8b,572,-112.79,39.55,930.18,28.14,-117.37,-5.85
b848b144-29b6-4f35-a494-52d2340d8eb2,14dd262c-168d-4c15-9c82-e61e89f22e8b,573,-33.2,107.91,1018.55,6.18,-106.96,-5.08
b848b144-29b6-4f35-a494-52d2340d8eb2,14dd262c-168d-4c15-9c82-e61e89f22e8b,574,-73.73,101.56,1112.79,10.88,-106.46,-19.4
b848b144-29b6-4f35-a494-52d2340d8eb2,14dd262c-168d-4c15-9c82-e61e89f22e8b,575,120.12,138.18,1098.14,0.79,-104.53,-16.38
b848b144-29b6-4f35-a494-52d2340d8eb2,14dd262c-168d-4c15-9c82-e61e89f22e8b,576,-24.41,11.72,1134.28,-1.33,-92.63,-31.76
b848b144-29b6-4f35-a494-52d2340d8eb2,14dd262c-168d-4c15-9c82-e61e89f22e8b,577,146.97,4.88,1153.32,19.04,-76.05,-17.53
b848b144-29b6-4f35-a494-52d2340d8eb2,14dd262c-168d-4c15-9c82-e61e89f22e8b,578,211.91,10.25,1137.7,5.27,-70.83,-10.37
b848b144-29b6-4f35-a494-52d2340d8eb2,14dd262c-168d-4c15-9c82-e61e89f22e8b,579,166.5,97.66,1124.02,17.24,-42.02,-11.83
b848b144-29b6-4f35-a494-52d2340d8eb2,14dd262c-168d-4c15-9c82-e61e89f22e8b,580,241.21,64.45,1099.61,2.32,-36.73,-3.18
b848b144-29b6-4f35-a494-52d2340d8eb2,14dd262c-168d-4c15-9c82-e61e89f22e8b,581,231.45,99.61,1109.86,6.18,-23.27,-7.75
b848b144-29b6-4f35-a494-52d2340d8eb2,14dd262c-168d-4c15-9c82-e61e89f22e8b,582,153.81,116.7,1028.32,5.02,-8.98,-7.27
b848b144-29b6-4f35-a494-52d2340d8eb2,14dd262c-168d-4c15-9c82-e61e89f22e8b,583,245.61,119.14,1024.41,-1.32,-11.8,-2.06
b848b144-29b6-4f35-a494-52d2340d8eb2,14dd262c-168d-4c15-9c82-e61e89f22e8b,584,249.51,55.66,1017.09,0.11,-5.11,-7.53
b848b144-29b6-4f35-a494-52d2340d8eb2,14dd262c-168d-4c15-9c82-e61e89f22e8b,585,237.3,61.52,995.12,-0.24,-2.06,-2.68
b848b144-29b6-4f35-a494-52d2340d8eb2,14dd262c-168d-4c15-9c82-e61e89f22e8b,586,267.09,53.22,1007.32,-0.16,-4,1.69
b848b144-29b6-4f35-a494-52d2340d8eb2,14dd262c-168d-4c15-9c82-e61e89f22e8b,587,231.45,101.07,977.05,3.5,-4.3,0.11
b848b144-29b6-4f35-a494-52d2340d8eb2,14dd262c-168d-4c15-9c82-e61e89f22e8b,588,290.53,77.15,1043.95,1.18,-3.25,-2.27
b848b144-29b6-4f35-a494-52d2340d8eb2,14dd262c-168d-4c15-9c82-e61e89f22e8b,589,331.54,79.59,1027.83,4.45,-3.13,-3.56
b848b144-29b6-4f35-a494-52d2340d8eb2,14dd262c-168d-4c15-9c82-e61e89f22e8b,590,138.18,58.59,1015.62,6.64,13.89,-0.4
b848b144-29b6-4f35-a494-52d2340d8eb2,14dd262c-168d-4c15-9c82-e61e89f22e8b,591,217.29,98.63,1006.84,12.02,4.47,3.07
b848b144-29b6-4f35-a494-52d2340d8eb2,14dd262c-168d-4c15-9c82-e61e89f22e8b,592,180.66,113.77,996.58,8.24,7.27,2.31
b848b144-29b6-4f35-a494-52d2340d8eb2,14dd262c-168d-4c15-9c82-e61e89f22e8b,593,125.49,195.8,989.26,11.92,6.77,7.27
b848b144-29b6-4f35-a494-52d2340d8eb2,14dd262c-168d-4c15-9c82-e61e89f22e8b,594,227.05,182.62,967.77,12.84,2.57,-4.14
b848b144-29b6-4f35-a494-52d2340d8eb2,14dd262c-168d-4c15-9c82-e61e89f22e8b,595,203.61,204.1,964.84,15.27,-4.5,-6.1
b848b144-29b6-4f35-a494-52d2340d8eb2,14dd262c-168d-4c15-9c82-e61e89f22e8b,596,208.01,190.92,979.49,10.52,-4.18,-6.66
b848b144-29b6-4f35-a494-52d2340d8eb2,14dd262c-168d-4c15-9c82-e61e89f22e8b,597,204.59,159.67,972.66,3.02,3.09,-10.63
b848b144-29b6-4f35-a494-52d2340d8eb2,14dd262c-168d-4c15-9c82-e61e89f22e8b,598,187.01,105.96,988.77,-11.28,5.28,-1.68
b848b144-29b6-4f35-a494-52d2340d8eb2,14dd262c-168d-4c15-9c82-e61e89f22e8b,599,123.05,133.3,993.65,-1.79,1.95,-2.65
b848b144-29b6-4f35-a494-52d2340d8eb2,14dd262c-168d-4c15-9c82-e61e89f22e8b,600,151.86,95.7,997.56,4.88,-6.15,0.71
b848b144-29b6-4f35-a494-52d2340d8eb2,14dd262c-168d-4c15-9c82-e61e89f22e8b,601,181.64,143.07,1001.95,9.31,-5.15,1.95
b848b144-29b6-4f35-a494-52d2340d8eb2,14dd262c-168d-4c15-9c82-e61e89f22e8b,602,203.61,121.58,968.75,4.28,-9.97,1.11
b848b144-29b6-4f35-a494-52d2340d8eb2,14dd262c-168d-4c15-9c82-e61e89f22e8b,603,187.01,146.48,956.54,1.71,-11.72,-0.71
b848b144-29b6-4f35-a494-52d2340d8eb2,14dd262c-168d-4c15-9c82-e61e89f22e8b,604,242.19,116.7,978.52,2.95,-21.13,0.16
b848b144-29b6-4f35-a494-52d2340d8eb2,14dd262c-168d-4c15-9c82-e61e89f22e8b,605,210.45,112.79,942.87,7.26,-15.64,-0.47
b848b144-29b6-4f35-a494-52d2340d8eb2,14dd262c-168d-4c15-9c82-e61e89f22e8b,606,343.26,128.91,970.7,12.17,-21.66,3.28
b848b144-29b6-4f35-a494-52d2340d8eb2,14dd262c-168d-4c15-9c82-e61e89f22e8b,607,313.96,163.57,985.35,3.73,-11.42,6.85
b848b144-29b6-4f35-a494-52d2340d8eb2,14dd262c-168d-4c15-9c82-e61e89f22e8b,608,258.79,190.43,988.28,2.32,-2.02,7.56
b848b144-29b6-4f35-a494-52d2340d8eb2,14dd262c-168d-4c15-9c82-e61e89f22e8b,609,346.19,165.53,984.86,2.27,-12.3,5.82
b848b144-29b6-4f35-a494-52d2340d8eb2,14dd262c-168d-4c15-9c82-e61e89f22e8b,610,338.87,150.39,1015.62,5.21,-0.57,6.39
b848b144-29b6-4f35-a494-52d2340d8eb2,14dd262c-168d-4c15-9c82-e61e89f22e8b,611,294.92,237.79,985.84,8.05,1.43,4.21
b848b144-29b6-4f35-a494-52d2340d8eb2,14dd262c-168d-4c15-9c82-e61e89f22e8b,612,329.59,159.18,993.16,-1.7,1.1,-2.21
b848b144-29b6-4f35-a494-52d2340d8eb2,14dd262c-168d-4c15-9c82-e61e89f22e8b,613,297.36,174.32,978.52,7.63,12.24,0.84
b848b144-29b6-4f35-a494-52d2340d8eb2,14dd262c-168d-4c15-9c82-e61e89f22e8b,614,275.39,191.89,987.79,6.6,6.95,-2.63
b848b144-29b6-4f35-a494-52d2340d8eb2,14dd262c-168d-4c15-9c82-e61e89f22e8b,615,252.93,165.53,964.36,10.47,9.15,-1.81
b848b144-29b6-4f35-a494-52d2340d8eb2,14dd262c-168d-4c15-9c82-e61e89f22e8b,616,240.72,181.15,955.08,7.08,8.53,1.87
b848b144-29b6-4f35-a494-52d2340d8eb2,14dd262c-168d-4c15-9c82-e61e89f22e8b,617,255.86,198.73,965.33,6.15,4.55,-0.16
b848b144-29b6-4f35-a494-52d2340d8eb2,14dd262c-168d-4c15-9c82-e61e89f22e8b,618,260.25,209.47,932.62,3.63,1.44,1.58
b848b144-29b6-4f35-a494-52d2340d8eb2,14dd262c-168d-4c15-9c82-e61e89f22e8b,619,264.16,223.14,943.36,0.78,1.04,3.69
b848b144-29b6-4f35-a494-52d2340d8eb2,14dd262c-168d-4c15-9c82-e61e89f22e8b,620,237.3,229.98,972.66,-2.19,-3.08,-3.85
b848b144-29b6-4f35-a494-52d2340d8eb2,14dd262c-168d-4c15-9c82-e61e89f22e8b,621,263.18,206.05,967.77,-3.92,-2.73,-2.27
b848b144-29b6-4f35-a494-52d2340d8eb2,14dd262c-168d-4c15-9c82-e61e89f22e8b,622,223.63,199.22,968.26,-1.6,0.08,-5.31
b848b144-29b6-4f35-a494-52d2340d8eb2,14dd262c-168d-4c15-9c82-e61e89f22e8b,623,243.65,211.43,967.29,-0.66,-0.09,-5.79
b848b144-29b6-4f35-a494-52d2340d8eb2,14dd262c-168d-4c15-9c82-e61e89f22e8b,624,256.35,182.13,970.7,-0.7,2.66,-5.8
b848b144-29b6-4f35-a494-52d2340d8eb2,14dd262c-168d-4c15-9c82-e61e89f22e8b,625,248.54,175.29,962.4,-3.55,-1.26,-1.29
b848b144-29b6-4f35-a494-52d2340d8eb2,14dd262c-168d-4c15-9c82-e61e89f22e8b,626,232.42,186.04,966.31,-5,-2.24,-1.08
b848b144-29b6-4f35-a494-52d2340d8eb2,14dd262c-168d-4c15-9c82-e61e89f22e8b,627,240.72,178.22,967.29,-3.81,-0.25,-0.31
b848b144-29b6-4f35-a494-52d2340d8eb2,14dd262c-168d-4c15-9c82-e61e89f22e8b,628,250,187.5,979.49,-3.4,-1.03,2.44
b848b144-29b6-4f35-a494-52d2340d8eb2,14dd262c-168d-4c15-9c82-e61e89f22e8b,629,258.3,196.78,977.05,-1.53,-2.85,1.69
b848b144-29b6-4f35-a494-52d2340d8eb2,14dd262c-168d-4c15-9c82-e61e89f22e8b,630,248.05,203.12,970.21,-1.96,-1.31,-0.4
b848b144-29b6-4f35-a494-52d2340d8eb2,14dd262c-168d-4c15-9c82-e61e89f22e8b,631,271,166.5,988.28,-4.52,-2.6,2.73
b848b144-29b6-4f35-a494-52d2340d8eb2,14dd262c-168d-4c15-9c82-e61e89f22e8b,632,262.7,182.62,969.24,2.24,-2.53,2.53
b848b144-29b6-4f35-a494-52d2340d8eb2,14dd262c-168d-4c15-9c82-e61e89f22e8b,633,268.07,194.34,987.79,-0.74,-2.82,-0.08
b848b144-29b6-4f35-a494-52d2340d8eb2,14dd262c-168d-4c15-9c82-e61e89f22e8b,634,259.77,194.82,958.98,2.11,0.4,0.29
b848b144-29b6-4f35-a494-52d2340d8eb2,14dd262c-168d-4c15-9c82-e61e89f22e8b,635,264.16,187.99,972.66,-2.31,-2.17,-3.4
b848b144-29b6-4f35-a494-52d2340d8eb2,14dd262c-168d-4c15-9c82-e61e89f22e8b,636,257.32,186.52,958.5,-2.08,1.06,-0.54
b848b144-29b6-4f35-a494-52d2340d8eb2,14dd262c-168d-4c15-9c82-e61e89f22e8b,637,247.56,197.75,978.03,-1.79,0.2,-1.39
b848b144-29b6-4f35-a494-52d2340d8eb2,14dd262c-168d-4c15-9c82-e61e89f22e8b,638,273.44,183.11,962.4,-1.29,-3.79,-1.18
b848b144-29b6-4f35-a494-52d2340d8eb2,14dd262c-168d-4c15-9c82-e61e89f22e8b,639,259.77,182.62,969.73,-3.86,-0.66,2.1
b848b144-29b6-4f35-a494-52d2340d8eb2,14dd262c-168d-4c15-9c82-e61e89f22e8b,640,256.84,192.38,991.21,-5.88,-1.41,0.92
b848b144-29b6-4f35-a494-52d2340d8eb2,14dd262c-168d-4c15-9c82-e61e89f22e8b,641,270.02,146,1003.42,-3.72,2.1,-1.1
b848b144-29b6-4f35-a494-52d2340d8eb2,14dd262c-168d-4c15-9c82-e61e89f22e8b,642,271.48,173.83,993.65,-0.44,2.61,-1.93
b848b144-29b6-4f35-a494-52d2340d8eb2,14dd262c-168d-4c15-9c82-e61e89f22e8b,643,287.11,187.01,999.02,1.26,4.74,-3.85
b848b144-29b6-4f35-a494-52d2340d8eb2,14dd262c-168d-4c15-9c82-e61e89f22e8b,644,264.16,147.46,981.93,3.56,8.6,-4.44
b848b144-29b6-4f35-a494-52d2340d8eb2,14dd262c-168d-4c15-9c82-e61e89f22e8b,645,237.79,217.29,974.61,3.11,6.95,-2.52
b848b144-29b6-4f35-a494-52d2340d8eb2,14dd262c-168d-4c15-9c82-e61e89f22e8b,646,244.63,124.02,1007.81,0.36,2.78,-0.53
b848b144-29b6-4f35-a494-52d2340d8eb2,14dd262c-168d-4c15-9c82-e61e89f22e8b,647,215.82,201.17,957.03,7.09,6.98,0.18
b848b144-29b6-4f35-a494-52d2340d8eb2,14dd262c-168d-4c15-9c82-e61e89f22e8b,648,207.03,181.64,977.54,4,9.28,-0.87
b848b144-29b6-4f35-a494-52d2340d8eb2,14dd262c-168d-4c15-9c82-e61e89f22e8b,649,208.98,212.89,953.61,6.63,2.12,-1.74
b848b144-29b6-4f35-a494-52d2340d8eb2,14dd262c-168d-4c15-9c82-e61e89f22e8b,650,213.38,225.1,951.66,-0.49,0.26,-1.86
b848b144-29b6-4f35-a494-52d2340d8eb2,14dd262c-168d-4c15-9c82-e61e89f22e8b,651,229,228.03,933.59,-3.41,-3.88,-6.35
b848b144-29b6-4f35-a494-52d2340d8eb2,14dd262c-168d-4c15-9c82-e61e89f22e8b,652,253.91,195.8,974.61,-8.88,-4.92,-8.21
b848b144-29b6-4f35-a494-52d2340d8eb2,14dd262c-168d-4c15-9c82-e61e89f22e8b,653,246.58,192.38,949.22,-11.79,-6.15,-6.71
b848b144-29b6-4f35-a494-52d2340d8eb2,14dd262c-168d-4c15-9c82-e61e89f22e8b,654,227.05,168.46,986.82,-4.16,-8.94,-10.29
b848b144-29b6-4f35-a494-52d2340d8eb2,14dd262c-168d-4c15-9c82-e61e89f22e8b,655,271.97,151.37,970.21,-2.25,-8.32,-4.81
b848b144-29b6-4f35-a494-52d2340d8eb2,14dd262c-168d-4c15-9c82-e61e89f22e8b,656,266.11,155.27,980.96,-9.31,-7.61,-1.45
b848b144-29b6-4f35-a494-52d2340d8eb2,14dd262c-168d-4c15-9c82-e61e89f22e8b,657,255.37,160.16,976.07,-6.47,-2.03,-0.5
b848b144-29b6-4f35-a494-52d2340d8eb2,14dd262c-168d-4c15-9c82-e61e89f22e8b,658,265.62,163.09,1014.16,-5.7,-3.2,-1.63
b848b144-29b6-4f35-a494-52d2340d8eb2,14dd262c-168d-4c15-9c82-e61e89f22e8b,659,259.28,155.27,982.91,-4.52,-0.53,3.92
b848b144-29b6-4f35-a494-52d2340d8eb2,14dd262c-168d-4c15-9c82-e61e89f22e8b,660,255.86,162.11,1002.93,-6.4,-2.46,-0.39
b848b144-29b6-4f35-a494-52d2340d8eb2,14dd262c-168d-4c15-9c82-e61e89f22e8b,661,249.51,171.39,976.56,-4.6,1.58,2.38
b848b144-29b6-4f35-a494-52d2340d8eb2,14dd262c-168d-4c15-9c82-e61e89f22e8b,662,263.67,198.24,968.75,-2.13,0.2,-1.37
b848b144-29b6-4f35-a494-52d2340d8eb2,14dd262c-168d-4c15-9c82-e61e89f22e8b,663,273.44,145.51,940.43,-3.03,2.66,-2.87
b848b144-29b6-4f35-a494-52d2340d8eb2,14dd262c-168d-4c15-9c82-e61e89f22e8b,664,279.3,180.18,944.34,-4.83,-5.79,-4.04
